,gmp_pc,gmp_pc_cpi,gmp_pc_real,gmp_structure_A,gmp_structure_B,gmp_structure_C,gmp_structure_D,gmp_structure_E,gmp_structure_F,gmp_structure_G,gmp_structure_H,gmp_structure_I,gmp_structure_J,gmp_structure_K,gmp_structure_L,gmp_structure_M,gmp_structure_N,gmp_structure_O,gmp_structure_P,gmp_structure_Q,gmp_structure_R,gmp_structure_S,gmp_structure_T,wage,wage_cpi,wage_real,payroll_pc,payroll_pc_cpi,shipped_pc,shipped_pc_cpi,invest_pc,invest_pc_cpi,invest_pc_nobudget,invest_pc_nobudget_cpi,invest_share,emp_share_A,emp_share_D,emp_share_G,emp_share_H,emp_share_K,emp_share_M,emp_share_O,emp_share_P,emp_share_Q,emp_share_R,lq_A,lq_D,lq_G,lq_H,lq_K,lq_M,lq_O,lq_P,lq_Q,lq_R,lq_ru_A,lq_ru_D,lq_ru_G,lq_ru_H,lq_ru_K,lq_ru_M,lq_ru_O,lq_ru_P,lq_ru_Q,lq_ru_R,hhi_emp,budget_own_share,pop,pop_growth,pop_growth_window,density,housing_pc,retail_pc,retail_pc_cpi,living_space_pc,preschool_coverage,clinics_per_10k,natural_growth,old_age_share
gmp_pc,1.0,0.9867379755297336,0.9665401619251418,-0.5060400024188754,0.44873557857481344,0.009792235601023942,0.15890056277348374,0.01771470981951334,0.2977531047534445,-0.19544598629750454,-0.0496688384412467,0.10860151138175542,-0.036865814062565394,-0.3802472121577618,-0.05999623181473867,-0.09933452709824964,0.06396262491850555,-0.5728355969418437,-0.6957803701749653,-0.5971881269946108,-0.4008346391689641,-0.022813065857231824,,0.8490474649279709,0.8724104217755853,0.8305604626721057,0.8874454190581262,0.8721148766257333,0.7956688615807639,0.780667418807313,0.7034950108140796,0.6912182744465818,0.6319948335625967,0.622130549068807,0.2300223611782928,-0.09309194177502338,0.10057153551074269,-0.0233021126571599,0.16760275432537716,-0.22051712484454633,0.0004567912241295291,-0.4931549502043626,-0.6642331982689315,-0.6274415954666934,-0.30176449260029276,-0.0821935258822785,0.10482153279907627,-0.058689836134692246,0.16582660546058323,-0.05726596466522571,0.0029376592146474626,-0.47351528258687414,-0.6538281541638254,-0.6115372190563068,-0.29592222913588134,-0.06851953180735834,0.1211678860334279,-0.040537065288468246,0.16819229504720173,-0.19581372535011118,0.007832787761530827,-0.46498924498713884,-0.6395011054952102,-0.6074193356884744,-0.2875231178489612,-0.21186414341127902,0.22370226085477085,-0.25695191985536875,-0.027595568210790292,0.02064088874968933,-0.36795091268060093,0.1436276777575864,0.38322090505870193,0.37613820216799376,0.38213762441368865,0.435420539526694,-0.11695594870536946,-0.10812284076920776,-0.18023729014263787
gmp_pc_cpi,0.9867379755297336,1.0,0.9920400520602699,-0.4923287511490999,0.4518572175861999,0.016381700566242042,0.17526229754466857,0.03606965674729669,0.2854540053572969,-0.20914427277711828,-0.05088728428523755,0.11448739700267523,-0.03307496823987839,-0.3626045154551765,-0.0470228746309277,-0.13029109550827453,0.06028991687292123,-0.5986137133815971,-0.725355588284607,-0.5930471682475834,-0.40864601268017686,-0.016548571701836202,,0.7911277149630509,0.8669567819991798,0.8142512792943101,0.8684102732885955,0.8806422865152251,0.7946388262688899,0.7937972598598388,0.7061481081409551,0.7027547520538245,0.6295720153964666,0.6281520585065313,0.23933391068673865,-0.09566998133555196,0.11085276405119672,-0.037125755443643355,0.17280838758428135,-0.1950461889328952,0.0031526889589055043,-0.5034624901660333,-0.6794695212994772,-0.6337884740960624,-0.3053447001266548,-0.08945840788130993,0.1128948555977122,-0.05372866964854812,0.17212347644234366,-0.08827710585723372,0.005234420831856243,-0.495349528183946,-0.6746085630504974,-0.6280385336508416,-0.30266102776380605,-0.08083864787497182,0.12113618197414254,-0.044688621444931034,0.17313749302758863,-0.18005985627529708,0.00768782161795939,-0.49049199221485346,-0.6657059181404255,-0.625368573418372,-0.2981471712819227,-0.22304415571362876,0.23648662430731016,-0.25692557295253127,-0.006451595546858453,0.02401703437455006,-0.37586432639429634,0.1317387275885067,0.3197918693917995,0.33524204039731026,0.3476132792082054,0.4337281554625491,-0.12438626695241378,-0.06797665251494141,-0.16683719970851613
gmp_pc_real,0.9665401619251418,0.9920400520602699,1.0,-0.4791235619024117,0.415199813523223,0.03364103105653861,0.1651529565856394,0.03645794920323464,0.27952103364438813,-0.21312882933529,-0.036728008499528834,0.1197468451805414,-0.03622683412494276,-0.3512611905027864,-0.030408383751115806,-0.15071667527773297,0.06549711832499362,-0.6114050746342867,-0.762267204364977,-0.6072169664986364,-0.4326305406220122,-0.00637370129325238,,0.7367225429465741,0.8340258572843292,0.7816696408115219,0.8348351272762233,0.8592428093555627,0.7901365360651824,0.7960719865127833,0.6980644634013969,0.6999178863335315,0.6330123511680684,0.6358290272425563,0.2405917709144455,-0.09671128761673936,0.09917281190945208,-0.033164424996428805,0.1848263960229188,-0.18252461140579174,-0.011512239648784093,-0.5041550351634853,-0.6998857255189316,-0.6359627129466281,-0.33466380235945276,-0.09321499892939701,0.10026773810027888,-0.04093954541979462,0.1844915023507245,-0.11580016193013613,-0.010895263068329344,-0.5016290792812255,-0.6980729184775484,-0.6355764457532158,-0.3330540144278905,-0.08831836294068328,0.10374337582225938,-0.03587033032524071,0.18499149598004871,-0.17494806552563116,-0.009971807062009763,-0.5001820245836549,-0.69326649975144,-0.6347879249881244,-0.3310855343147329,-0.2250007478830002,0.2684497849800992,-0.23679718106501804,-0.009735476142747989,0.004028224709239849,-0.35918802698511815,0.10399430866510245,0.2779940699800481,0.3033830883338564,0.3215513685401013,0.41241137615751533,-0.12321653356873337,-0.055663727933865405,-0.1416313605543871
gmp_structure_A,-0.5060400024188754,-0.4923287511490999,-0.4791235619024117,1.0,-0.3592098867737259,0.08009404538121719,-0.12917245263122482,0.11780583303514958,-0.32437775034233035,-0.10131368517159736,-0.20763712916549412,-0.09160476373541845,-0.16811587323967409,0.10046661700135029,0.05778251158029886,-0.058737898820833315,-0.14130126266903256,0.3393823298258512,0.41560695809140175,0.33278184639912317,0.3059061929601214,-0.029838039212700698,,-0.5005321316848661,-0.49905542291617105,-0.6173544334091892,-0.5735418004289946,-0.5610406326738109,-0.49788182264935277,-0.4869117772519944,-0.46950038091860385,-0.46698782171491693,-0.42014587196533754,-0.4144211588512758,-0.2580059443315223,0.47992760215864533,0.009076772244471608,-0.12874851274551058,-0.3176316898738602,-0.06834113076809976,-0.012095816230234372,0.36161905391010973,0.5257618443905637,0.44238094553666985,0.2713544688132763,0.4776736528499034,0.005902049979194841,-0.11393394359568097,-0.31608815184480304,-0.12240698055322045,-0.0077247596565693,0.346605235333283,0.5200448238768348,0.43231174479488227,0.2662025319274193,0.47469152479514626,-0.0023403205913418786,-0.12065653829907275,-0.31826713119331385,-0.07811295650931876,-0.012747310626539691,0.34472309884885327,0.5133234295446933,0.43120972737884855,0.26199048922375745,0.04934047970220495,-0.30986839933613475,-0.007287447404662352,-0.04164228309849568,-0.059810375083417446,0.0754440227560051,-0.1317885235829695,-0.42710675353273087,-0.42916742324308693,-0.09551544920217526,-0.33136553785521494,0.34294579927006086,-0.14306426415257278,0.26740006135727695
gmp_structure_B,0.44873557857481344,0.4518572175861999,0.415199813523223,-0.3592098867737259,1.0,-0.16401615238799408,0.14626036057971703,0.1845833327338549,0.09383414016403502,-0.22265257038755004,-0.2103152518547145,-0.04137681568496389,-0.07816076960871109,-0.2158385284157492,-0.303688618451277,-0.059154389610401606,-0.17433737693059234,-0.3258794902639535,-0.0998526410569039,-0.21271907633261108,-0.07419117881442729,-0.024469307711180676,,0.42934046379632945,0.47057953687454085,0.4809041195979199,0.49359345471880384,0.5012175130644969,0.41696044178132324,0.41805886042939183,0.31264046100448245,0.31111994088008316,0.2678951764353631,0.2679308261666789,0.08976834104605251,-0.12713100337377178,0.13170705534232835,-0.20555562797170515,-0.050473592364498596,-0.1939174602673126,0.21819386851254363,-0.3298290244765518,-0.07501374616544379,-0.30995397668559804,0.133779658439085,-0.12331936825245736,0.13164848943317775,-0.21116196434544493,-0.05123674169743988,-0.13486305180391744,0.21745850150137272,-0.32540530319684086,-0.07368901114707506,-0.306711729081382,0.13543830609959295,-0.1175221875001381,0.13615802651618478,-0.2082638381841706,-0.050539006603137204,-0.18798011206167886,0.21934446597281393,-0.3233113588981754,-0.0717798171834349,-0.30596827163038554,0.13733543146861263,-0.016177669418807203,-0.061721626861121835,-0.4676950698998842,-0.01625963973903154,0.008182857111984765,-0.5443081876104455,0.07171907490612803,0.0074541873002651115,0.008692212678835088,0.12132895981824189,0.2404476897339402,0.09785320417010282,0.16269168620750368,-0.3134681554346947
gmp_structure_C,0.009792235601023942,0.016381700566242042,0.03364103105653861,0.08009404538121719,-0.16401615238799408,1.0,0.24540210188323186,0.4011056174290638,0.20990401756731064,0.26127213856610326,0.16175928234627507,0.48568531902923123,0.2565937368746577,0.33070349404047467,0.44240651504149703,0.22058238526139587,0.38451434739175866,0.1430719488762608,-0.058538323876356275,0.03544467315079796,0.0401770768341987,0.5446996885977864,,-0.04773777736481369,-0.043442668929494825,-0.06419467349428233,-0.0763589106177912,-0.07288106126389836,0.017151445059160716,0.01880609617023418,-0.012671899025436839,-0.002024051047868738,0.00281414997781167,0.004488427714876583,0.0030955988465208844,0.12815249048518385,-0.12846329721855784,0.1985651268854715,0.08026222592406435,0.15137116986165572,-0.10859718711057814,0.07981816596852002,-0.09181170454420964,0.1862052114218472,-0.01880974280754515,0.1284141994614948,-0.1280224345039096,0.1930788375849879,0.0795649898950283,0.1801945935217094,-0.11092836716940677,0.08156488021276904,-0.09123494865644102,0.18681565179521142,-0.016475184925352056,0.1290289764085688,-0.12691813386241224,0.1973260637620006,0.08070683863009921,0.16229306978163982,-0.10851754079810447,0.08114416389178226,-0.09024695081181071,0.1863222792975983,-0.01610348501592505,-0.4145653049041607,0.0884475327633893,0.157904265587741,0.06804686941729918,0.09188194290360807,0.27598163062688513,0.04360240942740003,0.10173611910418881,0.10248919475216296,-0.055570817644465476,0.009106123012696329,-0.1411771868767509,-0.09929387734182968,0.2075361655350217
gmp_structure_D,0.15890056277348374,0.17526229754466857,0.1651529565856394,-0.12917245263122482,0.14626036057971703,0.24540210188323186,1.0,0.33774339595364344,0.16808297751952694,0.2032261181310739,0.08638943464958194,0.19321017744075775,0.24306242879620282,0.1929354265787779,0.1436211593679383,0.14496708074275894,0.21447861946985447,0.04609352711501447,0.04519541486499399,0.10887018520337376,0.1365147513587578,0.27083926007165005,,0.19439840965469826,0.2536367464743313,0.20826817315184412,0.2231526977905219,0.2484332340837776,0.1620272121685698,0.17130330810152677,0.15160403992564345,0.16009478301009034,0.08902886042465588,0.09507510352388916,0.1241530782068925,-0.027878243022169173,0.45665382026555396,0.1369646619943755,-0.09430147149911214,0.13129218777323295,0.07192425264945011,-0.016395026733298065,-0.08408867063427844,-0.0003777213096295923,0.06900436904464755,-0.030065534878241533,0.455695169972476,0.1508874190214047,-0.09424374809990181,0.13410245945693502,0.06981490500764836,-0.021034738441195265,-0.08624622571198848,-0.005097483728984208,0.06990920561261826,-0.03044401312050477,0.4508129927990158,0.1457060111376752,-0.09371447338589065,0.13170644058278222,0.07193986544278727,-0.02193659453948671,-0.08753850059392289,-0.00399123950527467,0.06968190974754755,-0.35070560417409835,-0.02545256762462582,-0.062151417099093095,0.09767925224605568,0.1396334795103678,-0.10421049940220552,-0.008936144427297194,0.161230705454251,0.1926427177507812,0.039129058053032593,0.21775110567083017,-0.10393675110197866,0.11681941897885356,-0.11296375121064951
gmp_structure_E,0.01771470981951334,0.03606965674729669,0.03645794920323464,0.11780583303514958,0.1845833327338549,0.4011056174290638,0.33774339595364344,1.0,0.14498754908184946,0.1711840607716527,0.053557741975992466,0.29455806213397684,0.2189157884085724,0.22758827741904178,0.15526049517299823,0.11365189319469071,0.134025919653672,0.21920308964911206,0.17129013867534326,0.15986396701077885,0.17608743434540444,0.47795287769012657,,0.022561605723422452,0.06509613198810853,-0.019187824640237352,0.032969821397372236,0.05225444766932646,-0.028863198298303645,-0.019142423161369892,-0.0451477111080074,-0.03440972884364502,-0.08079861237975908,-0.07534154173036453,-0.054862340054765396,0.18615366384740084,0.1487637944020929,0.1041180176833403,-0.03886789873932769,0.045436582435986174,0.09781752178677058,0.09855665077115736,0.10956700341191311,0.10903928367480621,0.1582353829321815,0.18456827860933855,0.14820306751781165,0.11017405647356837,-0.03961777683474125,0.029804504789838298,0.09313833138860321,0.09435589964357897,0.10613816262450634,0.10298781255717103,0.15997206546359397,0.1831033382470217,0.1425395473139528,0.10868550165255479,-0.038438171774999544,0.040198479617174605,0.09030014573089404,0.08898180016393444,0.10041006821296052,0.09861792350261653,0.15630851611984103,-0.35229811553331447,-0.11177866111742368,-0.24499245727532298,0.048460516090940244,0.06628726323365969,-0.13972096646763993,-0.016028284499394817,-0.053214807386615215,-0.04239093316408358,-0.04697024903558326,0.05675450291218151,0.08859460406612733,0.07890977635856156,-0.039483786459042144
gmp_structure_F,0.2977531047534445,0.2854540053572969,0.27952103364438813,-0.32437775034233035,0.09383414016403502,0.20990401756731064,0.16808297751952694,0.14498754908184946,1.0,0.07158718253917222,0.2026541730153594,0.38438060248931366,0.1938515857068048,0.016548403363996593,0.11091530094961945,0.0847304859330833,0.3025978468623173,-0.2361767329301793,-0.23554655488518073,-0.24136990958521168,-0.17271634518010084,0.2930668761885922,,0.3047358463691505,0.2956717688704445,0.36056862227165765,0.3151024691448315,0.3019912460237206,0.3091259567868019,0.3006069929374294,0.36497528631845166,0.3582112348770716,0.33648208830066384,0.3299489865552671,0.33073483599310904,-0.15159940319613868,-0.17008331857773862,0.05944952592570726,0.24392453449030557,-0.026444799569446488,-0.04714033957942308,-0.2935160018589502,-0.3178946227263318,-0.2830175651243524,-0.17590278725491837,-0.14814224679448962,-0.1670974955767041,0.041421718476938436,0.24233668149812934,0.033524465768113014,-0.04836246101622265,-0.2845745740683336,-0.3132669423908517,-0.2762511714304993,-0.17142592616807684,-0.1437435206889158,-0.16073138352412472,0.05020555301571533,0.24441981487373413,-0.016614661801766035,-0.0481081319266035,-0.2837716692725529,-0.308699049166908,-0.27651171027900484,-0.16861226761904352,-0.25570718926465613,0.12440407908884045,0.03272898990272874,0.005276784816239034,0.07301913676200589,-0.04134447344072224,0.07573981837324756,0.3064974236855849,0.30692054743552755,0.03754607358208592,0.04849993999196528,-0.10784350091319281,0.006583999986600917,-0.13449929598863367
gmp_structure_G,-0.19544598629750454,-0.20914427277711828,-0.21312882933529,-0.10131368517159736,-0.22265257038755004,0.26127213856610326,0.2032261181310739,0.1711840607716527,0.07158718253917222,1.0,0.35708374622876426,0.21233579979259148,0.453282442753468,0.5498231364891346,0.23427893254516793,0.27878795489437336,0.2627213996021937,0.35378111977710086,0.2104163472239118,0.3021200618102344,0.201696694478234,0.39313171065843083,,-0.08825806439171459,-0.1196926350882154,-0.10008331892711009,-0.11179240469572617,-0.12326771653778021,-0.13269524911226518,-0.13980310000190846,-0.14017235963771763,-0.14408012536753909,-0.12274041142288032,-0.12633755470293234,-0.009278061313593055,-0.11848588009781283,0.02397643606729645,0.782114784571751,0.09318833326884315,0.4707737266674664,-0.006183238432246981,0.2080939909861995,0.017487538129126512,0.17522788037977177,0.0356248373321016,-0.11736950280513182,0.02526783046426578,0.78917949128996,0.09296566933636033,0.4606938253769101,-0.006342722530144141,0.21321987645994728,0.020785414750592285,0.1814934764697765,0.03737360137346895,-0.11803537606663692,0.026408280938362234,0.7868774795185449,0.09323586728411148,0.47870307686600017,-0.007508898701474068,0.2128946310095555,0.02324975701683567,0.181449634409872,0.038790549632777185,-0.4014913889590962,0.0652103016214824,0.3108761038344758,0.17754575097896635,0.2469048688513751,0.3303000754976466,0.05973706028216028,0.3148069056266605,0.3301505538411017,-0.16968901808280074,0.10561851891065167,-0.21749489521385895,0.1532149148893901,-0.05490958726237614
gmp_structure_H,-0.0496688384412467,-0.05088728428523755,-0.036728008499528834,-0.20763712916549412,-0.2103152518547145,0.16175928234627507,0.08638943464958194,0.053557741975992466,0.2026541730153594,0.35708374622876426,1.0,0.16832125991606114,0.41932803489949033,0.21487646453968398,0.17259781726183007,0.07009719894720232,0.19471750389608852,0.015173225778091326,-0.08138989702306204,-0.051910434733020525,-0.15251165751393228,0.2419032678271811,,-0.052496004074125004,-0.04980706976123654,0.02961469500579485,-0.01857961741428866,-0.015564997665880704,-0.025683825986624487,-0.027058866991852473,-0.13010884189695332,-0.13102255982352462,-0.03929629415315347,-0.04177989294886475,-0.0205463992369366,-0.2373009682416641,-0.13152253740282505,0.16539058872639192,0.8083302475755467,0.05012446729618737,-0.215379898355684,-0.03026454386032648,-0.19931421432416438,-0.09923574548680586,-0.26182739188944953,-0.23886693535286865,-0.13078351569866972,0.17132013004509095,0.8076246956241152,0.02077865475310988,-0.21780340895373246,-0.028546454674913943,-0.19828269261751996,-0.09973158994821155,-0.26056589988519985,-0.24141448598992019,-0.13033301087570756,0.16909422436303978,0.8085094957775112,0.04775274992653059,-0.21701000331755196,-0.03033796156528576,-0.19734308136301495,-0.10067824727280011,-0.2612008887449609,-0.31274739282617126,0.1006768471394039,0.2810229147070274,-0.024878567337451897,-0.043917906595978995,0.17396920074947061,-0.09155282294779055,0.10387308502415997,0.10727829685220297,-0.03987339347171997,-0.06409097882263277,-0.12389050013697195,-0.052201888721156865,0.05348603344883162
gmp_structure_I,0.10860151138175542,0.11448739700267523,0.1197468451805414,-0.09160476373541845,-0.04137681568496389,0.48568531902923123,0.19321017744075775,0.29455806213397684,0.38438060248931366,0.21233579979259148,0.16832125991606114,1.0,0.30155315194775234,0.2102191024858565,0.34631993493318863,0.22055149313629707,0.3989427976875669,0.05532103760468368,-0.08814642494875698,-0.02188597464772587,0.01899467782850383,0.4571426405210437,,0.062005083191752686,0.07502811434373072,0.07553102827721224,0.07421574768332125,0.07805621506440867,0.07025956866357506,0.07275392271343975,0.07950148197585424,0.08256261924515142,0.057958571446101656,0.059026904270028255,0.06392370678715702,-0.1434659331569702,-0.1389080051473756,0.12547255022480175,0.10774794667795452,0.03450159487586919,-0.008254242847072836,0.01414509656521148,-0.15164652974070567,-0.01821751529408027,-0.02804320887656297,-0.14152567583004408,-0.13777236291678832,0.12080642236169727,0.10692149051364831,0.05348499964327383,-0.010584118213885734,0.014535788015271481,-0.15118163107259902,-0.018771339133362323,-0.026874686817577445,-0.14094763568432997,-0.13701997766047272,0.12305939648596809,0.10751561979216802,0.03657957738173379,-0.013183639285191631,0.011084441682091774,-0.15194437361855523,-0.02176408736055988,-0.02842506464628642,-0.3877363142946525,0.15242510192956743,0.1427905001477448,0.07991523766093918,0.10842102185737204,0.1261297079036284,0.15794553216587742,0.21128309211809498,0.22141878295126585,-0.05630923414314221,0.0497838677339542,-0.08511996023229342,0.02074645606770976,-0.017162230184665825
gmp_structure_J,-0.036865814062565394,-0.03307496823987839,-0.03622683412494276,-0.16811587323967409,-0.07816076960871109,0.2565937368746577,0.24306242879620282,0.2189157884085724,0.1938515857068048,0.453282442753468,0.41932803489949033,0.30155315194775234,1.0,0.5243161147766628,0.33502078467075935,0.33133834978939736,0.27884333770291825,0.2465866343698371,0.14233916354116696,0.19222912778274526,0.18200557216225266,0.4900066883554507,,0.007873418844850821,0.03253798738198758,0.04716246544167379,0.06619079126802642,0.07546334870090048,-0.07280169295830888,-0.07153265476246187,-0.08896503449527923,-0.08972814965583355,-0.1264957054769722,-0.12604584464420623,0.01030619440258402,-0.29906781281319755,0.0811576044549791,0.17090952110418192,0.18842092369233668,0.37208463195187746,0.10301621310585345,0.10807372736830834,-0.01273557534097945,0.01223121102300431,0.04150528956125583,-0.2992114688350307,0.08080551844008706,0.18139039492119235,0.18822736812458543,0.3606965122242486,0.10133795837535378,0.1082259847095576,-0.01234420354729484,0.01330977190577815,0.0415724323152023,-0.3001633555399462,0.07662036477572143,0.17631987878791627,0.18811322586239082,0.3753443712425851,0.10096770189093407,0.10649159544136788,-0.012111355661245913,0.012909361376726776,0.040444379090484185,-0.30071531397251877,0.0640921148057867,0.13662804407214252,0.12311750169665789,0.15069613048360014,0.1078162835611609,0.114433604385781,0.18333719939922966,0.20012061989786253,-0.08765603502663445,0.13852388618968087,-0.12822569033065861,0.19895414100678205,-0.13811498599507832
gmp_structure_K,-0.3802472121577618,-0.3626045154551765,-0.3512611905027864,0.10046661700135029,-0.2158385284157492,0.33070349404047467,0.1929354265787779,0.22758827741904178,0.016548403363996593,0.5498231364891346,0.21487646453968398,0.2102191024858565,0.5243161147766628,1.0,0.3199739319931293,0.3822509509295247,0.31077050556187086,0.4555301496387274,0.3343432686804956,0.46427617933589527,0.3481306510144798,0.43799843921199494,,-0.3229126507545139,-0.2912006705090508,-0.27655530218879465,-0.2627455661719293,-0.23588066089508283,-0.3131874047687779,-0.29904390630615696,-0.2314718898714308,-0.2224638816748248,-0.24961290547422568,-0.2402290717826668,-0.018790526503912813,-0.1979723387249752,0.03540500616180383,0.2473367909080353,-0.053537152201653324,0.7771643432872758,0.12477887585889187,0.2984475357489528,0.1776449221381128,0.34151005273390983,0.20476011592193694,-0.2039225582604668,0.032192523379182,0.2772341993740758,-0.05235674614027908,0.6437337138898177,0.1235420692242992,0.2859601311938062,0.17046106962538957,0.33032927470324885,0.20110247464047865,-0.2115557295879138,0.019948055332897157,0.2625719841166548,-0.0544966398746635,0.7684401846933633,0.11785616401263323,0.2777243093473313,0.16085846294530054,0.3259965568885549,0.19504344085684008,-0.2652795765030815,0.017387115600456107,0.26489694287136967,0.15028375347428538,0.1962982435942276,0.33460153916186525,0.002165282298694864,0.04183197606805616,0.07260128832345336,-0.24054657810219848,-0.00040632072017386683,-0.13993942196849032,0.22506986778992688,-0.00952767896922977
gmp_structure_L,-0.05999623181473867,-0.0470228746309277,-0.030408383751115806,0.05778251158029886,-0.303688618451277,0.44240651504149703,0.1436211593679383,0.15526049517299823,0.11091530094961945,0.23427893254516793,0.17259781726183007,0.34631993493318863,0.33502078467075935,0.3199739319931293,1.0,0.15907855628584106,0.239988866010022,0.14931041227368141,-0.058266953707087614,0.018517816292301037,-0.008388087823291087,0.37673944564710227,,-0.12930317619465345,-0.11516761703786814,-0.1235207690402477,-0.15107063359920692,-0.14341435565907742,-0.07748411714578687,-0.07422501061363992,-0.10332984794629893,-0.0982243469176478,-0.05109977864508499,-0.04820830341537257,-0.019078567492255255,-0.027980912307504578,-0.07054481545189824,0.11371803265538294,0.07946372691977055,0.14703763382471396,-0.17018132540934613,0.17849245025509183,-0.05170037356893061,0.10888665355589573,-0.07354837292401194,-0.02907362544615652,-0.07084978343686409,0.117181535933282,0.07934081435912002,0.12044404797023904,-0.17113569551836888,0.17554167426265083,-0.05338075186848963,0.10580414415921634,-0.07433496515469182,-0.032546026981252064,-0.07280563107230721,0.11433035271514545,0.07916950745360841,0.14435552325904064,-0.1747793246026917,0.1719201783181095,-0.056676599470924585,0.10260790809800557,-0.07706136447230615,-0.3082868526199662,0.11173854329067698,0.3327014228336565,0.101416479227503,0.13226762344980122,0.3341369461454518,0.07414568941165095,0.059931472850235354,0.06768370003692681,-0.1348921641438687,-0.033600737608407115,-0.20186066791154497,0.000489485848394605,0.06581986655228045
gmp_structure_M,-0.09933452709824964,-0.13029109550827453,-0.15071667527773297,-0.058737898820833315,-0.059154389610401606,0.22058238526139587,0.14496708074275894,0.11365189319469071,0.0847304859330833,0.27878795489437336,0.07009719894720232,0.22055149313629707,0.33133834978939736,0.3822509509295247,0.15907855628584106,1.0,0.2546407237944211,0.31456205296430156,0.2646192386216867,0.27563480510906296,0.26528646141580575,0.30724932772302993,,0.06830152972912006,0.008500952205468822,0.05230222422150498,0.05163624137378923,0.02191584901281688,-0.05668969849246231,-0.07478479220192003,0.06978757910933084,0.062794547871694,-0.015706831078332747,-0.025845882964569508,0.18128569638837713,-0.1187558962426865,0.029899923068318467,0.08905584734592005,-0.07154278796618625,0.2829299964738563,0.6473288256260329,0.0964857706096984,0.08614765923061238,0.12417564391458215,0.15829181421990068,-0.1121415308653797,0.032542474200201815,0.06764160480313433,-0.07350040759295833,0.31685164239033414,0.6485690701427769,0.11132112124382651,0.09181005450428394,0.13777955529378508,0.1628733141485534,-0.10698383683972437,0.04028884513608273,0.07693945694987762,-0.0712191034332913,0.29369691237090745,0.6467153244208725,0.11295253608878611,0.09580490286389724,0.13743047736692618,0.1664505814591582,-0.17706811654935006,0.04890372886317,0.026047964455138635,0.036894311567571315,0.055592141068281795,0.09054944823201645,0.08785286438446546,0.20936432234134744,0.18413492859706762,0.003864384497499667,0.056890139210941514,-0.028128775265156405,0.06796486641694337,-0.0638313216101599
gmp_structure_N,0.06396262491850555,0.06028991687292123,0.06549711832499362,-0.14130126266903256,-0.17433737693059234,0.38451434739175866,0.21447861946985447,0.134025919653672,0.3025978468623173,0.2627213996021937,0.19471750389608852,0.3989427976875669,0.27884333770291825,0.31077050556187086,0.239988866010022,0.2546407237944211,1.0,0.07762232397804433,-0.10156328711894688,0.03602076670981042,-0.0424860243646986,0.362335703628951,,0.05725211463382848,0.04863017958673519,0.09309744631618548,0.06677816041749804,0.06087526005840872,0.058223459591399754,0.05344761421974558,0.08927177986109362,0.09098339283182075,0.07573606772597721,0.07465393739755377,0.05214976603959172,-0.11909785747879292,-0.1180527895972065,0.17944349220024738,0.1472554154790438,0.171782458386754,-0.0828533474458265,-0.034213843993016455,-0.23664927496300062,0.032652866424511116,-0.15356961950080592,-0.11666995352234083,-0.11667188515226777,0.17666088839106353,0.14740918928298244,0.22322754278034682,-0.08009102153205708,-0.03131799185690162,-0.23458417060868184,0.03610683676880858,-0.15401961799774533,-0.11125456431208106,-0.110182469364693,0.17884681645660022,0.14745403026251677,0.18608261263512527,-0.07649014693506283,-0.02756312227697703,-0.22792917248532998,0.039754797019136034,-0.15080517464302914,-0.3499895963256738,0.14491188051890672,0.1706218303481553,0.006478938108438847,0.028344314556155582,0.21746927678049394,0.0309363795671869,0.23703044445407187,0.24520247478919868,0.08436954781224466,0.042495982095832094,-0.20682529987832113,-0.09587503395108946,0.10273942877691432
gmp_structure_O,-0.5728355969418437,-0.5986137133815971,-0.6114050746342867,0.3393823298258512,-0.3258794902639535,0.1430719488762608,0.04609352711501447,0.21920308964911206,-0.2361767329301793,0.35378111977710086,0.015173225778091326,0.05532103760468368,0.2465866343698371,0.4555301496387274,0.14931041227368141,0.31456205296430156,0.07762232397804433,1.0,0.6880786409633555,0.6837207142468574,0.5487583131429046,0.2589713784496382,,-0.3393511280147702,-0.4132742078804806,-0.4958782313182878,-0.3904593989134576,-0.41612743983330824,-0.5593383267624874,-0.5700590939886536,-0.46713576462696654,-0.4695551555665121,-0.5340677769159227,-0.5395393868639097,-0.22232965233379506,0.1182720587356932,0.07378018866892745,0.18747558248034007,-0.24673949509720294,0.3234173960701029,0.07255543495625062,0.6963597878395883,0.44645585081100825,0.4779823244325016,0.33024628328907984,0.11901911487066603,0.07484349890211478,0.18216068041915745,-0.24727488840473028,0.29169334968769073,0.07137288572670623,0.7021460044343201,0.4481980691240582,0.48440739174099684,0.33145660801321125,0.11713969839584344,0.07728587216573951,0.18397224039873397,-0.24668209075503297,0.321707740677944,0.06971992836476874,0.7001931832383079,0.44694146284824515,0.4829342319696593,0.33134937828680816,-0.07043217304839108,-0.17334651693412725,-0.03146384377839056,0.024846645160117302,0.06087000632802208,0.1852245097580844,-0.044135506274182834,-0.09367853408559551,-0.11871513835060862,-0.16452263571229211,-0.05636997416526858,0.130615200079961,0.06606365207245236,-0.005610228764512649
gmp_structure_P,-0.6957803701749653,-0.725355588284607,-0.762267204364977,0.41560695809140175,-0.0998526410569039,-0.058538323876356275,0.04519541486499399,0.17129013867534326,-0.23554655488518073,0.2104163472239118,-0.08138989702306204,-0.08814642494875698,0.14233916354116696,0.3343432686804956,-0.058266953707087614,0.2646192386216867,-0.10156328711894688,0.6880786409633555,1.0,0.7205140280390328,0.6918632702439474,0.09630316082419613,,-0.38334066740386197,-0.4569240331427001,-0.5122439403246778,-0.45720896286706436,-0.4823435853411784,-0.6110855002210746,-0.6199764341720287,-0.5129488814650632,-0.521597687083932,-0.5961286209640968,-0.6026591924040098,-0.18793036035098837,0.1250671958934975,0.15521633102127472,-0.0307431326468512,-0.3376512845989322,0.14682096828122804,0.1918567126564593,0.3719507665404034,0.8162930933358455,0.4812417559521321,0.6139371537430998,0.12641421715172488,0.15508463601424421,-0.030833960192392512,-0.3378280920954072,0.14773904317238643,0.1932876436428612,0.3776157045130997,0.8186701355265102,0.4876620559217216,0.6136821500670427,0.12843518691094274,0.15674254196118803,-0.03152501517426951,-0.3373363075921328,0.15088642390401213,0.19529254863851983,0.38201106049328537,0.8202442719663308,0.4905066220585161,0.6153501788923957,0.13486836259360738,-0.43667989795334805,-0.15291982168079132,0.03979196929011027,0.10449234112615036,-0.07818884712734199,-0.01040339088673678,-0.18810217767705484,-0.20966258208203403,-0.21093026964850117,-0.08187867547750259,0.3294006080555578,0.22323425301204416,-0.1310730115702331
gmp_structure_Q,-0.5971881269946108,-0.5930471682475834,-0.6072169664986364,0.33278184639912317,-0.21271907633261108,0.03544467315079796,0.10887018520337376,0.15986396701077885,-0.24136990958521168,0.3021200618102344,-0.051910434733020525,-0.02188597464772587,0.19222912778274526,0.46427617933589527,0.018517816292301037,0.27563480510906296,0.03602076670981042,0.6837207142468574,0.7205140280390328,1.0,0.6242472496430781,0.13310192957022257,,-0.3713170113217053,-0.37078029225406317,-0.44181080773733816,-0.3859469305670504,-0.3737599542869925,-0.542491171197394,-0.535035735105293,-0.4147167689967519,-0.4067190100246105,-0.535432944611663,-0.5305326235391898,-0.13756729023616324,0.04901182037377354,0.18790723389479003,0.09795239685301038,-0.25512231948188524,0.32465076926955366,0.1353999473667395,0.40772330490534364,0.5102024041303088,0.6987106089758538,0.4759097711471676,0.043934060355409796,0.1859156588096075,0.11718873968154336,-0.25367635841482716,0.2684672648484863,0.13386857702278127,0.4000971296140248,0.5060489895573389,0.6928212376912213,0.47285155823290126,0.03965568571884009,0.18049829689295063,0.1093645188175555,-0.254718732892368,0.32166825557026196,0.1352646210052853,0.3993651179634404,0.5028819724938274,0.695084244476984,0.47124584111002343,-0.05464500934054235,-0.28342405958767036,0.05311349009675609,0.09452538061892438,0.1595425541955362,0.14864221751904338,0.019881808046990152,-0.1227744464271236,-0.1113694999723626,-0.10972358663264971,-0.0025419285264810126,0.04685162388376274,0.12660378521534918,0.046790119344851985
gmp_structure_R,-0.4008346391689641,-0.40864601268017686,-0.4326305406220122,0.3059061929601214,-0.07419117881442729,0.0401770768341987,0.1365147513587578,0.17608743434540444,-0.17271634518010084,0.201696694478234,-0.15251165751393228,0.01899467782850383,0.18200557216225266,0.3481306510144798,-0.008388087823291087,0.26528646141580575,-0.0424860243646986,0.5487583131429046,0.6918632702439474,0.6242472496430781,1.0,0.11499165614551034,,-0.17223190575486858,-0.1851512135028017,-0.2823834458585756,-0.19600118296754865,-0.1981096723872644,-0.37270678929798917,-0.3729070734785659,-0.18336327625720855,-0.1832081609113572,-0.38704058645144684,-0.3872244946154384,-0.00300075636074351,0.10644579997054085,0.2837027166941429,-0.0071106152231137434,-0.35743184214117907,0.2503285498422774,0.17887755294850993,0.24590441685755016,0.5254267852613772,0.32790319021069947,0.8038458714577957,0.10611953629116146,0.28448386230271133,-0.002582501792898784,-0.35779368909944226,0.22269084418422633,0.17725459901778093,0.2480522451728185,0.5245000469871507,0.3299997990797724,0.8045928163802831,0.10570445201751191,0.28240858796244483,-0.005309567223801712,-0.35678861976336695,0.2492075749832205,0.1785747256841852,0.24887886377246532,0.5217478384897171,0.33118098869754187,0.8045151968004294,-0.016342320397210078,-0.2725829250533133,-0.14224594373950183,0.13346170400057128,0.21447909772779672,-0.11003674828487739,0.11665665635444603,-0.13089916046160827,-0.1344653617924675,-0.14599585476417115,0.0930331859469076,0.21748679891275816,0.27320156496719544,-0.17424041694797
gmp_structure_S,-0.022813065857231824,-0.016548571701836202,-0.00637370129325238,-0.029838039212700698,-0.024469307711180676,0.5446996885977864,0.27083926007165005,0.47795287769012657,0.2930668761885922,0.39313171065843083,0.2419032678271811,0.4571426405210437,0.4900066883554507,0.43799843921199494,0.37673944564710227,0.30724932772302993,0.362335703628951,0.2589713784496382,0.09630316082419613,0.13310192957022257,0.11499165614551034,1.0,,-0.03232747092783994,-0.025500926609588727,-0.032154095208930214,-0.011448383343866747,-0.007331752775596572,-0.019463071761158118,-0.01818454180487855,-0.04427138605637074,-0.03674834068793402,-0.05947784636476154,-0.05740831647426182,0.009055631708620152,0.030062775387752132,-0.07423909147390763,0.3043560788299634,0.11982866519074165,0.23348686887134232,0.10208161186941216,0.12177042823719042,-0.011671279640046541,0.1233312571993497,0.059777388032814176,0.030298560022443362,-0.07338803753181411,0.30582056055492046,0.11941176469934314,0.2405405466250413,0.09824388765428294,0.12264223250723812,-0.011925931614297992,0.12261540823932941,0.062220977050575006,0.029692281414996274,-0.074860991370104,0.3066851514514324,0.12004902992805865,0.23680184946275165,0.09895402957693301,0.12097915242775673,-0.0124946284015813,0.1211348693925181,0.06164498699934249,-0.39929633221283867,0.05717524152360113,0.015243909224745038,0.06136505963778858,0.09082660644389358,0.164690179868249,-0.05221007869053591,0.17959505477465837,0.18722358287400773,-0.13958016890968028,0.038539036214679835,-0.04052607605886162,0.07448624144193619,-0.02023651816516707
gmp_structure_T,,,,,,,,,,,,,,,,,,,,,,,,,,,,,,,,,,,,,,,,,,,,,,,,,,,,,,,,,,,,,,,,,,,,,,,,,,,,,,,
wage,0.8490474649279709,0.7911277149630509,0.7367225429465741,-0.5005321316848661,0.42934046379632945,-0.04773777736481369,0.19439840965469826,0.022561605723422452,0.3047358463691505,-0.08825806439171459,-0.052496004074125004,0.062005083191752686,0.007873418844850821,-0.3229126507545139,-0.12930317619465345,0.06830152972912006,0.05725211463382848,-0.3393511280147702,-0.38334066740386197,-0.3713170113217053,-0.17223190575486858,-0.03232747092783994,,1.0,0.9386441351460141,0.9041248309992187,0.9164611008086863,0.8564116326720878,0.7089042862516787,0.6709531334261287,0.6893413113319466,0.66368797059839,0.5685034773262098,0.5440043958465579,0.3096561988477241,-0.04924104530959542,0.1834074046443647,0.00331775046259642,0.07434067108593115,-0.19674503572172572,0.0728425911230536,-0.45411238784513197,-0.5189493311038531,-0.5514383261207498,-0.1611450681736754,-0.030207172603051,0.1916344342088691,-0.061632469709446865,0.0709992948567697,0.06102947369790362,0.07502802713149102,-0.41397907258759997,-0.4989853311806536,-0.5177152647966772,-0.14961246810873344,-0.006763987993287215,0.22330894482070526,-0.028783218529566182,0.0758044713800422,-0.153972273197211,0.08736590462843735,-0.3977347402352051,-0.47416815740099927,-0.5088750439853739,-0.13317692713648013,-0.1438788502126102,0.12701017231704034,-0.28593133112296026,0.019246778663134304,0.12001734262345196,-0.3834846722461976,0.21894657763137326,0.4900571666200611,0.4433580557835282,0.40950892818340123,0.4787669693314836,-0.10025315047399629,-0.07561794612793803,-0.29769325648031164
wage_cpi,0.8724104217755853,0.8669567819991798,0.8340258572843292,-0.49905542291617105,0.47057953687454085,-0.043442668929494825,0.2536367464743313,0.06509613198810853,0.2956717688704445,-0.1196926350882154,-0.04980706976123654,0.07502811434373072,0.03253798738198758,-0.2912006705090508,-0.11516761703786814,0.008500952205468822,0.04863017958673519,-0.4132742078804806,-0.4569240331427001,-0.37078029225406317,-0.1851512135028017,-0.025500926609588727,,0.9386441351460141,1.0,0.9357375404484326,0.9410951873343618,0.9402379193999822,0.7539762413406901,0.7455511684020987,0.7259176653638701,0.7180671889262416,0.594862790521663,0.5880795905913734,0.35215833894948195,-0.06281221596395505,0.234701197055594,-0.036298712462514246,0.0899659246209368,-0.15329329306762318,0.08976834066233397,-0.5112585565704985,-0.5784634435757924,-0.6032630323099106,-0.16490834077235866,-0.053262774231583494,0.2378891470752296,-0.06118553997982402,0.08895336671414515,0.002049370006102566,0.09120154240938244,-0.4947511877914878,-0.5695551135763351,-0.5902350572398893,-0.16016199381203874,-0.039741172465117054,0.25149486718211084,-0.0476497682212336,0.09094871798730572,-0.128882222102313,0.09908461896808411,-0.48534528220275497,-0.5548210762546725,-0.5834956365272671,-0.15161354990422904,-0.17928860327887616,0.14735815496773233,-0.30407815775937214,0.07341953034979432,0.14708008917943136,-0.43491923852730774,0.21423964850833296,0.3751410627398664,0.38003724053616267,0.3658725879001446,0.520462394692984,-0.12006830923744569,0.015909950661563713,-0.2878282799751429
wage_real,0.8305604626721057,0.8142512792943101,0.7816696408115219,-0.6173544334091892,0.4809041195979199,-0.06419467349428233,0.20826817315184412,-0.019187824640237352,0.36056862227165765,-0.10008331892711009,0.02961469500579485,0.07553102827721224,0.04716246544167379,-0.27655530218879465,-0.1235207690402477,0.05230222422150498,0.09309744631618548,-0.4958782313182878,-0.5122439403246778,-0.44181080773733816,-0.2823834458585756,-0.032154095208930214,,0.9041248309992187,0.9357375404484326,1.0,0.9116196514502412,0.8992363730645793,0.7869296369639343,0.7722378353770553,0.7501559912632786,0.7403820368431598,0.6675175769608024,0.6576374581087405,0.42484871534634194,-0.1311824526516207,0.10219610802955809,-0.05994013763807286,0.1940735401391565,-0.1355945531347003,0.08212724146894745,-0.5499113100926722,-0.6491624147877162,-0.6263875328684312,-0.2661575087103257,-0.12087243599133562,0.1061228801835204,-0.0893440903736648,0.19285090378419378,0.02367220333385926,0.08233910241368717,-0.52977552549726,-0.6384996029808746,-0.6099863056604022,-0.259465630767276,-0.10627001918345766,0.12204646341965604,-0.0729245575925478,0.19526540425577527,-0.10998434016031355,0.09272228566828773,-0.5194860800489481,-0.6219453446598718,-0.6024441699478632,-0.24907848754640297,-0.1537388770722662,0.2338525043689062,-0.23857971259229271,0.03441300739057437,0.09525973125245123,-0.3520415917071828,0.17810085801522169,0.40319024453047875,0.39689107187310757,0.30848199761198963,0.4011409102345182,-0.16172367574848215,0.01717416535346847,-0.2752272706375768
payroll_pc,0.8874454190581262,0.8684102732885955,0.8348351272762233,-0.5735418004289946,0.49359345471880384,-0.0763589106177912,0.2231526977905219,0.032969821397372236,0.3151024691448315,-0.11179240469572617,-0.01857961741428866,0.07421574768332125,0.06619079126802642,-0.2627455661719293,-0.15107063359920692,0.05163624137378923,0.06677816041749804,-0.3904593989134576,-0.45720896286706436,-0.3859469305670504,-0.19600118296754865,-0.011448383343866747,,0.9164611008086863,0.9410951873343618,0.9116196514502412,1.0,0.9840325970277125,0.7949706445608117,0.7795846735103025,0.7426207533803396,0.7293426095098413,0.6221501544799368,0.6113771215866687,0.3701348955028675,-0.1478837548767712,0.1923463384362542,-0.06399888899549795,0.09485330711912345,-0.14150620651947357,0.08515914268478103,-0.5433579321814581,-0.6376467628227804,-0.6620586872381486,-0.21339185362635218,-0.1365439548549423,0.19685165176110273,-0.09683720953716281,0.09312333093857682,0.028222110127621745,0.0866896990895142,-0.5215755769708054,-0.6267085008115958,-0.6441593372709913,-0.20722049937485182,-0.1220694309312878,0.21403679217195593,-0.0798548967153728,0.09570492153776795,-0.11475315620278513,0.09365288949507601,-0.51226693240669,-0.6113929538526804,-0.6386037713324151,-0.19801475723557843,-0.13381520375108058,0.19591797871383845,-0.3591536306465332,-0.011023515678575898,0.05822296218163659,-0.48029719210363275,0.1510639512119292,0.4142758466989886,0.4093252497245428,0.3642490249952233,0.5142477970879112,-0.07150664059733874,0.004213186296914212,-0.30651534971614613
payroll_pc_cpi,0.8721148766257333,0.8806422865152251,0.8592428093555627,-0.5610406326738109,0.5012175130644969,-0.07288106126389836,0.2484332340837776,0.05225444766932646,0.3019912460237206,-0.12326771653778021,-0.015564997665880704,0.07805621506440867,0.07546334870090048,-0.23588066089508283,-0.14341435565907742,0.02191584901281688,0.06087526005840872,-0.41612743983330824,-0.4823435853411784,-0.3737599542869925,-0.1981096723872644,-0.007331752775596572,,0.8564116326720878,0.9402379193999822,0.8992363730645793,0.9840325970277125,1.0,0.797200814729505,0.7972156328311144,0.7503751571155866,0.7465934684638206,0.6217622763077943,0.6202806167132314,0.3882618797806786,-0.15516655787348493,0.21014498149685143,-0.08515658518900865,0.09611118611899425,-0.10190811361607326,0.0917417627796531,-0.5582729074594293,-0.6536062446666645,-0.6705227009658722,-0.21159088536065776,-0.1490930178255873,0.21206401293447094,-0.09625395649176628,0.09554541961507007,-0.0003208728617891587,0.09281516998205491,-0.5492239058123632,-0.6487062100418727,-0.6638412525128873,-0.20896447263189483,-0.14026308904775991,0.2197200638025506,-0.08992687956597546,0.0966735859433449,-0.0870269754281885,0.09710427526821339,-0.5439395110155039,-0.639274120668717,-0.6597840156227647,-0.20403083037773553,-0.14586029377244988,0.2087870918210948,-0.35931093604413167,0.015402642830300465,0.06673088031659162,-0.49133553463046437,0.1413359095482734,0.34158220059639727,0.3629364110477315,0.32831467558346117,0.5165126717705347,-0.07907609766966045,0.047997978572788216,-0.2927837721500656
shipped_pc,0.7956688615807639,0.7946388262688899,0.7901365360651824,-0.49788182264935277,0.41696044178132324,0.017151445059160716,0.1620272121685698,-0.028863198298303645,0.3091259567868019,-0.13269524911226518,-0.025683825986624487,0.07025956866357506,-0.07280169295830888,-0.3131874047687779,-0.07748411714578687,-0.05668969849246231,0.058223459591399754,-0.5593383267624874,-0.6110855002210746,-0.542491171197394,-0.37270678929798917,-0.019463071761158118,,0.7089042862516787,0.7539762413406901,0.7869296369639343,0.7949706445608117,0.797200814729505,1.0,0.9953630554394924,0.7797168615209659,0.7761927050296952,0.7702750024495559,0.7667047845694868,0.4518216543227639,-0.07086136641023935,0.05459627649585608,-0.06806907920760336,0.09089728055741995,-0.201786987191146,-0.07566363198920521,-0.596187606812719,-0.6817856378913392,-0.6507076093587343,-0.3545342422341765,-0.06403594112110354,0.05720669150019535,-0.08701536783899472,0.09012367064483512,-0.09562394372390474,-0.07382015778758035,-0.5856322401613013,-0.6755543743535506,-0.6418772877459733,-0.3511144633794846,-0.05400505753204733,0.06704824956659661,-0.07715220218605368,0.09143865708467983,-0.18843385150955863,-0.0698489388860901,-0.5804786080408694,-0.6656045802098884,-0.6378285328362946,-0.3452153071536676,-0.17218324820994996,0.3133294097445306,-0.16052920511750235,-0.05102439285087935,-0.052767650460173926,-0.33636472574498627,0.04350380702620905,0.2827669771298168,0.2866155077869491,0.26361066796753485,0.3329837437056331,-0.10123967606879651,-0.07226984017421362,-0.12249594778411972
shipped_pc_cpi,0.780667418807313,0.7937972598598388,0.7960719865127833,-0.4869117772519944,0.41805886042939183,0.01880609617023418,0.17130330810152677,-0.019142423161369892,0.3006069929374294,-0.13980310000190846,-0.027058866991852473,0.07275392271343975,-0.07153265476246187,-0.29904390630615696,-0.07422501061363992,-0.07478479220192003,0.05344761421974558,-0.5700590939886536,-0.6199764341720287,-0.535035735105293,-0.3729070734785659,-0.01818454180487855,,0.6709531334261287,0.7455511684020987,0.7722378353770553,0.7795846735103025,0.7972156328311144,0.9953630554394924,1.0,0.7765682179505816,0.7777894255242654,0.7664143093161973,0.7678777861759649,0.4556474246843765,-0.06940528815178616,0.061370509076562954,-0.07843322247697872,0.08994013362878274,-0.18734692120643198,-0.07353153034914581,-0.6010806092202011,-0.6850530818970446,-0.6513878583661449,-0.35337913154429,-0.06544440118204158,0.0625675642024856,-0.08542428780007513,0.08983380255792067,-0.11502753925342395,-0.07191654569921423,-0.5973924620274824,-0.6820739578187096,-0.6487121002168719,-0.3519530033522052,-0.05850015236652032,0.06722060060474488,-0.08143557831823796,0.0903153815868762,-0.18002876610123264,-0.06932106212317367,-0.5944241191325075,-0.6752420279389415,-0.6454502753894534,-0.3484038181120061,-0.1745527222967145,0.319177814654321,-0.1614500124281555,-0.041042280985260575,-0.05198576301929901,-0.342926098202069,0.033786819486818255,0.24068881675380685,0.2583241734802498,0.24284836337215307,0.3308114911904407,-0.10043196239641525,-0.04978520814401339,-0.1145254511778555
invest_pc,0.7034950108140796,0.7061481081409551,0.6980644634013969,-0.46950038091860385,0.31264046100448245,-0.012671899025436839,0.15160403992564345,-0.0451477111080074,0.36497528631845166,-0.14017235963771763,-0.13010884189695332,0.07950148197585424,-0.08896503449527923,-0.2314718898714308,-0.10332984794629893,0.06978757910933084,0.08927177986109362,-0.46713576462696654,-0.5129488814650632,-0.4147167689967519,-0.18336327625720855,-0.04427138605637074,,0.6893413113319466,0.7259176653638701,0.7501559912632786,0.7426207533803396,0.7503751571155866,0.7797168615209659,0.7765682179505816,1.0,0.9975485467099943,0.9194096103740165,0.9167701196940914,0.8230886489643541,-0.0347215071199153,0.061001846443561464,-0.07456941533365238,0.01354713086528554,-0.09365751075127167,0.034510188083215106,-0.5263448620162041,-0.626762483104648,-0.5939423261434291,-0.20383848182599754,-0.03216388161945943,0.06244250131283031,-0.08927222702728765,0.013396383780343279,-0.011332423502152533,0.03995913888709802,-0.5199512909263502,-0.6213008219832643,-0.5883376922238618,-0.20368824886569398,-0.02665970898207363,0.06675727769976275,-0.08097204635644602,0.013811959731343165,-0.08169777456135002,0.04323708558377329,-0.5150256343091056,-0.6119444393918806,-0.5848682406949445,-0.19821384309197526,-0.08226252451494155,0.23767328610134364,-0.1655956613607863,-0.005219214948666286,0.07842499942293266,-0.29619748150030895,0.1861581582645141,0.29396260236287614,0.29466318775421474,0.26971133785947016,0.31263476876491186,-0.09566379824289087,0.05664014272701007,-0.18950421559382802
invest_pc_cpi,0.6912182744465818,0.7027547520538245,0.6999178863335315,-0.46698782171491693,0.31111994088008316,-0.002024051047868738,0.16009478301009034,-0.03440972884364502,0.3582112348770716,-0.14408012536753909,-0.13102255982352462,0.08256261924515142,-0.08972814965583355,-0.2224638816748248,-0.0982243469176478,0.062794547871694,0.09098339283182075,-0.4695551555665121,-0.521597687083932,-0.4067190100246105,-0.1832081609113572,-0.03674834068793402,,0.66368797059839,0.7180671889262416,0.7403820368431598,0.7293426095098413,0.7465934684638206,0.7761927050296952,0.7777894255242654,0.9975485467099943,1.0,0.9190960950498583,0.9199463464292694,0.8285866404902794,-0.02759496420746541,0.05782833713693057,-0.07601654297400368,0.012577166918592146,-0.08323100978658567,0.03488493238644851,-0.5265328734365194,-0.6309031732441648,-0.5906018532131071,-0.20664018891699035,-0.02670122623989822,0.05868842169777047,-0.0841665326597451,0.012627318664295884,-0.02507400578249425,0.03832939257423944,-0.5233540370948803,-0.6276400329974032,-0.5887224297870223,-0.20664785415978712,-0.023747443147285944,0.06005436661985765,-0.07926944519319645,0.012910257456290632,-0.07585453815915372,0.0416668989380772,-0.5200900855719611,-0.6206773656682877,-0.5860094061427091,-0.20291275449132243,-0.08702283183059518,0.24640851376598472,-0.16248362601748462,0.006143251917355209,0.07645663909545629,-0.2934526802280425,0.17781803456380635,0.26681728631226126,0.2747629554264762,0.25446860388569753,0.3058282327451779,-0.10063840624424036,0.07673392373297114,-0.18031390320783994
invest_pc_nobudget,0.6319948335625967,0.6295720153964666,0.6330123511680684,-0.42014587196533754,0.2678951764353631,0.00281414997781167,0.08902886042465588,-0.08079861237975908,0.33648208830066384,-0.12274041142288032,-0.03929629415315347,0.057958571446101656,-0.1264957054769722,-0.24961290547422568,-0.05109977864508499,-0.015706831078332747,0.07573606772597721,-0.5340677769159227,-0.5961286209640968,-0.535432944611663,-0.38704058645144684,-0.05947784636476154,,0.5685034773262098,0.594862790521663,0.6675175769608024,0.6221501544799368,0.6217622763077943,0.7702750024495559,0.7664143093161973,0.9194096103740165,0.9190960950498583,1.0,0.9981883063197212,0.7592912855767975,-0.03531277970253941,-0.06355960102792492,-0.04997413565507692,0.08794010574889716,-0.15308625565499243,-0.04805913575509867,-0.5365763068638129,-0.6729501956447461,-0.5882351356477903,-0.40710254437481896,-0.030235938480555176,-0.06075008773435496,-0.0680789309923893,0.0872419925399508,-0.07906760798999786,-0.04625020744595137,-0.5283441768642514,-0.668072142985068,-0.5812583834902385,-0.40464884000870915,-0.02312745819782078,-0.05247159113941272,-0.0596235377924648,0.08842478639415123,-0.14505071196472535,-0.0421471452421835,-0.5236253987874114,-0.6598191653528745,-0.5783290616787143,-0.39923495112770874,-0.1293695722351006,0.40399414370904047,-0.03894548929100837,-0.050977546584252735,-0.04045050788544303,-0.16625051283934422,0.05996404132058,0.24838069380266067,0.2474980253840634,0.19822991278967544,0.1682249464107138,-0.1362891013537226,-0.0842918149922745,-0.06976029631194236
invest_pc_nobudget_cpi,0.622130549068807,0.6281520585065313,0.6358290272425563,-0.4144211588512758,0.2679308261666789,0.004488427714876583,0.09507510352388916,-0.07534154173036453,0.3299489865552671,-0.12633755470293234,-0.04177989294886475,0.059026904270028255,-0.12604584464420623,-0.2402290717826668,-0.04820830341537257,-0.025845882964569508,0.07465393739755377,-0.5395393868639097,-0.6026591924040098,-0.5305326235391898,-0.3872244946154384,-0.05740831647426182,,0.5440043958465579,0.5880795905913734,0.6576374581087405,0.6113771215866687,0.6202806167132314,0.7667047845694868,0.7678777861759649,0.9167701196940914,0.9199463464292694,0.9981883063197212,1.0,0.7616277679932608,-0.033905070542551895,-0.06204003398715083,-0.054808949281134244,0.08604648835666749,-0.14066122693483243,-0.04643494489216368,-0.5381923287989777,-0.6759720404426441,-0.5883295877165166,-0.4069561721186685,-0.03072368020978148,-0.06015616113555318,-0.06569584320649062,0.08576501134091712,-0.08839898703438967,-0.044897933327960854,-0.5340951891773147,-0.6731323138071507,-0.5850639493682117,-0.4057313867866032,-0.02574158996218324,-0.0553556309826315,-0.060768013199151295,0.08641718929394683,-0.13657839733339786,-0.041609547284414475,-0.530762941000575,-0.6669147308506049,-0.5826890840675885,-0.4018444349303345,-0.1309198320480233,0.4096427390047733,-0.03758444270017076,-0.044617838746935146,-0.03899831068851841,-0.16772299556067027,0.053858181744961674,0.22069765308711473,0.22831599550545506,0.18350842668101583,0.16628697977183332,-0.1381392413539615,-0.0697258768511539,-0.06335654924672127
invest_share,0.2300223611782928,0.23933391068673865,0.2405917709144455,-0.2580059443315223,0.08976834104605251,0.0030955988465208844,0.1241530782068925,-0.054862340054765396,0.33073483599310904,-0.009278061313593055,-0.0205463992369366,0.06392370678715702,0.01030619440258402,-0.018790526503912813,-0.019078567492255255,0.18128569638837713,0.05214976603959172,-0.22232965233379506,-0.18793036035098837,-0.13756729023616324,-0.00300075636074351,0.009055631708620152,,0.3096561988477241,0.35215833894948195,0.42484871534634194,0.3701348955028675,0.3882618797806786,0.4518216543227639,0.4556474246843765,0.8230886489643541,0.8285866404902794,0.7592912855767975,0.7616277679932608,1.0,0.026771762950131922,-0.024697025642810174,-0.04325605171220061,-0.0039516349927991735,0.04533730651228467,0.06301174414564129,-0.3466693877381058,-0.366838013868452,-0.34820780512042415,-0.13074655298992044,0.024322902323721227,-0.02438371763111878,-0.04164053916511058,-0.0037321500634390783,0.04859414539357114,0.06277883429917691,-0.34737333386541447,-0.36630761586272964,-0.3496505922126693,-0.1309458262027256,0.022369541348725906,-0.027184169410872882,-0.04208951766999286,-0.003397185555457023,0.04511859729445858,0.06559829304507475,-0.3468218038745351,-0.3643018450311465,-0.34829698612436805,-0.12962691196132417,-0.011762509754889223,0.17784182588522268,0.002156404843156463,0.007494511658768395,0.022018341137045396,-0.09365388052998948,0.09871332631828446,0.13709120028777103,0.14550769643885886,0.07219429149463208,0.09559694942427004,-0.06306558715553195,0.08415241877404209,-0.08200123145808019
emp_share_A,-0.09309194177502338,-0.09566998133555196,-0.09671128761673936,0.47992760215864533,-0.12713100337377178,0.12815249048518385,-0.027878243022169173,0.18615366384740084,-0.15159940319613868,-0.11848588009781283,-0.2373009682416641,-0.1434659331569702,-0.29906781281319755,-0.1979723387249752,-0.027980912307504578,-0.1187558962426865,-0.11909785747879292,0.1182720587356932,0.1250671958934975,0.04901182037377354,0.10644579997054085,0.030062775387752132,,-0.04924104530959542,-0.06281221596395505,-0.1311824526516207,-0.1478837548767712,-0.15516655787348493,-0.07086136641023935,-0.06940528815178616,-0.0347215071199153,-0.02759496420746541,-0.03531277970253941,-0.033905070542551895,0.026771762950131922,1.0,-0.06651210548607205,0.009785126244252781,-0.1901080669079627,-0.08193892926323537,-0.045346905963793274,0.07379455095705365,0.09524643858614343,0.1708891650581647,0.05043145345815307,0.9992235135918299,-0.06584730565412998,0.003987309574385021,-0.19046348537724625,-0.05743518061764004,-0.04613699457429221,0.07533746828962037,0.09571220698162441,0.1729034483345579,0.05147506505141239,0.9965999662793306,-0.0652760452449317,0.0077195168792853945,-0.18953508367067826,-0.0760262908948748,-0.04359609801201024,0.07820935369877352,0.09651277958228424,0.173467285714126,0.05258699103859833,-0.11330912038474222,-0.21856745349489234,-0.35693777504411495,-0.08763528890574297,-0.0856984364003424,-0.06899875530047953,-0.11611416319384643,-0.2300314708126137,-0.2428044643187995,0.007217340688780463,-0.19762145231889455,0.2787390561191658,-0.20139681055248917,0.22765714597074183
emp_share_D,0.10057153551074269,0.11085276405119672,0.09917281190945208,0.009076772244471608,0.13170705534232835,-0.12846329721855784,0.45665382026555396,0.1487637944020929,-0.17008331857773862,0.02397643606729645,-0.13152253740282505,-0.1389080051473756,0.0811576044549791,0.03540500616180383,-0.07054481545189824,0.029899923068318467,-0.1180527895972065,0.07378018866892745,0.15521633102127472,0.18790723389479003,0.2837027166941429,-0.07423909147390763,,0.1834074046443647,0.234701197055594,0.10219610802955809,0.1923463384362542,0.21014498149685143,0.05459627649585608,0.061370509076562954,0.061001846443561464,0.05782833713693057,-0.06355960102792492,-0.06204003398715083,-0.024697025642810174,-0.06651210548607205,1.0,-0.01026023971242258,-0.25876991521085985,0.13703732130819443,0.092652349245651,-0.05537959713880937,0.11076454191804799,-0.0013410601957861285,0.23646472444670635,-0.06694751213758268,0.9994665015990483,-0.0022834290376527984,-0.25861724263203595,0.12899895367083955,0.09288421845919329,-0.05798365725219467,0.10945628094971953,-0.003947677695054642,0.23509159046431993,-0.06878785371534535,0.9955067057806823,-0.006496861544776538,-0.2590374902102041,0.1397672454968649,0.09001567801923302,-0.060623870067751405,0.10660754961925706,-0.005337641469661741,0.23236108536629554,-0.0711756012808036,-0.18607764353781614,-0.28170635380534237,0.069114469961782,0.050654282900738694,-0.3157148224467775,0.021772402256924502,-0.07489649392833321,-0.05841127214468003,0.19404617116096853,0.3220158963307109,0.06347838984342252,0.09564966341897828,-0.10660580149683352
emp_share_G,-0.0233021126571599,-0.037125755443643355,-0.033164424996428805,-0.12874851274551058,-0.20555562797170515,0.1985651268854715,0.1369646619943755,0.1041180176833403,0.05944952592570726,0.782114784571751,0.16539058872639192,0.12547255022480175,0.17090952110418192,0.2473367909080353,0.11371803265538294,0.08905584734592005,0.17944349220024738,0.18747558248034007,-0.0307431326468512,0.09795239685301038,-0.0071106152231137434,0.3043560788299634,,0.00331775046259642,-0.036298712462514246,-0.05994013763807286,-0.06399888899549795,-0.08515658518900865,-0.06806907920760336,-0.07843322247697872,-0.07456941533365238,-0.07601654297400368,-0.04997413565507692,-0.054808949281134244,-0.04325605171220061,0.009785126244252781,-0.01026023971242258,1.0,0.11006179403281842,0.4508196502450174,0.05854937951326456,0.2349916802219435,-0.09748652966032326,0.1859872807491837,-0.08580830474605498,0.011617793315688196,-0.008776210332641938,0.9909550050629533,0.10884067440211734,0.455911203918218,0.056645384189245876,0.2417791839181358,-0.09382418399618354,0.1933279697893398,-0.08221477247443523,0.011466013403434975,-0.009007227426086763,0.9972341150770633,0.1097299327416906,0.4595668790589947,0.054673216832033675,0.238466218457303,-0.09297185983213808,0.1906118340788108,-0.0810910476190695,-0.3405159759432933,0.1354049176681258,0.2822752924215277,0.1539718322633755,0.2406686567991392,0.38028791926087,0.06516131965593258,0.47231911200880256,0.4939405272386923,-0.06769621885103726,0.13564869627507034,-0.2618830399818012,0.06587663149504022,-0.057093799451719426
emp_share_H,0.16760275432537716,0.17280838758428135,0.1848263960229188,-0.3176316898738602,-0.050473592364498596,0.08026222592406435,-0.09430147149911214,-0.03886789873932769,0.24392453449030557,0.09318833326884315,0.8083302475755467,0.10774794667795452,0.18842092369233668,-0.053537152201653324,0.07946372691977055,-0.07154278796618625,0.1472554154790438,-0.24673949509720294,-0.3376512845989322,-0.25512231948188524,-0.35743184214117907,0.11982866519074165,,0.07434067108593115,0.0899659246209368,0.1940735401391565,0.09485330711912345,0.09611118611899425,0.09089728055741995,0.08994013362878274,0.01354713086528554,0.012577166918592146,0.08794010574889716,0.08604648835666749,-0.0039516349927991735,-0.1901080669079627,-0.25876991521085985,0.11006179403281842,1.0,-0.013583743709833007,-0.1506478732982912,-0.13718476302863272,-0.32484047497938606,-0.18075688188687553,-0.36325126981777667,-0.192458125855388,-0.25855473901739773,0.10707037443093459,0.9998727373498081,-0.0032867479845581954,-0.1507748632915667,-0.13608372005893643,-0.3239448195214035,-0.1813169840295952,-0.36397729586434974,-0.19381919896272953,-0.25860654601096855,0.10991914228303287,0.9998598251824959,-0.00984206521977547,-0.15096524316315024,-0.13497613140490722,-0.3208537543967981,-0.1816503924476533,-0.36438066002032427,-0.27930504082308366,0.08440061346295359,0.18407658521438225,-0.030448327886489417,-0.06480460647683844,0.1438354472367445,-0.049725960385352326,0.17181615965703378,0.17847231365830785,0.027246800803172887,-0.0588160193735365,-0.1960080743178372,-0.11022986096424749,0.025263067877566322
emp_share_K,-0.22051712484454633,-0.1950461889328952,-0.18252461140579174,-0.06834113076809976,-0.1939174602673126,0.15137116986165572,0.13129218777323295,0.045436582435986174,-0.026444799569446488,0.4707737266674664,0.05012446729618737,0.03450159487586919,0.37208463195187746,0.7771643432872758,0.14703763382471396,0.2829299964738563,0.171782458386754,0.3234173960701029,0.14682096828122804,0.32465076926955366,0.2503285498422774,0.23348686887134232,,-0.19674503572172572,-0.15329329306762318,-0.1355945531347003,-0.14150620651947357,-0.10190811361607326,-0.201786987191146,-0.18734692120643198,-0.09365751075127167,-0.08323100978658567,-0.15308625565499243,-0.14066122693483243,0.04533730651228467,-0.08193892926323537,0.13703732130819443,0.4508196502450174,-0.013583743709833007,1.0,0.2905763479288526,0.30778905858691324,0.015548564244413712,0.2346361317482177,0.14054981296401103,-0.08664153031981363,0.134057594072573,0.4854749617379009,-0.012187803301572151,0.8402742951544754,0.2900289585185323,0.29251181663345677,0.009322326749275366,0.21998680762637124,0.13620347927562043,-0.09395059338816948,0.1195259521920597,0.46867374693148034,-0.014265865205111083,0.9928193164579343,0.2844923122031909,0.28480474404474326,0.0026712700631939664,0.21680382999257203,0.13070110757733835,-0.2006240788020454,0.17732087202999042,0.20891589814544057,0.20948306400427824,0.2285985803449473,0.411345201552204,0.034332845402050956,0.1510999107888463,0.2011176136308642,-0.20870333473783104,0.017097638942948773,-0.22576895919877166,0.2732153168093726,-0.09737683394115777
emp_share_M,0.0004567912241295291,0.0031526889589055043,-0.011512239648784093,-0.012095816230234372,0.21819386851254363,-0.10859718711057814,0.07192425264945011,0.09781752178677058,-0.04714033957942308,-0.006183238432246981,-0.215379898355684,-0.008254242847072836,0.10301621310585345,0.12477887585889187,-0.17018132540934613,0.6473288256260329,-0.0828533474458265,0.07255543495625062,0.1918567126564593,0.1353999473667395,0.17887755294850993,0.10208161186941216,,0.0728425911230536,0.08976834066233397,0.08212724146894745,0.08515914268478103,0.0917417627796531,-0.07566363198920521,-0.07353153034914581,0.034510188083215106,0.03488493238644851,-0.04805913575509867,-0.04643494489216368,0.06301174414564129,-0.045346905963793274,0.092652349245651,0.05854937951326456,-0.1506478732982912,0.2905763479288526,1.0,0.07236787868683704,0.21213923285904476,0.09072963139576314,0.30293010729525915,-0.045412692700266793,0.09257101697948,0.059075131348739124,-0.15045459409095072,0.271228819170351,0.9982766677388177,0.07185972791722871,0.21136495873579877,0.08992266855823641,0.3041195584838754,-0.04616442736289659,0.08777727052990972,0.05972913696334112,-0.15016608458938005,0.2886733200118545,0.9968082569417774,0.07154935581573506,0.2104490262850221,0.09028475572857739,0.30435120571164787,0.04294127337740709,-0.03301840023528476,-0.23550202955889324,0.06544775513495768,0.032694444147715655,-0.15376000035942283,0.10996933048274342,0.1347277853683559,0.14432249873223413,-0.04904846743544396,0.07980066608026741,0.15259605604341886,0.2572607964019674,-0.22946621530244898
emp_share_O,-0.4931549502043626,-0.5034624901660333,-0.5041550351634853,0.36161905391010973,-0.3298290244765518,0.07981816596852002,-0.016395026733298065,0.09855665077115736,-0.2935160018589502,0.2080939909861995,-0.03026454386032648,0.01414509656521148,0.10807372736830834,0.2984475357489528,0.17849245025509183,0.0964857706096984,-0.034213843993016455,0.6963597878395883,0.3719507665404034,0.40772330490534364,0.24590441685755016,0.12177042823719042,,-0.45411238784513197,-0.5112585565704985,-0.5499113100926722,-0.5433579321814581,-0.5582729074594293,-0.596187606812719,-0.6010806092202011,-0.5263448620162041,-0.5265328734365194,-0.5365763068638129,-0.5381923287989777,-0.3466693877381058,0.07379455095705365,-0.05537959713880937,0.2349916802219435,-0.13718476302863272,0.30778905858691324,0.07236787868683704,1.0,0.41519491120328494,0.5609514679412051,0.2296108063754238,0.07200252079031809,-0.05602200697236796,0.23770168240085243,-0.13670205028583954,0.25831892766301895,0.07259619619306533,0.9961288543923772,0.4142041251816204,0.5609549321099084,0.22878864427025306,0.06801167001909718,-0.0601775374216808,0.23572545803593367,-0.13742920878719916,0.30131106411565856,0.06870465395009914,0.9915344493174357,0.41086187248622585,0.5588363455040737,0.22720079726523718,-0.08934351900089386,-0.09075365253329368,0.16338747592502822,0.044417071921714846,0.03597832054546012,0.3805129065454937,-0.0392140996798422,-0.059838068070016535,-0.07140613584902678,-0.2137468826196183,-0.22267815325024884,-0.0026868829657552165,0.028420932902612384,0.08299769549961616
emp_share_P,-0.6642331982689315,-0.6794695212994772,-0.6998857255189316,0.5257618443905637,-0.07501374616544379,-0.09181170454420964,-0.08408867063427844,0.10956700341191311,-0.3178946227263318,0.017487538129126512,-0.19931421432416438,-0.15164652974070567,-0.01273557534097945,0.1776449221381128,-0.05170037356893061,0.08614765923061238,-0.23664927496300062,0.44645585081100825,0.8162930933358455,0.5102024041303088,0.5254267852613772,-0.011671279640046541,,-0.5189493311038531,-0.5784634435757924,-0.6491624147877162,-0.6376467628227804,-0.6536062446666645,-0.6817856378913392,-0.6850530818970446,-0.626762483104648,-0.6309031732441648,-0.6729501956447461,-0.6759720404426441,-0.366838013868452,0.09524643858614343,0.11076454191804799,-0.09748652966032326,-0.32484047497938606,0.015548564244413712,0.21213923285904476,0.41519491120328494,1.0,0.5498339392681784,0.6741348638704152,0.09494202399767548,0.10961518581128799,-0.09559598313376749,-0.32488843262794553,-0.0008094063987792071,0.2120688399307908,0.41547478359444034,0.9990486444882757,0.5505624984126818,0.6736042295702808,0.09311721585766523,0.10590740758187574,-0.0970217395329024,-0.3250156965248084,0.013777912724078946,0.21057384031353457,0.4156614574579073,0.9937124122842265,0.5497536727403002,0.6720809646402641,0.2229119581003049,-0.4961880968623451,-0.046274500397896316,0.03534719821836122,0.0568808182062054,-0.03923786758941372,0.013132844928729934,-0.2887560447192199,-0.31118497433694153,-0.22115903367515544,-0.16817435313346246,0.36202553054742737,0.1938509570173286,-0.049695691985182845
emp_share_Q,-0.6274415954666934,-0.6337884740960624,-0.6359627129466281,0.44238094553666985,-0.30995397668559804,0.1862052114218472,-0.0003777213096295923,0.10903928367480621,-0.2830175651243524,0.17522788037977177,-0.09923574548680586,-0.01821751529408027,0.01223121102300431,0.34151005273390983,0.10888665355589573,0.12417564391458215,0.032652866424511116,0.4779823244325016,0.4812417559521321,0.6987106089758538,0.32790319021069947,0.1233312571993497,,-0.5514383261207498,-0.6032630323099106,-0.6263875328684312,-0.6620586872381486,-0.6705227009658722,-0.6507076093587343,-0.6513878583661449,-0.5939423261434291,-0.5906018532131071,-0.5882351356477903,-0.5883295877165166,-0.34820780512042415,0.1708891650581647,-0.0013410601957861285,0.1859872807491837,-0.18075688188687553,0.2346361317482177,0.09072963139576314,0.5609514679412051,0.5498339392681784,1.0,0.3594636367728545,0.1680113745774048,-0.002276111416977245,0.19267961140535325,-0.18091202599374523,0.18575021369179504,0.08967128360333784,0.5559216707258988,0.5468468263919036,0.9973416915823747,0.3585231342595403,0.1631404576942787,-0.007514730482048905,0.18905727573635955,-0.1806644305861244,0.2306795268566891,0.08644371163947313,0.5524541363805429,0.5410617117979638,0.9943744886055459,0.3556225733924639,-0.033639924249854125,-0.28153833888098045,0.18871978868217248,-0.035835676544870694,-0.008505821026917656,0.408432029323871,-0.11047273980772637,-0.06910220832981499,-0.07211223558960154,-0.12845551893735577,-0.2522603867923439,-0.01005745323433444,-0.11132430709038521,0.28360052206264535
emp_share_R,-0.30176449260029276,-0.3053447001266548,-0.33466380235945276,0.2713544688132763,0.133779658439085,-0.01880974280754515,0.06900436904464755,0.1582353829321815,-0.17590278725491837,0.0356248373321016,-0.26182739188944953,-0.02804320887656297,0.04150528956125583,0.20476011592193694,-0.07354837292401194,0.15829181421990068,-0.15356961950080592,0.33024628328907984,0.6139371537430998,0.4759097711471676,0.8038458714577957,0.059777388032814176,,-0.1611450681736754,-0.16490834077235866,-0.2661575087103257,-0.21339185362635218,-0.21159088536065776,-0.3545342422341765,-0.35337913154429,-0.20383848182599754,-0.20664018891699035,-0.40710254437481896,-0.4069561721186685,-0.13074655298992044,0.05043145345815307,0.23646472444670635,-0.08580830474605498,-0.36325126981777667,0.14054981296401103,0.30293010729525915,0.2296108063754238,0.6741348638704152,0.3594636367728545,1.0,0.050584905487955564,0.2353154185673955,-0.08080714876674142,-0.36356839066771524,0.12666880264244673,0.30347643998563806,0.22889723850201396,0.672730284365709,0.3605278630786676,0.9989773099481183,0.0490221594408864,0.22958593599905444,-0.08376489984198889,-0.3635160435763511,0.14043650661931043,0.30143606630792213,0.2275368548956059,0.6681098518368638,0.35947993274323153,0.9971052905280285,0.03800539102448504,-0.39506284160562927,-0.21535567279196105,0.11713956769729436,0.2053155446052532,-0.21444468993655832,0.15146420068264774,-0.12792340035315644,-0.1280873841874242,-0.1350378082785688,0.0923461124245433,0.28060070674666354,0.29981511954182744,-0.19541072600886905
lq_A,-0.0821935258822785,-0.08945840788130993,-0.09321499892939701,0.4776736528499034,-0.12331936825245736,0.1284141994614948,-0.030065534878241533,0.18456827860933855,-0.14814224679448962,-0.11736950280513182,-0.23886693535286865,-0.14152567583004408,-0.2992114688350307,-0.2039225582604668,-0.02907362544615652,-0.1121415308653797,-0.11666995352234083,0.11901911487066603,0.12641421715172488,0.043934060355409796,0.10611953629116146,0.030298560022443362,,-0.030207172603051,-0.053262774231583494,-0.12087243599133562,-0.1365439548549423,-0.1490930178255873,-0.06403594112110354,-0.06544440118204158,-0.03216388161945943,-0.02670122623989822,-0.030235938480555176,-0.03072368020978148,0.024322902323721227,0.9992235135918299,-0.06694751213758268,0.011617793315688196,-0.192458125855388,-0.08664153031981363,-0.045412692700266793,0.07200252079031809,0.09494202399767548,0.1680113745774048,0.050584905487955564,1.0,-0.06585267932170032,0.0022011269223315855,-0.1931101928020676,-0.052097747682556636,-0.04606050490519863,0.07619186991499204,0.09656876016574112,0.17246077927480122,0.05230965751170916,0.9984289019869138,-0.06315230668576947,0.007493798855086424,-0.19195014178818978,-0.07904137114646576,-0.04333751015744241,0.07965076303499513,0.09837038455641413,0.17300801211617525,0.0541490325713896,-0.1132469213276845,-0.21947129696585346,-0.3586183161678559,-0.08886576159594985,-0.08429902226143444,-0.07050874222300298,-0.1103454221372411,-0.214461323438965,-0.23147614064127844,0.018913867182193202,-0.19266958901073525,0.2790562155848409,-0.21130041805929103,0.22361961359683602
lq_D,0.10482153279907627,0.1128948555977122,0.10026773810027888,0.005902049979194841,0.13164848943317775,-0.1280224345039096,0.455695169972476,0.14820306751781165,-0.1670974955767041,0.02526783046426578,-0.13078351569866972,-0.13777236291678832,0.08080551844008706,0.032192523379182,-0.07084978343686409,0.032542474200201815,-0.11667188515226777,0.07484349890211478,0.15508463601424421,0.1859156588096075,0.28448386230271133,-0.07338803753181411,,0.1916344342088691,0.2378891470752296,0.1061228801835204,0.19685165176110273,0.21206401293447094,0.05720669150019535,0.0625675642024856,0.06244250131283031,0.05868842169777047,-0.06075008773435496,-0.06015616113555318,-0.02438371763111878,-0.06584730565412998,0.9994665015990483,-0.008776210332641938,-0.25855473901739773,0.134057594072573,0.09257101697948,-0.05602200697236796,0.10961518581128799,-0.002276111416977245,0.2353154185673955,-0.06585267932170032,1.0,-0.0028309179043057384,-0.25855260607657543,0.1315675574632632,0.09214206420905281,-0.057164219596565174,0.10894198452811901,-0.0037350850821196956,0.23479310752457097,-0.0669622602557696,0.9970050391171034,-0.0058504761454712464,-0.2585645192413342,0.13766031251658306,0.09024790613815743,-0.05925850972884068,0.10664878544592582,-0.004723887688649449,0.23271075573698186,-0.07199947445622591,-0.18531850704501138,-0.2821514408437851,0.06602341446321564,0.0506800490006099,-0.3151617449372575,0.02421495176155383,-0.06766054968408844,-0.05375853683649188,0.19838076492100556,0.321899869093174,0.06403282514262883,0.09669235332951068,-0.10896168568137055
lq_G,-0.058689836134692246,-0.05372866964854812,-0.04093954541979462,-0.11393394359568097,-0.21116196434544493,0.1930788375849879,0.1508874190214047,0.11017405647356837,0.041421718476938436,0.78917949128996,0.17132013004509095,0.12080642236169727,0.18139039492119235,0.2772341993740758,0.117181535933282,0.06764160480313433,0.17666088839106353,0.18216068041915745,-0.030833960192392512,0.11718873968154336,-0.002582501792898784,0.30582056055492046,,-0.061632469709446865,-0.06118553997982402,-0.0893440903736648,-0.09683720953716281,-0.09625395649176628,-0.08701536783899472,-0.08542428780007513,-0.08927222702728765,-0.0841665326597451,-0.0680789309923893,-0.06569584320649062,-0.04164053916511058,0.003987309574385021,-0.0022834290376527984,0.9909550050629533,0.10707037443093459,0.4854749617379009,0.059075131348739124,0.23770168240085243,-0.09559598313376749,0.19267961140535325,-0.08080714876674142,0.0022011269223315855,-0.0028309179043057384,1.0,0.10694058371283503,0.4460849668747143,0.057465490966195965,0.23430922080087185,-0.09636178194582483,0.19158120746545954,-0.08040073841279707,-0.0017933961015604053,-0.010522108697457832,0.9970561139853941,0.10650327563545882,0.48638818401453465,0.0534488208994917,0.22861452778749045,-0.09927443330997937,0.18825238611672762,-0.08235250841098954,-0.34161217185039777,0.14788947182838383,0.2905839146383661,0.17468196880605893,0.24340794541192792,0.3794270032321506,0.046897339972790046,0.410057453253685,0.4519606448350755,-0.1069319553016309,0.12347497668097046,-0.2639280753331767,0.10077319338183971,-0.04836779384629217
lq_H,0.16582660546058323,0.17212347644234366,0.1844915023507245,-0.31608815184480304,-0.05123674169743988,0.0795649898950283,-0.09424374809990181,-0.03961777683474125,0.24233668149812934,0.09296566933636033,0.8076246956241152,0.10692149051364831,0.18822736812458543,-0.05235674614027908,0.07934081435912002,-0.07350040759295833,0.14740918928298244,-0.24727488840473028,-0.3378280920954072,-0.25367635841482716,-0.35779368909944226,0.11941176469934314,,0.0709992948567697,0.08895336671414515,0.19285090378419378,0.09312333093857682,0.09554541961507007,0.09012367064483512,0.08983380255792067,0.013396383780343279,0.012627318664295884,0.0872419925399508,0.08576501134091712,-0.0037321500634390783,-0.19046348537724625,-0.25861724263203595,0.10884067440211734,0.9998727373498081,-0.012187803301572151,-0.15045459409095072,-0.13670205028583954,-0.32488843262794553,-0.18091202599374523,-0.36356839066771524,-0.1931101928020676,-0.25855260607657543,0.10694058371283503,1.0,-0.0008710832572772757,-0.1502853581617621,-0.1361503055769245,-0.32410899415751737,-0.18191709867671424,-0.3646082842266034,-0.19439003633216406,-0.2588047986105462,0.10945865534068779,0.9997772464116986,-0.008069391916027503,-0.15016276035902779,-0.13469069453756063,-0.32067053737516404,-0.18174140587605275,-0.3648658645480032,-0.2794946757751741,0.08374331261203972,0.18490748971640483,-0.02928606204199718,-0.06443410020727691,0.14430998791744798,-0.05151220679639479,0.1690222592871665,0.17682320120245743,0.02505439274370506,-0.058855080818729824,-0.19632756066676094,-0.11073855623088477,0.027033393345394046
lq_K,-0.05726596466522571,-0.08827710585723372,-0.11580016193013613,-0.12240698055322045,-0.13486305180391744,0.1801945935217094,0.13410245945693502,0.029804504789838298,0.033524465768113014,0.4606938253769101,0.02077865475310988,0.05348499964327383,0.3606965122242486,0.6437337138898177,0.12044404797023904,0.31685164239033414,0.22322754278034682,0.29169334968769073,0.14773904317238643,0.2684672648484863,0.22269084418422633,0.2405405466250413,,0.06102947369790362,0.002049370006102566,0.02367220333385926,0.028222110127621745,-0.0003208728617891587,-0.09562394372390474,-0.11502753925342395,-0.011332423502152533,-0.02507400578249425,-0.07906760798999786,-0.08839898703438967,0.04859414539357114,-0.05743518061764004,0.12899895367083955,0.455911203918218,-0.0032867479845581954,0.8402742951544754,0.271228819170351,0.25831892766301895,-0.0008094063987792071,0.18575021369179504,0.12666880264244673,-0.052097747682556636,0.1315675574632632,0.4460849668747143,-0.0008710832572772757,1.0,0.28045545629636337,0.2730487922035285,0.011487278232615927,0.20072758656140427,0.1281129452148355,-0.033485793698966794,0.14690301698884345,0.4565271220002869,-0.0010473801636679732,0.8931261029960609,0.296995992737277,0.297273815782278,0.03919748999626788,0.22274422964422178,0.14279521378921686,-0.21689549940562078,0.08084832877556777,0.18613867307034385,0.16824991906341433,0.23843769753073124,0.38553537371301344,0.06693305597659807,0.35995832045131426,0.363113106227903,-0.06887948305457851,0.1252905517481715,-0.22129173363245688,0.09665205225375365,-0.10934639521923524
lq_M,0.0029376592146474626,0.005234420831856243,-0.010895263068329344,-0.0077247596565693,0.21745850150137272,-0.11092836716940677,0.06981490500764836,0.09313833138860321,-0.04836246101622265,-0.006342722530144141,-0.21780340895373246,-0.010584118213885734,0.10133795837535378,0.1235420692242992,-0.17113569551836888,0.6485690701427769,-0.08009102153205708,0.07137288572670623,0.1932876436428612,0.13386857702278127,0.17725459901778093,0.09824388765428294,,0.07502802713149102,0.09120154240938244,0.08233910241368717,0.0866896990895142,0.09281516998205491,-0.07382015778758035,-0.07191654569921423,0.03995913888709802,0.03832939257423944,-0.04625020744595137,-0.044897933327960854,0.06277883429917691,-0.04613699457429221,0.09288421845919329,0.056645384189245876,-0.1507748632915667,0.2900289585185323,0.9982766677388177,0.07259619619306533,0.2120688399307908,0.08967128360333784,0.30347643998563806,-0.04606050490519863,0.09214206420905281,0.057465490966195965,-0.1502853581617621,0.28045545629636337,1.0,0.07113966844994804,0.21169398372837037,0.08904203533809733,0.30294234860165903,-0.046017537040461846,0.08784338328531,0.05763958857602804,-0.15062428991469345,0.29039577800623345,0.997075729162408,0.07197467694711866,0.21204688389076576,0.09006183687057559,0.3035494422761605,0.04269552263799069,-0.03943874053532096,-0.23498247951762943,0.06407261587027305,0.032498731319385556,-0.15358580267473854,0.10863032609953949,0.13755679318859013,0.14742092513398136,-0.04484777719370911,0.08291619015246483,0.15352782004358292,0.24080014672596511,-0.22892022134425033
lq_O,-0.47351528258687414,-0.495349528183946,-0.5016290792812255,0.346605235333283,-0.32540530319684086,0.08156488021276904,-0.021034738441195265,0.09435589964357897,-0.2845745740683336,0.21321987645994728,-0.028546454674913943,0.014535788015271481,0.1082259847095576,0.2859601311938062,0.17554167426265083,0.11132112124382651,-0.03131799185690162,0.7021460044343201,0.3776157045130997,0.4000971296140248,0.2480522451728185,0.12264223250723812,,-0.41397907258759997,-0.4947511877914878,-0.52977552549726,-0.5215755769708054,-0.5492239058123632,-0.5856322401613013,-0.5973924620274824,-0.5199512909263502,-0.5233540370948803,-0.5283441768642514,-0.5340951891773147,-0.34737333386541447,0.07533746828962037,-0.05798365725219467,0.2417791839181358,-0.13608372005893643,0.29251181663345677,0.07185972791722871,0.9961288543923772,0.41547478359444034,0.5559216707258988,0.22889723850201396,0.07619186991499204,-0.057164219596565174,0.23430922080087185,-0.1361503055769245,0.2730487922035285,0.07113966844994804,1.0,0.4173946111797759,0.5615860840734281,0.23065478220341215,0.0751719282006327,-0.05673460578628937,0.23778725478265428,-0.1359673009163715,0.29116798318336734,0.06998398570925915,0.9977236064475149,0.4170343332742643,0.5606194891597884,0.23147134550538803,-0.09055693569662893,-0.09510867415794327,0.16106888936110936,0.03727225011910609,0.036245070896575506,0.379391482379317,-0.028790903676888066,-0.024228976102495036,-0.04746564750551658,-0.19251862483644952,-0.21427234055966182,-0.0009795164355984214,0.013577371343891373,0.07562536807393296
lq_P,-0.6538281541638254,-0.6746085630504974,-0.6980729184775484,0.5200448238768348,-0.07368901114707506,-0.09123494865644102,-0.08624622571198848,0.10613816262450634,-0.3132669423908517,0.020785414750592285,-0.19828269261751996,-0.15118163107259902,-0.01234420354729484,0.17046106962538957,-0.05338075186848963,0.09181005450428394,-0.23458417060868184,0.4481980691240582,0.8186701355265102,0.5060489895573389,0.5245000469871507,-0.011925931614297992,,-0.4989853311806536,-0.5695551135763351,-0.6384996029808746,-0.6267085008115958,-0.6487062100418727,-0.6755543743535506,-0.6820739578187096,-0.6213008219832643,-0.6276400329974032,-0.668072142985068,-0.6731323138071507,-0.36630761586272964,0.09571220698162441,0.10945628094971953,-0.09382418399618354,-0.3239448195214035,0.009322326749275366,0.21136495873579877,0.4142041251816204,0.9990486444882757,0.5468468263919036,0.672730284365709,0.09656876016574112,0.10894198452811901,-0.09636178194582483,-0.32410899415751737,0.011487278232615927,0.21169398372837037,0.4173946111797759,1.0,0.5502223052718952,0.6729355918628294,0.09668748595249183,0.10758067975047546,-0.09534325127278247,-0.32392544587926114,0.011034741731617769,0.21157054147751467,0.41931927771946814,0.9971174842552504,0.5506357582994272,0.6729418721679802,0.22069073706095899,-0.5011540334188472,-0.04679227436307044,0.03268983904626832,0.05707716972560576,-0.039218067799149575,0.01661904071051248,-0.26975431211163914,-0.2973705183383576,-0.21095827408188922,-0.1639409386336943,0.3625723745844479,0.18278028658218493,-0.05300956406808462
lq_Q,-0.6115372190563068,-0.6280385336508416,-0.6355764457532158,0.43231174479488227,-0.306711729081382,0.18681565179521142,-0.005097483728984208,0.10298781255717103,-0.2762511714304993,0.1814934764697765,-0.09973158994821155,-0.018771339133362323,0.01330977190577815,0.33032927470324885,0.10580414415921634,0.13777955529378508,0.03610683676880858,0.48440739174099684,0.4876620559217216,0.6928212376912213,0.3299997990797724,0.12261540823932941,,-0.5177152647966772,-0.5902350572398893,-0.6099863056604022,-0.6441593372709913,-0.6638412525128873,-0.6418772877459733,-0.6487121002168719,-0.5883376922238618,-0.5887224297870223,-0.5812583834902385,-0.5850639493682117,-0.3496505922126693,0.1729034483345579,-0.003947677695054642,0.1933279697893398,-0.1813169840295952,0.21998680762637124,0.08992266855823641,0.5609549321099084,0.5505624984126818,0.9973416915823747,0.3605278630786676,0.17246077927480122,-0.0037350850821196956,0.19158120746545954,-0.18191709867671424,0.20072758656140427,0.08904203533809733,0.5615860840734281,0.5502223052718952,1.0,0.3611876938525316,0.17043282203062338,-0.004861284510241291,0.19232921047285625,-0.18100287950751662,0.22144801941136924,0.08739305424435122,0.5602380105089688,0.5473029067669917,0.9980712036936031,0.36038287837128696,-0.0338984079904757,-0.2855174091013323,0.1859146170286261,-0.04221872283695794,-0.009076175162799715,0.40871848672186906,-0.10317771919814024,-0.03544386116363867,-0.04811771432340695,-0.11087782055703713,-0.2450121550242037,-0.008835928090036381,-0.1287577746729319,0.277649763976173
lq_R,-0.29592222913588134,-0.30266102776380605,-0.3330540144278905,0.2662025319274193,0.13543830609959295,-0.016475184925352056,0.06990920561261826,0.15997206546359397,-0.17142592616807684,0.03737360137346895,-0.26056589988519985,-0.026874686817577445,0.0415724323152023,0.20110247464047865,-0.07433496515469182,0.1628733141485534,-0.15401961799774533,0.33145660801321125,0.6136821500670427,0.47285155823290126,0.8045928163802831,0.062220977050575006,,-0.14961246810873344,-0.16016199381203874,-0.259465630767276,-0.20722049937485182,-0.20896447263189483,-0.3511144633794846,-0.3519530033522052,-0.20368824886569398,-0.20664785415978712,-0.40464884000870915,-0.4057313867866032,-0.1309458262027256,0.05147506505141239,0.23509159046431993,-0.08221477247443523,-0.36397729586434974,0.13620347927562043,0.3041195584838754,0.22878864427025306,0.6736042295702808,0.3585231342595403,0.9989773099481183,0.05230965751170916,0.23479310752457097,-0.08040073841279707,-0.3646082842266034,0.1281129452148355,0.30294234860165903,0.23065478220341215,0.6729355918628294,0.3611876938525316,1.0,0.05151617099043324,0.23060054200116095,-0.08132447819975054,-0.363833804051336,0.13695249670387846,0.302691891091511,0.22973682417867985,0.6689122801815656,0.3604933251888244,0.9989400246506978,0.03698108497061508,-0.39342309748975995,-0.2159674428305007,0.11502459877815509,0.20532760290622995,-0.21486712763514,0.1543142179542827,-0.11750210037183882,-0.12138062317123456,-0.1309390642750441,0.09162035749174134,0.28071948968041477,0.30190803824450996,-0.19892099984300693
lq_ru_A,-0.06851953180735834,-0.08083864787497182,-0.08831836294068328,0.47469152479514626,-0.1175221875001381,0.1290289764085688,-0.03044401312050477,0.1831033382470217,-0.1437435206889158,-0.11803537606663692,-0.24141448598992019,-0.14094763568432997,-0.3001633555399462,-0.2115557295879138,-0.032546026981252064,-0.10698383683972437,-0.11125456431208106,0.11713969839584344,0.12843518691094274,0.03965568571884009,0.10570445201751191,0.029692281414996274,,-0.006763987993287215,-0.039741172465117054,-0.10627001918345766,-0.1220694309312878,-0.14026308904775991,-0.05400505753204733,-0.05850015236652032,-0.02665970898207363,-0.023747443147285944,-0.02312745819782078,-0.02574158996218324,0.022369541348725906,0.9965999662793306,-0.06878785371534535,0.011466013403434975,-0.19381919896272953,-0.09395059338816948,-0.04616442736289659,0.06801167001909718,0.09311721585766523,0.1631404576942787,0.0490221594408864,0.9984289019869138,-0.0669622602557696,-0.0017933961015604053,-0.19439003633216406,-0.033485793698966794,-0.046017537040461846,0.0751719282006327,0.09668748595249183,0.17043282203062338,0.05151617099043324,1.0,-0.061040897320599787,0.006028191346559359,-0.19291975490982816,-0.08108027718095721,-0.040862548657945114,0.08175677306009493,0.10215644331057423,0.17364643081664785,0.055609957457191286,-0.11646556999682144,-0.22454490648634307,-0.35946559827004304,-0.08835626029051498,-0.08238551001896477,-0.07227191236501497,-0.10738245561567553,-0.1959313503576724,-0.21767342353016028,0.03181744246476282,-0.18604863664667717,0.27833229312753477,-0.22539402699507413,0.22096971735964047
lq_ru_D,0.1211678860334279,0.12113618197414254,0.10374337582225938,-0.0023403205913418786,0.13615802651618478,-0.12691813386241224,0.4508129927990158,0.1425395473139528,-0.16073138352412472,0.026408280938362234,-0.13033301087570756,-0.13701997766047272,0.07662036477572143,0.019948055332897157,-0.07280563107230721,0.04028884513608273,-0.110182469364693,0.07728587216573951,0.15674254196118803,0.18049829689295063,0.28240858796244483,-0.074860991370104,,0.22330894482070526,0.25149486718211084,0.12204646341965604,0.21403679217195593,0.2197200638025506,0.06704824956659661,0.06722060060474488,0.06675727769976275,0.06005436661985765,-0.05247159113941272,-0.0553556309826315,-0.027184169410872882,-0.0652760452449317,0.9955067057806823,-0.009007227426086763,-0.25860654601096855,0.1195259521920597,0.08777727052990972,-0.0601775374216808,0.10590740758187574,-0.007514730482048905,0.22958593599905444,-0.06315230668576947,0.9970050391171034,-0.010522108697457832,-0.2588047986105462,0.14690301698884345,0.08784338328531,-0.05673460578628937,0.10758067975047546,-0.004861284510241291,0.23060054200116095,-0.061040897320599787,1.0,-0.009555402497304459,-0.2583561304977843,0.12885637926235133,0.08860502004740851,-0.05587723832440161,0.10889207654647792,-0.0038112899097284283,0.23109960569620533,-0.0736293424650907,-0.19194420832819317,-0.28397374105652146,0.06059881200008272,0.04838948518800455,-0.31457007801384634,0.026588093303339996,-0.03935015906950955,-0.034196945123037586,0.2179448607891046,0.33170341266494696,0.06310828194899178,0.07088047787111079,-0.11222847178031752
lq_ru_G,-0.040537065288468246,-0.044688621444931034,-0.03587033032524071,-0.12065653829907275,-0.2082638381841706,0.1973260637620006,0.1457060111376752,0.10868550165255479,0.05020555301571533,0.7868774795185449,0.16909422436303978,0.12305939648596809,0.17631987878791627,0.2625719841166548,0.11433035271514545,0.07693945694987762,0.17884681645660022,0.18397224039873397,-0.03152501517426951,0.1093645188175555,-0.005309567223801712,0.3066851514514324,,-0.028783218529566182,-0.0476497682212336,-0.0729245575925478,-0.0798548967153728,-0.08992687956597546,-0.07715220218605368,-0.08143557831823796,-0.08097204635644602,-0.07926944519319645,-0.0596235377924648,-0.060768013199151295,-0.04208951766999286,0.0077195168792853945,-0.006496861544776538,0.9972341150770633,0.10991914228303287,0.46867374693148034,0.05972913696334112,0.23572545803593367,-0.0970217395329024,0.18905727573635955,-0.08376489984198889,0.007493798855086424,-0.0058504761454712464,0.9970561139853941,0.10945865534068779,0.4565271220002869,0.05763958857602804,0.23778725478265428,-0.09534325127278247,0.19232921047285625,-0.08132447819975054,0.006028191346559359,-0.009555402497304459,1.0,0.10975249879692676,0.47484531178650996,0.05614657107203158,0.23400059907350676,-0.09562401490060099,0.19029985212575307,-0.08103915940224697,-0.3432928920369923,0.14138334611814532,0.2862357339492238,0.163358224905267,0.24182593230809876,0.3803197600308523,0.05607943459882382,0.44267718719716276,0.4745030102411991,-0.0874172463449302,0.13262105983162742,-0.26191622662982733,0.08406053615426613,-0.0510486883947456
lq_ru_H,0.16819229504720173,0.17313749302758863,0.18499149598004871,-0.31826713119331385,-0.050539006603137204,0.08070683863009921,-0.09371447338589065,-0.038438171774999544,0.24441981487373413,0.09323586728411148,0.8085094957775112,0.10751561979216802,0.18811322586239082,-0.0544966398746635,0.07916950745360841,-0.0712191034332913,0.14745403026251677,-0.24668209075503297,-0.3373363075921328,-0.254718732892368,-0.35678861976336695,0.12004902992805865,,0.0758044713800422,0.09094871798730572,0.19526540425577527,0.09570492153776795,0.0966735859433449,0.09143865708467983,0.0903153815868762,0.013811959731343165,0.012910257456290632,0.08842478639415123,0.08641718929394683,-0.003397185555457023,-0.18953508367067826,-0.2590374902102041,0.1097299327416906,0.9998598251824959,-0.014265865205111083,-0.15016608458938005,-0.13742920878719916,-0.3250156965248084,-0.1806644305861244,-0.3635160435763511,-0.19195014178818978,-0.2585645192413342,0.10650327563545882,0.9997772464116986,-0.0010473801636679732,-0.15062428991469345,-0.1359673009163715,-0.32392544587926114,-0.18100287950751662,-0.363833804051336,-0.19291975490982816,-0.2583561304977843,0.10975249879692676,1.0,-0.009895951303049056,-0.14999716125922538,-0.1343245904574054,-0.32030196457241183,-0.18070636630229062,-0.36384225977932927,-0.2802140316160251,0.08485341307584897,0.18400036628862615,-0.030929050968732295,-0.06477851483238421,0.14384773581014945,-0.05055860131392307,0.1729665676366006,0.17921289652995748,0.02789584287791934,-0.058893724413229216,-0.19621493042519939,-0.10907930412234193,0.02561984791459064
lq_ru_K,-0.19581372535011118,-0.18005985627529708,-0.17494806552563116,-0.07811295650931876,-0.18798011206167886,0.16229306978163982,0.13170644058278222,0.040198479617174605,-0.016614661801766035,0.47870307686600017,0.04775274992653059,0.03657957738173379,0.3753443712425851,0.7684401846933633,0.14435552325904064,0.29369691237090745,0.18608261263512527,0.321707740677944,0.15088642390401213,0.32166825557026196,0.2492075749832205,0.23680184946275165,,-0.153972273197211,-0.128882222102313,-0.10998434016031355,-0.11475315620278513,-0.0870269754281885,-0.18843385150955863,-0.18002876610123264,-0.08169777456135002,-0.07585453815915372,-0.14505071196472535,-0.13657839733339786,0.04511859729445858,-0.0760262908948748,0.1397672454968649,0.4595668790589947,-0.00984206521977547,0.9928193164579343,0.2886733200118545,0.30131106411565856,0.013777912724078946,0.2306795268566891,0.14043650661931043,-0.07904137114646576,0.13766031251658306,0.48638818401453465,-0.008069391916027503,0.8931261029960609,0.29039577800623345,0.29116798318336734,0.011034741731617769,0.22144801941136924,0.13695249670387846,-0.08108027718095721,0.12885637926235133,0.47484531178650996,-0.009895951303049056,1.0,0.28919967033007854,0.289973381462378,0.011522194102946106,0.22389402030202185,0.1356913830766979,-0.2082125882029246,0.1566130185608786,0.20949434144542847,0.20353717381541897,0.23315094027273084,0.4158362617722112,0.03777784369780732,0.19297647512546157,0.235456280763524,-0.1848974665358852,0.03880678323017551,-0.2317667837740834,0.23797033987114646,-0.09642887151604282
lq_ru_M,0.007832787761530827,0.00768782161795939,-0.009971807062009763,-0.012747310626539691,0.21934446597281393,-0.10851754079810447,0.07193986544278727,0.09030014573089404,-0.0481081319266035,-0.007508898701474068,-0.21701000331755196,-0.013183639285191631,0.10096770189093407,0.11785616401263323,-0.1747793246026917,0.6467153244208725,-0.07649014693506283,0.06971992836476874,0.19529254863851983,0.1352646210052853,0.1785747256841852,0.09895402957693301,,0.08736590462843735,0.09908461896808411,0.09272228566828773,0.09365288949507601,0.09710427526821339,-0.0698489388860901,-0.06932106212317367,0.04323708558377329,0.0416668989380772,-0.0421471452421835,-0.041609547284414475,0.06559829304507475,-0.04359609801201024,0.09001567801923302,0.054673216832033675,-0.15096524316315024,0.2844923122031909,0.9968082569417774,0.06870465395009914,0.21057384031353457,0.08644371163947313,0.30143606630792213,-0.04333751015744241,0.09024790613815743,0.0534488208994917,-0.15016276035902779,0.296995992737277,0.997075729162408,0.06998398570925915,0.21157054147751467,0.08739305424435122,0.302691891091511,-0.040862548657945114,0.08860502004740851,0.05614657107203158,-0.14999716125922538,0.28919967033007854,1.0,0.07427237910734927,0.21548018761340496,0.0917903871702216,0.3057965540312205,0.03840938563979287,-0.042276465849056664,-0.23625667792484545,0.06272918091985752,0.03190809135544748,-0.15483217394904977,0.10593074882002002,0.14813855348189048,0.15467945356296034,-0.041712792476222685,0.08511587202644037,0.15378144258294796,0.23942024745091978,-0.2256342467101362
lq_ru_O,-0.46498924498713884,-0.49049199221485346,-0.5001820245836549,0.34472309884885327,-0.3233113588981754,0.08114416389178226,-0.02193659453948671,0.08898180016393444,-0.2837716692725529,0.2128946310095555,-0.03033796156528576,0.011084441682091774,0.10649159544136788,0.2777243093473313,0.1719201783181095,0.11295253608878611,-0.02756312227697703,0.7001931832383079,0.38201106049328537,0.3993651179634404,0.24887886377246532,0.12097915242775673,,-0.3977347402352051,-0.48534528220275497,-0.5194860800489481,-0.51226693240669,-0.5439395110155039,-0.5804786080408694,-0.5944241191325075,-0.5150256343091056,-0.5200900855719611,-0.5236253987874114,-0.530762941000575,-0.3468218038745351,0.07820935369877352,-0.060623870067751405,0.238466218457303,-0.13497613140490722,0.28480474404474326,0.07154935581573506,0.9915344493174357,0.4156614574579073,0.5524541363805429,0.2275368548956059,0.07965076303499513,-0.05925850972884068,0.22861452778749045,-0.13469069453756063,0.297273815782278,0.07197467694711866,0.9977236064475149,0.41931927771946814,0.5602380105089688,0.22973682417867985,0.08175677306009493,-0.05587723832440161,0.23400059907350676,-0.1343245904574054,0.289973381462378,0.07427237910734927,1.0,0.4233780040576421,0.562951258676051,0.23300311088122536,-0.09388756275880483,-0.10324274617354648,0.1601528707913498,0.03617602134061287,0.03685144629504226,0.37831375127991873,-0.0308585255661413,-0.011987999177914451,-0.038769027345536375,-0.18386101110777722,-0.20999513075234585,-0.00012730152101604587,-2.9750000810456697e-05,0.07578394251315217
lq_ru_P,-0.6395011054952102,-0.6657059181404255,-0.69326649975144,0.5133234295446933,-0.0717798171834349,-0.09024695081181071,-0.08753850059392289,0.10041006821296052,-0.308699049166908,0.02324975701683567,-0.19734308136301495,-0.15194437361855523,-0.012111355661245913,0.16085846294530054,-0.056676599470924585,0.09580490286389724,-0.22792917248532998,0.44694146284824515,0.8202442719663308,0.5028819724938274,0.5217478384897171,-0.0124946284015813,,-0.47416815740099927,-0.5548210762546725,-0.6219453446598718,-0.6113929538526804,-0.639274120668717,-0.6656045802098884,-0.6752420279389415,-0.6119444393918806,-0.6206773656682877,-0.6598191653528745,-0.6669147308506049,-0.3643018450311465,0.09651277958228424,0.10660754961925706,-0.09297185983213808,-0.3208537543967981,0.0026712700631939664,0.2104490262850221,0.41086187248622585,0.9937124122842265,0.5410617117979638,0.6681098518368638,0.09837038455641413,0.10664878544592582,-0.09927443330997937,-0.32067053737516404,0.03919748999626788,0.21204688389076576,0.4170343332742643,0.9971174842552504,0.5473029067669917,0.6689122801815656,0.10215644331057423,0.10889207654647792,-0.09562401490060099,-0.32030196457241183,0.011522194102946106,0.21548018761340496,0.4233780040576421,1.0,0.5516100996499935,0.6718460384992607,0.21357684596460647,-0.5096442391035153,-0.047014192282022665,0.03167639109266565,0.05721583054019186,-0.03841573372457382,0.015163538943622682,-0.24744763315227533,-0.27997819075076696,-0.19871144373020327,-0.1560342729381106,0.36183603803159736,0.1627126163063319,-0.05353334493151515
lq_ru_Q,-0.6074193356884744,-0.625368573418372,-0.6347879249881244,0.43120972737884855,-0.30596827163038554,0.1863222792975983,-0.00399123950527467,0.09861792350261653,-0.27651171027900484,0.181449634409872,-0.10067824727280011,-0.02176408736055988,0.012909361376726776,0.3259965568885549,0.10260790809800557,0.13743047736692618,0.039754797019136034,0.4829342319696593,0.4905066220585161,0.695084244476984,0.33118098869754187,0.1211348693925181,,-0.5088750439853739,-0.5834956365272671,-0.6024441699478632,-0.6386037713324151,-0.6597840156227647,-0.6378285328362946,-0.6454502753894534,-0.5848682406949445,-0.5860094061427091,-0.5783290616787143,-0.5826890840675885,-0.34829698612436805,0.173467285714126,-0.005337641469661741,0.1906118340788108,-0.1816503924476533,0.21680382999257203,0.09028475572857739,0.5588363455040737,0.5497536727403002,0.9943744886055459,0.35947993274323153,0.17300801211617525,-0.004723887688649449,0.18825238611672762,-0.18174140587605275,0.22274422964422178,0.09006183687057559,0.5606194891597884,0.5506357582994272,0.9980712036936031,0.3604933251888244,0.17364643081664785,-0.0038112899097284283,0.19029985212575307,-0.18070636630229062,0.22389402030202185,0.0917903871702216,0.562951258676051,0.5516100996499935,1.0,0.361844719187026,-0.03770175538856768,-0.2899745807185775,0.18568418669719364,-0.04210994166923843,-0.008615223881826482,0.40782883833255595,-0.10667175132591342,-0.028520455612499815,-0.04258110559196928,-0.1067721350181894,-0.240935306271417,-0.008174547134425234,-0.13592244929741085,0.27991264053734705
lq_ru_R,-0.2875231178489612,-0.2981471712819227,-0.3310855343147329,0.26199048922375745,0.13733543146861263,-0.01610348501592505,0.06968190974754755,0.15630851611984103,-0.16861226761904352,0.038790549632777185,-0.2612008887449609,-0.02842506464628642,0.040444379090484185,0.19504344085684008,-0.07706136447230615,0.1664505814591582,-0.15080517464302914,0.33134937828680816,0.6153501788923957,0.47124584111002343,0.8045151968004294,0.06164498699934249,,-0.13317692713648013,-0.15161354990422904,-0.24907848754640297,-0.19801475723557843,-0.20403083037773553,-0.3452153071536676,-0.3484038181120061,-0.19821384309197526,-0.20291275449132243,-0.39923495112770874,-0.4018444349303345,-0.12962691196132417,0.05258699103859833,0.23236108536629554,-0.0810910476190695,-0.36438066002032427,0.13070110757733835,0.30435120571164787,0.22720079726523718,0.6720809646402641,0.3556225733924639,0.9971052905280285,0.0541490325713896,0.23271075573698186,-0.08235250841098954,-0.3648658645480032,0.14279521378921686,0.3035494422761605,0.23147134550538803,0.6729418721679802,0.36038287837128696,0.9989400246506978,0.055609957457191286,0.23109960569620533,-0.08103915940224697,-0.36384225977932927,0.1356913830766979,0.3057965540312205,0.23300311088122536,0.6718460384992607,0.361844719187026,1.0,0.034032353652778166,-0.3974209466892766,-0.21656141107042515,0.11338376236758638,0.20572617289150136,-0.21492308687693162,0.1560564665663279,-0.10192660537689188,-0.10977303334362162,-0.12334108701938916,0.09529230807592198,0.2806876389141922,0.29242366924286034,-0.20044331865246945
hhi_emp,-0.21186414341127902,-0.22304415571362876,-0.2250007478830002,0.04934047970220495,-0.016177669418807203,-0.4145653049041607,-0.35070560417409835,-0.35229811553331447,-0.25570718926465613,-0.4014913889590962,-0.31274739282617126,-0.3877363142946525,-0.30071531397251877,-0.2652795765030815,-0.3082868526199662,-0.17706811654935006,-0.3499895963256738,-0.07043217304839108,0.13486836259360738,-0.05464500934054235,-0.016342320397210078,-0.39929633221283867,,-0.1438788502126102,-0.17928860327887616,-0.1537388770722662,-0.13381520375108058,-0.14586029377244988,-0.17218324820994996,-0.1745527222967145,-0.08226252451494155,-0.08702283183059518,-0.1293695722351006,-0.1309198320480233,-0.011762509754889223,-0.11330912038474222,-0.0711756012808036,-0.3405159759432933,-0.27930504082308366,-0.2006240788020454,0.04294127337740709,-0.08934351900089386,0.2229119581003049,-0.033639924249854125,0.03800539102448504,-0.1132469213276845,-0.07199947445622591,-0.34161217185039777,-0.2794946757751741,-0.21689549940562078,0.04269552263799069,-0.09055693569662893,0.22069073706095899,-0.0338984079904757,0.03698108497061508,-0.11646556999682144,-0.0736293424650907,-0.3432928920369923,-0.2802140316160251,-0.2082125882029246,0.03840938563979287,-0.09388756275880483,0.21357684596460647,-0.03770175538856768,0.034032353652778166,1.0,-0.0746880844069379,-0.08542005755395206,-0.08831190352839421,-0.15592801007723506,-0.12117484364080527,-0.03927582409144104,-0.22604642578511452,-0.24394718384400094,-0.01757211229912881,-0.058036533200645446,0.17086206071569213,0.06984240976655286,-0.0572538306129001
budget_own_share,0.22370226085477085,0.23648662430731016,0.2684497849800992,-0.30986839933613475,-0.061721626861121835,0.0884475327633893,-0.02545256762462582,-0.11177866111742368,0.12440407908884045,0.0652103016214824,0.1006768471394039,0.15242510192956743,0.0640921148057867,0.017387115600456107,0.11173854329067698,0.04890372886317,0.14491188051890672,-0.17334651693412725,-0.43667989795334805,-0.28342405958767036,-0.2725829250533133,0.05717524152360113,,0.12701017231704034,0.14735815496773233,0.2338525043689062,0.19591797871383845,0.2087870918210948,0.3133294097445306,0.319177814654321,0.23767328610134364,0.24640851376598472,0.40399414370904047,0.4096427390047733,0.17784182588522268,-0.21856745349489234,-0.18607764353781614,0.1354049176681258,0.08440061346295359,0.17732087202999042,-0.03301840023528476,-0.09075365253329368,-0.4961880968623451,-0.28153833888098045,-0.39506284160562927,-0.21947129696585346,-0.18531850704501138,0.14788947182838383,0.08374331261203972,0.08084832877556777,-0.03943874053532096,-0.09510867415794327,-0.5011540334188472,-0.2855174091013323,-0.39342309748975995,-0.22454490648634307,-0.19194420832819317,0.14138334611814532,0.08485341307584897,0.1566130185608786,-0.042276465849056664,-0.10324274617354648,-0.5096442391035153,-0.2899745807185775,-0.3974209466892766,-0.0746880844069379,1.0,0.22922418369806774,0.05042445779087459,-0.01918145865649006,0.18416486493975476,0.03390438861365346,0.14286628667949067,0.1673938069481831,-0.08733664271098075,-0.005855313031776493,-0.27775377512932803,0.04606431311259115,-0.047267859729107464
pop,-0.25695191985536875,-0.25692557295253127,-0.23679718106501804,-0.007287447404662352,-0.4676950698998842,0.157904265587741,-0.062151417099093095,-0.24499245727532298,0.03272898990272874,0.3108761038344758,0.2810229147070274,0.1427905001477448,0.13662804407214252,0.26489694287136967,0.3327014228336565,0.026047964455138635,0.1706218303481553,-0.03146384377839056,-0.15291982168079132,0.05311349009675609,-0.14224594373950183,0.015243909224745038,,-0.28593133112296026,-0.30407815775937214,-0.23857971259229271,-0.3591536306465332,-0.35931093604413167,-0.16052920511750235,-0.1614500124281555,-0.1655956613607863,-0.16248362601748462,-0.03894548929100837,-0.03758444270017076,0.002156404843156463,-0.35693777504411495,-0.28170635380534237,0.2822752924215277,0.18407658521438225,0.20891589814544057,-0.23550202955889324,0.16338747592502822,-0.046274500397896316,0.18871978868217248,-0.21535567279196105,-0.3586183161678559,-0.2821514408437851,0.2905839146383661,0.18490748971640483,0.18613867307034385,-0.23498247951762943,0.16106888936110936,-0.04679227436307044,0.1859146170286261,-0.2159674428305007,-0.35946559827004304,-0.28397374105652146,0.2862357339492238,0.18400036628862615,0.20949434144542847,-0.23625667792484545,0.1601528707913498,-0.047014192282022665,0.18568418669719364,-0.21656141107042515,-0.08542005755395206,0.22922418369806774,1.0,0.22493675320871587,0.2585764188427967,0.7143603321869526,0.1581118777667706,0.17171947812562166,0.18218158266949971,-0.16781511439809202,-0.12047016622965535,-0.47210033634878323,0.007703973789576067,0.14275604567089678
pop_growth,-0.027595568210790292,-0.006451595546858453,-0.009735476142747989,-0.04164228309849568,-0.01625963973903154,0.06804686941729918,0.09767925224605568,0.048460516090940244,0.005276784816239034,0.17754575097896635,-0.024878567337451897,0.07991523766093918,0.12311750169665789,0.15028375347428538,0.101416479227503,0.036894311567571315,0.006478938108438847,0.024846645160117302,0.03979196929011027,0.09452538061892438,0.13346170400057128,0.06136505963778858,,0.019246778663134304,0.07341953034979432,0.03441300739057437,-0.011023515678575898,0.015402642830300465,-0.05102439285087935,-0.041042280985260575,-0.005219214948666286,0.006143251917355209,-0.050977546584252735,-0.044617838746935146,0.007494511658768395,-0.08763528890574297,0.069114469961782,0.1539718322633755,-0.030448327886489417,0.20948306400427824,0.06544775513495768,0.044417071921714846,0.03534719821836122,-0.035835676544870694,0.11713956769729436,-0.08886576159594985,0.06602341446321564,0.17468196880605893,-0.02928606204199718,0.16824991906341433,0.06407261587027305,0.03727225011910609,0.03268983904626832,-0.04221872283695794,0.11502459877815509,-0.08835626029051498,0.06059881200008272,0.163358224905267,-0.030929050968732295,0.20353717381541897,0.06272918091985752,0.03617602134061287,0.03167639109266565,-0.04210994166923843,0.11338376236758638,-0.08831190352839421,0.05042445779087459,0.22493675320871587,1.0,0.5799417257326406,0.13870139701234854,0.2998031888717004,0.05753184872800296,0.08607331214925196,-0.28253519989960574,0.09440935107745069,-0.18364280815527473,0.3875605065490079,-0.3308658948615071
pop_growth_window,0.02064088874968933,0.02401703437455006,0.004028224709239849,-0.059810375083417446,0.008182857111984765,0.09188194290360807,0.1396334795103678,0.06628726323365969,0.07301913676200589,0.2469048688513751,-0.043917906595978995,0.10842102185737204,0.15069613048360014,0.1962982435942276,0.13226762344980122,0.055592141068281795,0.028344314556155582,0.06087000632802208,0.10449234112615036,0.1595425541955362,0.21447909772779672,0.09082660644389358,,0.12001734262345196,0.14708008917943136,0.09525973125245123,0.05822296218163659,0.06673088031659162,-0.052767650460173926,-0.05198576301929901,0.07842499942293266,0.07645663909545629,-0.04045050788544303,-0.03899831068851841,0.022018341137045396,-0.0856984364003424,0.050654282900738694,0.2406686567991392,-0.06480460647683844,0.2285985803449473,0.032694444147715655,0.03597832054546012,0.0568808182062054,-0.008505821026917656,0.2053155446052532,-0.08429902226143444,0.0506800490006099,0.24340794541192792,-0.06443410020727691,0.23843769753073124,0.032498731319385556,0.036245070896575506,0.05707716972560576,-0.009076175162799715,0.20532760290622995,-0.08238551001896477,0.04838948518800455,0.24182593230809876,-0.06477851483238421,0.23315094027273084,0.03190809135544748,0.03685144629504226,0.05721583054019186,-0.008615223881826482,0.20572617289150136,-0.15592801007723506,-0.01918145865649006,0.2585764188427967,0.5799417257326406,1.0,0.1555835691319289,0.4752689586894411,0.20667939226520066,0.22594963653018615,-0.2741242924889095,0.2111625377944235,-0.24022365153101735,0.48276850777959707,-0.41056268343194535
density,-0.36795091268060093,-0.37586432639429634,-0.35918802698511815,0.0754440227560051,-0.5443081876104455,0.27598163062688513,-0.10421049940220552,-0.13972096646763993,-0.04134447344072224,0.3303000754976466,0.17396920074947061,0.1261297079036284,0.1078162835611609,0.33460153916186525,0.3341369461454518,0.09054944823201645,0.21746927678049394,0.1852245097580844,-0.07818884712734199,0.14864221751904338,-0.11003674828487739,0.164690179868249,,-0.3834846722461976,-0.43491923852730774,-0.3520415917071828,-0.48029719210363275,-0.49133553463046437,-0.33636472574498627,-0.342926098202069,-0.29619748150030895,-0.2934526802280425,-0.16625051283934422,-0.16772299556067027,-0.09365388052998948,-0.06899875530047953,-0.3157148224467775,0.38028791926087,0.1438354472367445,0.411345201552204,-0.15376000035942283,0.3805129065454937,-0.03923786758941372,0.408432029323871,-0.21444468993655832,-0.07050874222300298,-0.3151617449372575,0.3794270032321506,0.14430998791744798,0.38553537371301344,-0.15358580267473854,0.379391482379317,-0.039218067799149575,0.40871848672186906,-0.21486712763514,-0.07227191236501497,-0.31457007801384634,0.3803197600308523,0.14384773581014945,0.4158362617722112,-0.15483217394904977,0.37831375127991873,-0.03841573372457382,0.40782883833255595,-0.21492308687693162,-0.12117484364080527,0.18416486493975476,0.7143603321869526,0.13870139701234854,0.1555835691319289,1.0,0.08606179752354211,0.21598984350958142,0.21204553266491755,-0.18169952902312048,-0.2214696515779089,-0.49997510988529154,-0.14790995745723495,0.315260614588334
housing_pc,0.1436276777575864,0.1317387275885067,0.10399430866510245,-0.1317885235829695,0.07171907490612803,0.04360240942740003,-0.008936144427297194,-0.016028284499394817,0.07573981837324756,0.05973706028216028,-0.09155282294779055,0.15794553216587742,0.114433604385781,0.002165282298694864,0.07414568941165095,0.08785286438446546,0.0309363795671869,-0.044135506274182834,-0.01040339088673678,0.019881808046990152,0.11665665635444603,-0.05221007869053591,,0.21894657763137326,0.21423964850833296,0.17810085801522169,0.1510639512119292,0.1413359095482734,0.04350380702620905,0.033786819486818255,0.1861581582645141,0.17781803456380635,0.05996404132058,0.053858181744961674,0.09871332631828446,-0.11611416319384643,0.021772402256924502,0.06516131965593258,-0.049725960385352326,0.034332845402050956,0.10996933048274342,-0.0392140996798422,0.013132844928729934,-0.11047273980772637,0.15146420068264774,-0.1103454221372411,0.02421495176155383,0.046897339972790046,-0.05151220679639479,0.06693305597659807,0.10863032609953949,-0.028790903676888066,0.01661904071051248,-0.10317771919814024,0.1543142179542827,-0.10738245561567553,0.026588093303339996,0.05607943459882382,-0.05055860131392307,0.03777784369780732,0.10593074882002002,-0.0308585255661413,0.015163538943622682,-0.10667175132591342,0.1560564665663279,-0.03927582409144104,0.03390438861365346,0.1581118777667706,0.2998031888717004,0.4752689586894411,0.08606179752354211,1.0,0.23710245532952304,0.2308974617971427,0.021935175626814168,0.18992104758601827,-0.19109703991037377,0.3198607187143079,-0.24797431004109605
retail_pc,0.38322090505870193,0.3197918693917995,0.2779940699800481,-0.42710675353273087,0.0074541873002651115,0.10173611910418881,0.161230705454251,-0.053214807386615215,0.3064974236855849,0.3148069056266605,0.10387308502415997,0.21128309211809498,0.18333719939922966,0.04183197606805616,0.059931472850235354,0.20936432234134744,0.23703044445407187,-0.09367853408559551,-0.18810217767705484,-0.1227744464271236,-0.13089916046160827,0.17959505477465837,,0.4900571666200611,0.3751410627398664,0.40319024453047875,0.4142758466989886,0.34158220059639727,0.2827669771298168,0.24068881675380685,0.29396260236287614,0.26681728631226126,0.24838069380266067,0.22069765308711473,0.13709120028777103,-0.2300314708126137,-0.07489649392833321,0.47231911200880256,0.17181615965703378,0.1510999107888463,0.1347277853683559,-0.059838068070016535,-0.2887560447192199,-0.06910220832981499,-0.12792340035315644,-0.214461323438965,-0.06766054968408844,0.410057453253685,0.1690222592871665,0.35995832045131426,0.13755679318859013,-0.024228976102495036,-0.26975431211163914,-0.03544386116363867,-0.11750210037183882,-0.1959313503576724,-0.03935015906950955,0.44267718719716276,0.1729665676366006,0.19297647512546157,0.14813855348189048,-0.011987999177914451,-0.24744763315227533,-0.028520455612499815,-0.10192660537689188,-0.22604642578511452,0.14286628667949067,0.17171947812562166,0.05753184872800296,0.20667939226520066,0.21598984350958142,0.23710245532952304,1.0,0.9860384114923744,0.17205718307483453,0.32180629222131624,-0.32718527168974776,-0.029850331696165515,-0.20184564948267997
retail_pc_cpi,0.37613820216799376,0.33524204039731026,0.3033830883338564,-0.42916742324308693,0.008692212678835088,0.10248919475216296,0.1926427177507812,-0.04239093316408358,0.30692054743552755,0.3301505538411017,0.10727829685220297,0.22141878295126585,0.20012061989786253,0.07260128832345336,0.06768370003692681,0.18413492859706762,0.24520247478919868,-0.11871513835060862,-0.20966258208203403,-0.1113694999723626,-0.1344653617924675,0.18722358287400773,,0.4433580557835282,0.38003724053616267,0.39689107187310757,0.4093252497245428,0.3629364110477315,0.2866155077869491,0.2583241734802498,0.29466318775421474,0.2747629554264762,0.2474980253840634,0.22831599550545506,0.14550769643885886,-0.2428044643187995,-0.05841127214468003,0.4939405272386923,0.17847231365830785,0.2011176136308642,0.14432249873223413,-0.07140613584902678,-0.31118497433694153,-0.07211223558960154,-0.1280873841874242,-0.23147614064127844,-0.05375853683649188,0.4519606448350755,0.17682320120245743,0.363113106227903,0.14742092513398136,-0.04746564750551658,-0.2973705183383576,-0.04811771432340695,-0.12138062317123456,-0.21767342353016028,-0.034196945123037586,0.4745030102411991,0.17921289652995748,0.235456280763524,0.15467945356296034,-0.038769027345536375,-0.27997819075076696,-0.04258110559196928,-0.10977303334362162,-0.24394718384400094,0.1673938069481831,0.18218158266949971,0.08607331214925196,0.22594963653018615,0.21204553266491755,0.2308974617971427,0.9860384114923744,1.0,0.14257166568637292,0.3299792206835071,-0.3410755821873324,0.02255417051182356,-0.20465977803491772
living_space_pc,0.38213762441368865,0.3476132792082054,0.3215513685401013,-0.09551544920217526,0.12132895981824189,-0.055570817644465476,0.039129058053032593,-0.04697024903558326,0.03754607358208592,-0.16968901808280074,-0.03987339347171997,-0.05630923414314221,-0.08765603502663445,-0.24054657810219848,-0.1348921641438687,0.003864384497499667,0.08436954781224466,-0.16452263571229211,-0.21093026964850117,-0.10972358663264971,-0.14599585476417115,-0.13958016890968028,,0.40950892818340123,0.3658725879001446,0.30848199761198963,0.3642490249952233,0.32831467558346117,0.26361066796753485,0.24284836337215307,0.26971133785947016,0.25446860388569753,0.19822991278967544,0.18350842668101583,0.07219429149463208,0.007217340688780463,0.19404617116096853,-0.06769621885103726,0.027246800803172887,-0.20870333473783104,-0.04904846743544396,-0.2137468826196183,-0.22115903367515544,-0.12845551893735577,-0.1350378082785688,0.018913867182193202,0.19838076492100556,-0.1069319553016309,0.02505439274370506,-0.06887948305457851,-0.04484777719370911,-0.19251862483644952,-0.21095827408188922,-0.11087782055703713,-0.1309390642750441,0.03181744246476282,0.2179448607891046,-0.0874172463449302,0.02789584287791934,-0.1848974665358852,-0.041712792476222685,-0.18386101110777722,-0.19871144373020327,-0.1067721350181894,-0.12334108701938916,-0.01757211229912881,-0.08733664271098075,-0.16781511439809202,-0.28253519989960574,-0.2741242924889095,-0.18169952902312048,0.021935175626814168,0.17205718307483453,0.14257166568637292,1.0,0.24663186877097465,-0.024971318245063198,-0.4713147179053779,0.3434956087721851
preschool_coverage,0.435420539526694,0.4337281554625491,0.41241137615751533,-0.33136553785521494,0.2404476897339402,0.009106123012696329,0.21775110567083017,0.05675450291218151,0.04849993999196528,0.10561851891065167,-0.06409097882263277,0.0497838677339542,0.13852388618968087,-0.00040632072017386683,-0.033600737608407115,0.056890139210941514,0.042495982095832094,-0.05636997416526858,-0.08187867547750259,-0.0025419285264810126,0.0930331859469076,0.038539036214679835,,0.4787669693314836,0.520462394692984,0.4011409102345182,0.5142477970879112,0.5165126717705347,0.3329837437056331,0.3308114911904407,0.31263476876491186,0.3058282327451779,0.1682249464107138,0.16628697977183332,0.09559694942427004,-0.19762145231889455,0.3220158963307109,0.13564869627507034,-0.0588160193735365,0.017097638942948773,0.07980066608026741,-0.22267815325024884,-0.16817435313346246,-0.2522603867923439,0.0923461124245433,-0.19266958901073525,0.321899869093174,0.12347497668097046,-0.058855080818729824,0.1252905517481715,0.08291619015246483,-0.21427234055966182,-0.1639409386336943,-0.2450121550242037,0.09162035749174134,-0.18604863664667717,0.33170341266494696,0.13262105983162742,-0.058893724413229216,0.03880678323017551,0.08511587202644037,-0.20999513075234585,-0.1560342729381106,-0.240935306271417,0.09529230807592198,-0.058036533200645446,-0.005855313031776493,-0.12047016622965535,0.09440935107745069,0.2111625377944235,-0.2214696515779089,0.18992104758601827,0.32180629222131624,0.3299792206835071,0.24663186877097465,1.0,-0.15373331614949368,0.11673174005706256,-0.2061679519030514
clinics_per_10k,-0.11695594870536946,-0.12438626695241378,-0.12321653356873337,0.34294579927006086,0.09785320417010282,-0.1411771868767509,-0.10393675110197866,0.08859460406612733,-0.10784350091319281,-0.21749489521385895,-0.12389050013697195,-0.08511996023229342,-0.12822569033065861,-0.13993942196849032,-0.20186066791154497,-0.028128775265156405,-0.20682529987832113,0.130615200079961,0.3294006080555578,0.04685162388376274,0.21748679891275816,-0.04052607605886162,,-0.10025315047399629,-0.12006830923744569,-0.16172367574848215,-0.07150664059733874,-0.07907609766966045,-0.10123967606879651,-0.10043196239641525,-0.09566379824289087,-0.10063840624424036,-0.1362891013537226,-0.1381392413539615,-0.06306558715553195,0.2787390561191658,0.06347838984342252,-0.2618830399818012,-0.1960080743178372,-0.22576895919877166,0.15259605604341886,-0.0026868829657552165,0.36202553054742737,-0.01005745323433444,0.28060070674666354,0.2790562155848409,0.06403282514262883,-0.2639280753331767,-0.19632756066676094,-0.22129173363245688,0.15352782004358292,-0.0009795164355984214,0.3625723745844479,-0.008835928090036381,0.28071948968041477,0.27833229312753477,0.06310828194899178,-0.26191622662982733,-0.19621493042519939,-0.2317667837740834,0.15378144258294796,-0.00012730152101604587,0.36183603803159736,-0.008174547134425234,0.2806876389141922,0.17086206071569213,-0.27775377512932803,-0.47210033634878323,-0.18364280815527473,-0.24022365153101735,-0.49997510988529154,-0.19109703991037377,-0.32718527168974776,-0.3410755821873324,-0.024971318245063198,-0.15373331614949368,1.0,-0.014288760799415387,-0.05312512979957732
natural_growth,-0.10812284076920776,-0.06797665251494141,-0.055663727933865405,-0.14306426415257278,0.16269168620750368,-0.09929387734182968,0.11681941897885356,0.07890977635856156,0.006583999986600917,0.1532149148893901,-0.052201888721156865,0.02074645606770976,0.19895414100678205,0.22506986778992688,0.000489485848394605,0.06796486641694337,-0.09587503395108946,0.06606365207245236,0.22323425301204416,0.12660378521534918,0.27320156496719544,0.07448624144193619,,-0.07561794612793803,0.015909950661563713,0.01717416535346847,0.004213186296914212,0.047997978572788216,-0.07226984017421362,-0.04978520814401339,0.05664014272701007,0.07673392373297114,-0.0842918149922745,-0.0697258768511539,0.08415241877404209,-0.20139681055248917,0.09564966341897828,0.06587663149504022,-0.11022986096424749,0.2732153168093726,0.2572607964019674,0.028420932902612384,0.1938509570173286,-0.11132430709038521,0.29981511954182744,-0.21130041805929103,0.09669235332951068,0.10077319338183971,-0.11073855623088477,0.09665205225375365,0.24080014672596511,0.013577371343891373,0.18278028658218493,-0.1287577746729319,0.30190803824450996,-0.22539402699507413,0.07088047787111079,0.08406053615426613,-0.10907930412234193,0.23797033987114646,0.23942024745091978,-2.9750000810456697e-05,0.1627126163063319,-0.13592244929741085,0.29242366924286034,0.06984240976655286,0.04606431311259115,0.007703973789576067,0.3875605065490079,0.48276850777959707,-0.14790995745723495,0.3198607187143079,-0.029850331696165515,0.02255417051182356,-0.4713147179053779,0.11673174005706256,-0.014288760799415387,1.0,-0.71079845754541
old_age_share,-0.18023729014263787,-0.16683719970851613,-0.1416313605543871,0.26740006135727695,-0.3134681554346947,0.2075361655350217,-0.11296375121064951,-0.039483786459042144,-0.13449929598863367,-0.05490958726237614,0.05348603344883162,-0.017162230184665825,-0.13811498599507832,-0.00952767896922977,0.06581986655228045,-0.0638313216101599,0.10273942877691432,-0.005610228764512649,-0.1310730115702331,0.046790119344851985,-0.17424041694797,-0.02023651816516707,,-0.29769325648031164,-0.2878282799751429,-0.2752272706375768,-0.30651534971614613,-0.2927837721500656,-0.12249594778411972,-0.1145254511778555,-0.18950421559382802,-0.18031390320783994,-0.06976029631194236,-0.06335654924672127,-0.08200123145808019,0.22765714597074183,-0.10660580149683352,-0.057093799451719426,0.025263067877566322,-0.09737683394115777,-0.22946621530244898,0.08299769549961616,-0.049695691985182845,0.28360052206264535,-0.19541072600886905,0.22361961359683602,-0.10896168568137055,-0.04836779384629217,0.027033393345394046,-0.10934639521923524,-0.22892022134425033,0.07562536807393296,-0.05300956406808462,0.277649763976173,-0.19892099984300693,0.22096971735964047,-0.11222847178031752,-0.0510486883947456,0.02561984791459064,-0.09642887151604282,-0.2256342467101362,0.07578394251315217,-0.05353334493151515,0.27991264053734705,-0.20044331865246945,-0.0572538306129001,-0.047267859729107464,0.14275604567089678,-0.3308658948615071,-0.41056268343194535,0.315260614588334,-0.24797431004109605,-0.20184564948267997,-0.20465977803491772,0.3434956087721851,-0.2061679519030514,-0.05312512979957732,-0.71079845754541,1.0
