,gmp_pc,gmp_structure_A,gmp_structure_B,gmp_structure_C,gmp_structure_D,gmp_structure_E,gmp_structure_F,gmp_structure_G,gmp_structure_H,gmp_structure_I,gmp_structure_J,gmp_structure_K,gmp_structure_L,gmp_structure_M,gmp_structure_N,gmp_structure_O,gmp_structure_P,gmp_structure_Q,gmp_structure_R,gmp_structure_S,gmp_structure_T,wage,payroll_pc,shipped_pc,invest_pc,invest_pc_nobudget,invest_share,emp_share_A,emp_share_C,emp_share_D,emp_share_G,emp_share_H,emp_share_K,emp_share_M,emp_share_N,emp_share_O,emp_share_P,emp_share_Q,emp_share_R,lq_A,lq_C,lq_D,lq_G,lq_H,lq_K,lq_M,lq_N,lq_O,lq_P,lq_Q,lq_R,lq_ru_A,lq_ru_C,lq_ru_D,lq_ru_G,lq_ru_H,lq_ru_K,lq_ru_M,lq_ru_N,lq_ru_O,lq_ru_P,lq_ru_Q,lq_ru_R,hhi_emp,agri_output_pc,employment_ratio,budget_own_share,pop,pop_growth,pop_growth_window,density,housing_pc,retail_pc,living_space_pc,preschool_coverage,clinics_per_10k,natural_growth,old_age_share
gmp_pc,1.0,-0.4271675007822402,-0.027615061233404598,0.17605394087922288,-0.03608288618394603,-0.1510323549148908,0.23056745241390136,-0.09588477139536755,0.16693068606024983,0.06278040075793306,0.1018760182772676,-0.0404398822462585,0.185927113381016,0.08456253057657698,0.1505767327599585,-0.5896121570917625,-0.7907066487778208,-0.53348022862814,-0.43887187284838086,0.03352107106712175,,0.699773606174327,0.8213606827391475,0.7871362005331138,0.6599118591737161,0.6542059984374061,0.1564222031121994,-0.1468120835627627,0.03579127060687323,-0.1063613658889352,0.1409537509698812,0.15290534108914483,0.034367919090758,0.10443918043743772,0.10324671991057391,-0.45035225793669215,-0.6858641414401211,-0.5627397741821725,-0.42348585158921553,-0.1409474881651818,0.03621337713316959,-0.10112953592094998,0.13752788242334785,0.15278468811860252,0.037366966971073126,0.10524936781651882,0.09767357478350247,-0.4436713803413598,-0.6760811250125898,-0.5568585780190327,-0.4201803463135524,-0.1409474881651818,0.03621337713316959,-0.10112953592094998,0.13752788242334785,0.15278468811860252,0.037366966971073126,0.10524936781651882,0.09767357478350247,-0.4436713803413598,-0.6760811250125898,-0.5568585780190327,-0.4201803463135524,-0.24720737086367206,-0.14912369661794636,0.6676505722525015,0.34660553221480095,0.24690533974782355,0.1435202524198992,0.21150314556599192,0.22024256866317607,0.18814157103119356,0.40913474949654677,0.020229865618821223,0.3806666381325218,-0.2855076692977223,0.1475757386217534,-0.21157091988487584
gmp_structure_A,-0.4271675007822402,1.0,0.1269097643189062,-0.2835556922282237,-0.12049751522181645,0.04285080359288004,-0.3267137384900573,-0.34682605350421103,-0.21033554188917367,-0.18310642226408316,-0.3741962271237012,-0.2521843166836082,-0.36281003910592585,-0.29027082944395827,-0.24758429330268295,0.2010179094458655,0.2857327442784506,0.06313028720173071,0.1351422346907746,-0.24325165202249235,,-0.652324401007653,-0.5998007213757225,-0.4265037462790961,-0.3065206490578421,-0.26578108424894953,-0.02949288232210007,0.7282178130057345,-0.11872041612542883,-0.09027411813939906,-0.3355076933479048,-0.12477594630144584,-0.1606156364891668,-0.11627018696264692,-0.047960467897452515,0.2817455413496163,0.4851435461511362,0.2685296286551394,0.29638318371548367,0.7272538688540248,-0.11761626695963807,-0.09701793760521908,-0.33105734188874225,-0.12533774089101452,-0.16480331242581672,-0.11574081931234068,-0.04278771403611517,0.27258271401118844,0.4771163650280478,0.26145141982029324,0.2884723549027685,0.7272538688540248,-0.11761626695963807,-0.09701793760521908,-0.33105734188874225,-0.12533774089101452,-0.16480331242581672,-0.11574081931234068,-0.04278771403611517,0.27258271401118844,0.4771163650280478,0.26145141982029324,0.2884723549027685,0.06292494448206637,0.8920312517509835,-0.46486676726897025,-0.25214469602057504,-0.37893743966283056,-0.2614155578268778,-0.33055354476953797,-0.455868991221281,-0.11877981283243016,-0.45416100092763984,0.15177649189168363,-0.5163338098986211,0.5801203090875341,-0.32076289105633327,0.29534031971614444
gmp_structure_B,-0.027615061233404598,0.1269097643189062,1.0,-0.16124399249603594,0.20333042933248938,0.18114046482370372,0.07821073436855516,-0.31743838712264644,0.017227829832680855,0.025661659958873814,-0.030287999285900098,-0.01954014677235493,-0.23959080454724743,-0.131679797071514,-0.04393730760601778,0.1840707471670349,0.15683976666404223,0.01220960312069686,0.05344397748565651,-0.03735550808130892,,-0.03550518265976277,0.01440407362307359,-0.04298011397576143,-0.019004201903651007,-0.04102700186923966,0.022366165051433025,0.009893034714047304,-0.17613450139868958,0.07617549212956691,-0.40123704296618345,0.12962199972959954,-0.038628810551153754,-0.06328246339286338,0.10567565780082774,0.12861997639966363,0.170112824704645,-0.0006367342285031164,0.13953013474579834,0.01024048834214337,-0.17824735432499803,0.0763028897602918,-0.407649855712048,0.12966947494883904,-0.04224587146527428,-0.06590893809389387,0.10407682411340903,0.12815165062835154,0.1655695033342905,-0.002322268762940703,0.13942709173158196,0.01024048834214337,-0.17824735432499803,0.0763028897602918,-0.407649855712048,0.12966947494883904,-0.04224587146527428,-0.06590893809389387,0.10407682411340903,0.12815165062835154,0.1655695033342905,-0.002322268762940703,0.13942709173158196,-0.08039004159922525,-0.06320558667912493,0.14280393311556577,-0.20020686306389268,-0.3714545513875331,-0.1578432901868086,-0.24786916906995748,-0.4784628022160246,-0.04638389789618017,-0.2610604735586113,-0.08325072544022241,0.000603194982773919,0.23230454396268757,0.026371945436239694,-0.16918007902257573
gmp_structure_C,0.17605394087922288,-0.2835556922282237,-0.16124399249603594,1.0,0.21746479895944149,0.2704161038908483,0.16100808949417456,0.3251282386935669,0.09350058561481532,0.24494796826676285,0.19514040236491192,0.2164974792889508,0.2448947436644635,0.13142454141428575,0.18599076392999697,-0.16414259534450715,-0.2635128542420927,-0.14113513053589688,-0.1050242441125007,0.3342397404231703,,0.12402321221413266,0.1701842331446989,0.3190989162396032,0.1396843790757028,0.16702412895114907,0.05719299614108245,-0.18033265605872675,0.730001289087708,-0.06541200374904674,0.28828202181040463,-0.07990858178812146,0.0066921627451965796,-0.14337085863745008,-0.09958138668946577,-0.24029748607607107,-0.34888751774546206,-0.195498470304649,-0.2059760495073884,-0.18162779003579432,0.7282630097072491,-0.06733396619621126,0.2923583977679143,-0.07988599899167326,0.004079569669705142,-0.14510423237358722,-0.09606041732379919,-0.24169234642799137,-0.35110405189145316,-0.1977223600304725,-0.2065755717957449,-0.18162779003579432,0.7282630097072491,-0.06733396619621126,0.2923583977679143,-0.07988599899167326,0.004079569669705142,-0.14510423237358722,-0.09606041732379919,-0.24169234642799137,-0.35110405189145316,-0.1977223600304725,-0.2065755717957449,-0.2338754140075661,-0.25584956827347305,0.13935489475792895,0.22171400585527506,0.28996020588371657,0.08384679155196062,0.13273750606208712,0.3619940483782023,0.19590955733781204,0.3296973652102332,0.15172853341370388,0.29958493681907283,-0.27523078867439993,-0.1014171255592372,0.16545901044141975
gmp_structure_D,-0.03608288618394603,-0.12049751522181645,0.20333042933248938,0.21746479895944149,1.0,0.3462123297871883,0.211451742285411,0.09549674744199066,0.18291302277142382,0.29863326346702335,0.21461005416329276,0.3228576858532803,0.13312533787160263,0.07629553370003837,0.1706902190648443,0.20950925601111403,0.05845388523314966,0.11252208107505807,0.07180224427845067,0.29219372313777114,,-0.0009220676090729946,0.07523027428370697,0.028302784078169805,0.014828479639312652,-0.0044379607140052554,0.09259304879708097,-0.28941228044298994,0.0365508660420297,0.4073606056995962,-0.07371780968416738,0.03503212848980454,0.12098111107134134,-0.12489408104665613,-0.06588398534821296,0.07436761722223734,-0.07950144178773653,-0.005865328889586248,-0.032128174174607886,-0.2947020332799595,0.03452830744855763,0.39864945060866797,-0.06733037167252302,0.0350449947989432,0.11500770185645863,-0.1271462976677903,-0.05406885401794339,0.06693296363519419,-0.08823328523280695,-0.01216867471105797,-0.0352061722054567,-0.2947020332799595,0.03452830744855763,0.39864945060866797,-0.06733037167252302,0.0350449947989432,0.11500770185645863,-0.1271462976677903,-0.05406885401794339,0.06693296363519419,-0.08823328523280695,-0.01216867471105797,-0.0352061722054567,-0.2778341610943909,-0.36773725670469454,0.19392222981651724,0.06001783390270985,0.0028459863505929162,-0.041005516342505606,-0.100642170929418,-0.06532888398834132,-0.017113157016800617,0.05942708837737289,-0.04048533943327979,0.2394086822492545,-0.136435290225169,-0.006242545795249545,-0.041114065091430826
gmp_structure_E,-0.1510323549148908,0.04285080359288004,0.18114046482370372,0.2704161038908483,0.3462123297871883,1.0,0.20327089048011415,0.15938755407997598,0.05667632769925419,0.25838047752673055,0.2087557975148649,0.24465550641938452,0.13667086659733987,0.09776943864603622,0.09670008848659772,0.18646242845044886,0.1320742827862355,0.0873374490052073,0.13246096184429368,0.3639994880093026,,-0.11705181965991639,-0.13063374879158887,-0.11903817353900009,-0.13710990236962345,-0.1349191710590558,-0.037150546251048105,-0.08778612713449752,0.13530790278570445,0.010989080085816026,0.03250529008662431,0.005795752155634908,0.042411164217251544,-0.029048107578952202,-0.047606734066372135,0.10966186914595169,0.08794923158709622,0.09777330372063646,0.1021194713967867,-0.09312767215261092,0.13320481598622716,0.005751215657032422,0.03780515087985904,0.005904283634928685,0.03664861095165045,-0.03219962173969611,-0.0398987356058486,0.10247576897503038,0.07888039454645339,0.09128734284776194,0.09907647230108066,-0.09312767215261092,0.13320481598622716,0.005751215657032422,0.03780515087985904,0.005904283634928685,0.03664861095165045,-0.03219962173969611,-0.0398987356058486,0.10247576897503038,0.07888039454645339,0.09128734284776194,0.09907647230108066,-0.234097587816803,-0.0883617648531873,-0.06548370788164602,0.01473385052732281,-0.07226014521861766,-0.01687870996862226,-0.030294749066428792,-0.018751381117522108,0.03083454276690759,-0.010557999626876556,0.033759002496323756,0.028689022753964778,-0.003072880060566424,-0.060804363110893676,0.08449427047010101
gmp_structure_F,0.23056745241390136,-0.3267137384900573,0.07821073436855516,0.16100808949417456,0.211451742285411,0.20327089048011415,1.0,0.13553819947929935,0.11878574867581136,0.3443786858939585,0.3314245737808418,0.17572894806445583,0.2147916886025064,0.18601989587574547,0.18606629006464184,-0.08761680074550164,-0.13619699737626503,-0.13398987048888836,-0.06280596600917183,0.35071572959110253,,0.29549341495656506,0.25684283304250494,0.20548059751995817,0.2661127105255341,0.23697601177654043,0.16361898325189847,-0.32799950033348296,-0.0710249890594193,-0.03671957822538811,0.09424068559823197,0.06383753482285233,0.084100197418456,0.10601180556304957,0.05888289582696456,-0.1795901998620448,-0.19616926699582635,-0.19093935150706406,-0.14356371624556716,-0.32920344358577774,-0.07131819879857569,-0.035915266533256024,0.09322975535986333,0.06421862179094331,0.08408056499666626,0.10440459171762903,0.05717783505954556,-0.1787625678083,-0.19682787554795517,-0.18913953147557822,-0.14099841441368202,-0.32920344358577774,-0.07131819879857569,-0.035915266533256024,0.09322975535986333,0.06421862179094331,0.08408056499666626,0.10440459171762903,0.05717783505954556,-0.1787625678083,-0.19682787554795517,-0.18913953147557822,-0.14099841441368202,-0.23411841894815053,-0.2962536875443181,0.1468539956288114,0.15438131121565246,0.18892040468204932,0.20081645863384678,0.24286287437442064,0.18068902868830175,0.14403111008973404,0.16611821482755162,-0.11122669556251608,0.11169085808452246,-0.23194293767906982,0.2640387737607056,-0.2760971964219258
gmp_structure_G,-0.09588477139536755,-0.34682605350421103,-0.31743838712264644,0.3251282386935669,0.09549674744199066,0.15938755407997598,0.13553819947929935,1.0,0.14494835264203698,0.18555409553587104,0.3608454000086979,0.41691653469628787,0.2879586819773399,0.3246702643526589,0.17687396528367452,0.07284693999886659,0.03993926731880687,0.15440511734694912,0.10118169604344544,0.30796492287834015,,0.09918620657038844,0.03181009413065427,0.00035185420181584406,-0.03509986400612634,-0.04329302754598265,-0.020191575252684633,-0.22042410221715353,0.1322977781988511,0.008305664058193994,0.7226018396779649,-0.06742570047356057,0.21837474310159605,0.056416968817776574,-0.09873112792473318,-0.041302764230049936,-0.18376271416393258,0.022879709157779312,-0.08334564144556514,-0.2219982873050922,0.13203584244986144,0.008708933151496312,0.7258328978349393,-0.06699511313997213,0.21880633589385218,0.05484524210631797,-0.09979365145966372,-0.039476994264685795,-0.182355500530957,0.02425419369487488,-0.08069949463515251,-0.2219982873050922,0.13203584244986144,0.008708933151496312,0.7258328978349393,-0.06699511313997213,0.21880633589385218,0.05484524210631797,-0.09979365145966372,-0.039476994264685795,-0.182355500530957,0.02425419369487488,-0.08069949463515251,-0.24668245516493656,-0.28497049219842563,-0.06490342209280606,0.09433277160483933,0.257562855464399,0.1319100758233183,0.1992325878052145,0.42335071191137114,0.17784896239445855,0.4315000202049809,0.17193404131681864,0.22209697811837423,-0.24728000325253238,-0.010551607563312094,0.16096685063812383
gmp_structure_H,0.16693068606024983,-0.21033554188917367,0.017227829832680855,0.09350058561481532,0.18291302277142382,0.05667632769925419,0.11878574867581136,0.14494835264203698,1.0,0.14474564029677897,0.21621978319225366,0.20292176079775515,0.06527603454914793,0.0865200188643969,0.24130411739241772,0.014815244690024154,-0.12448524094085497,-0.005940087692367268,-0.05487736758707046,0.13604448239274994,,0.24007189482104202,0.30072935779274823,0.1724529359432908,0.16430805145375324,0.15410876486656955,0.12423910215878187,-0.23216149611758755,-0.09295284777718804,0.04980596668078433,0.0482785003379091,0.8210448853879405,0.059932253832674316,-0.1525118752416734,-0.05157221796326276,-0.08028061139318242,-0.2927168057071472,-0.1890068903099996,-0.19794385575928966,-0.2285122249448315,-0.09288536550319162,0.05340171904962393,0.04578767499450882,0.8211645071998229,0.06286057928695886,-0.1520072965604916,-0.053238426932740265,-0.07493842604012954,-0.2856517122194505,-0.18419194007694456,-0.19381946337660974,-0.2285122249448315,-0.09288536550319162,0.05340171904962393,0.04578767499450882,0.8211645071998229,0.06286057928695886,-0.1520072965604916,-0.053238426932740265,-0.07493842604012954,-0.2856517122194505,-0.18419194007694456,-0.19381946337660974,-0.3515364243253671,-0.24866960614043454,0.2746065319267642,0.10384173234460198,0.13698290734416468,-0.046548545818790144,-0.05578600945668546,-0.010862737812971904,0.03902358947609488,0.18509906610176058,0.03739079912375181,0.1794436016051847,-0.10835495218827343,-0.025020994956903953,-0.03797934385264265
gmp_structure_I,0.06278040075793306,-0.18310642226408316,0.025661659958873814,0.24494796826676285,0.29863326346702335,0.25838047752673055,0.3443786858939585,0.18555409553587104,0.14474564029677897,1.0,0.2346985214408396,0.24716704341340118,0.20729616156313296,0.1431338191106367,0.19405034328501639,0.05297295241298009,-0.04277511323752317,-0.01809779525189459,0.04758667821236348,0.36588602652710955,,0.1139222990417054,0.13505072066977922,0.11428151533521819,0.11631352102202916,0.1158179168219471,0.11459391615628325,-0.21492995628855238,0.03824559619590998,-0.02712809505295239,0.09574140869420081,0.0071821500759449725,0.12145324057362938,-0.010096231597022862,-0.06442056782528366,-0.06582789346917717,-0.16208463634364398,-0.11091050815131118,-0.08481261054576765,-0.21195537509885393,0.040789877173709084,-0.021338429905710003,0.09607434878658934,0.008426138185558858,0.12967468072970603,-0.006973938441658397,-0.06995608097795962,-0.05958208223172547,-0.15509472396547605,-0.10407424253933556,-0.07866776452791004,-0.21195537509885393,0.040789877173709084,-0.021338429905710003,0.09607434878658934,0.008426138185558858,0.12967468072970603,-0.006973938441658397,-0.06995608097795962,-0.05958208223172547,-0.15509472396547605,-0.10407424253933556,-0.07866776452791004,-0.21958665140442069,-0.26571177296281207,0.1278781499605045,0.1836971756828652,0.14266992073996843,0.08641999598982378,0.11023081248507002,0.13926436955673524,0.1641696421200085,0.21172778649890892,-0.014634496576772325,0.15881386292437302,-0.1800841133649208,0.09022499757046705,-0.10096307318733103
gmp_structure_J,0.1018760182772676,-0.3741962271237012,-0.030287999285900098,0.19514040236491192,0.21461005416329276,0.2087557975148649,0.3314245737808418,0.3608454000086979,0.21621978319225366,0.2346985214408396,1.0,0.5248962785639455,0.3501601336288397,0.3872617002871434,0.28548890672061383,0.06747518491716699,0.027490964635180606,0.032584609106561704,0.06945870869259892,0.42197956552757293,,0.25729441825429,0.21704350813779036,0.06186396448386185,0.06541612481077864,0.039273658539209715,-0.013123170107680443,-0.33153723479758196,-0.060388991263414,0.05220179701675388,0.19017560006742437,0.07773231937582979,0.31403595159516645,0.18912582772156944,0.09438975007041438,-0.02699399035436273,-0.13151207449645966,-0.06817321280022151,-0.026825004480996582,-0.3317916176748362,-0.060847573885006716,0.05330779534368731,0.18684122740282705,0.07773531591572304,0.31432563825457216,0.18851978965998284,0.09213723710601185,-0.02536316939514776,-0.1302600224335638,-0.06450759387194716,-0.024332078636977932,-0.3317916176748362,-0.060847573885006716,0.05330779534368731,0.18684122740282705,0.07773531591572304,0.31432563825457216,0.18851978965998284,0.09213723710601185,-0.02536316939514776,-0.1302600224335638,-0.06450759387194716,-0.024332078636977932,-0.2946540446043459,-0.310602016170342,0.12017573036859223,-0.007963031682558524,0.11423752025223836,0.10393858267635953,0.13117286303321476,0.25610464625619106,0.018998538573491805,0.2000362203433041,-0.019416785836562884,0.15977954930087634,-0.14808771028935064,0.14928735784102076,-0.08231490645873732
gmp_structure_K,-0.0404398822462585,-0.2521843166836082,-0.01954014677235493,0.2164974792889508,0.3228576858532803,0.24465550641938452,0.17572894806445583,0.41691653469628787,0.20292176079775515,0.24716704341340118,0.5248962785639455,1.0,0.26422367819807535,0.38475738842751983,0.24573232266638714,0.2222489392175804,0.11923051374380504,0.21263942212051826,0.14128462323140062,0.4102888979182012,,0.10412672744863542,0.13958599151814516,0.000885081062385714,-0.03319560310914963,-0.06920893180793494,-0.028695806541036296,-0.25744864371772436,-0.030487993483384924,0.11103966356439172,0.1751189030265117,-0.029312567655244814,0.7700258395189322,0.09080636248533358,-0.039993866827137826,0.10179007041456774,-0.08857098990498306,0.04649396117893176,0.03327632377068318,-0.26570550510499225,-0.03179620375267419,0.09893606720438795,0.18652619290015626,-0.029601229452486742,0.7641805857362886,0.08901908558151526,-0.025109443274961757,0.09128106347647579,-0.09838567610201655,0.039302797241419836,0.029186199016958715,-0.26570550510499225,-0.03179620375267419,0.09893606720438795,0.18652619290015626,-0.029601229452486742,0.7641805857362886,0.08901908558151526,-0.025109443274961757,0.09128106347647579,-0.09838567610201655,0.039302797241419836,0.029186199016958715,-0.34162974749472924,-0.30966730746325977,0.15616699205668708,-0.011952716899412484,0.06463573345216773,-0.006037878671180496,-0.024447747801922045,0.1923584353464845,-0.05121305123443382,0.16232099160962926,0.0066103026725988995,0.20974977098598954,-0.10999060998819302,0.027031825722839388,0.10039019864951784
gmp_structure_L,0.185927113381016,-0.36281003910592585,-0.23959080454724743,0.2448947436644635,0.13312533787160263,0.13667086659733987,0.2147916886025064,0.2879586819773399,0.06527603454914793,0.20729616156313296,0.3501601336288397,0.26422367819807535,1.0,0.2491297361254605,0.18331456131819202,-0.0989824480477746,-0.16994037652731367,-0.05759135417975169,-0.05134467087684054,0.3266470023941214,,0.1920285279586859,0.14015555735049137,0.10604106434612862,0.05607565848137725,0.058398131473419504,-0.057710324153586325,-0.22900410816761838,0.04813243936933694,0.03570940048252017,0.2681524196821597,-0.04680255591915029,0.10083928939400824,0.06013303068961111,-0.06844441299493755,-0.09778037712200616,-0.20038976609170372,-0.038193995027989515,-0.12149733447973457,-0.23276731325960678,0.047595356065753804,0.03209208274519383,0.27222165029798506,-0.046653240144919526,0.09985321614810026,0.058895862047751234,-0.06563527815520387,-0.10048688938643283,-0.2025368009305711,-0.03990888508535324,-0.1229693800384043,-0.23276731325960678,0.047595356065753804,0.03209208274519383,0.27222165029798506,-0.046653240144919526,0.09985321614810026,0.058895862047751234,-0.06563527815520387,-0.10048688938643283,-0.2025368009305711,-0.03990888508535324,-0.1229693800384043,-0.2704284796835799,-0.24379952836726046,0.03536947517590051,0.09327777120459528,0.2971247323542748,0.1685749786080452,0.22983154230544578,0.36771611976702223,0.06743684726941586,0.2291229487835501,-0.030636665418541015,0.16440032355629866,-0.27145300980309134,0.0993870376839169,-0.02153404694286051
gmp_structure_M,0.08456253057657698,-0.29027082944395827,-0.131679797071514,0.13142454141428575,0.07629553370003837,0.09776943864603622,0.18601989587574547,0.3246702643526589,0.0865200188643969,0.1431338191106367,0.3872617002871434,0.38475738842751983,0.2491297361254605,1.0,0.2581541378121379,0.03233236380793626,0.033631113731795184,0.08027461418365038,0.10149843492444097,0.2627297081633344,,0.2740362754406932,0.20743191217298812,0.09441250780833556,0.09745776198584785,0.05083683839482632,0.034665280020442196,-0.1476376335389793,-0.07129485310080655,-0.06557085897976866,0.20612126958765695,-0.0952751432138168,0.2401598607616386,0.733950957620229,0.051087020493094853,-0.0731372230845505,-0.12712768226569476,-0.047257181252198514,-0.008869920848785053,-0.14381116206690625,-0.07087283104248286,-0.05865141401754209,0.20145688518668622,-0.09500317263833573,0.2457664210102519,0.7335869936159064,0.042406655691192084,-0.06523652035708005,-0.12000905524321115,-0.03960628724759896,-0.002544562381469262,-0.14381116206690625,-0.07087283104248286,-0.05865141401754209,0.20145688518668622,-0.09500317263833573,0.2457664210102519,0.7335869936159064,0.042406655691192084,-0.06523652035708005,-0.12000905524321115,-0.03960628724759896,-0.002544562381469262,-0.23390207208940408,-0.17687860464495492,0.06464958371757341,0.00720110387687846,0.14035943625783937,0.09737326754687338,0.14682490329669545,0.2406721808307082,0.0362191986878827,0.17048404634986852,-0.013045676720091477,0.1469470604955481,-0.1391177556633115,0.11743522137949787,-0.06249723990146225
gmp_structure_N,0.1505767327599585,-0.24758429330268295,-0.04393730760601778,0.18599076392999697,0.1706902190648443,0.09670008848659772,0.18606629006464184,0.17687396528367452,0.24130411739241772,0.19405034328501639,0.28548890672061383,0.24573232266638714,0.18331456131819202,0.2581541378121379,1.0,-0.01937214541411964,-0.1178691599112009,0.007130621220443544,0.016620205590314845,0.23808786190492998,,0.19267165046238796,0.21408371041934074,0.17449052494633327,0.15791312625646906,0.14087700034855588,0.07746866195232066,-0.22517810938208138,0.00245102333448308,-0.0034500856117196514,0.09592954147374623,0.09837940845926334,0.08614785951283298,0.007864639566463166,0.650953617600092,-0.11142951224694785,-0.2430187552905435,-0.09667912724336764,-0.10478935945550616,-0.2192342525166882,0.004898397819748483,0.003495603800380205,0.09621583491770148,0.09875316728112005,0.09524123873571985,0.01361761172688643,0.6638093584996473,-0.1016361735618419,-0.23091048764505934,-0.0868456992894343,-0.09953413934163144,-0.2192342525166882,0.004898397819748483,0.003495603800380205,0.09621583491770148,0.09875316728112005,0.09524123873571985,0.01361761172688643,0.6638093584996473,-0.1016361735618419,-0.23091048764505934,-0.0868456992894343,-0.09953413934163144,-0.3015541025146755,-0.2334771441362128,0.16819369937918419,0.0649037398276863,0.1743169102231372,0.03048919712504998,0.06516483977018923,0.1659110594763914,0.041271879902233084,0.2098466448964507,0.013669189987545592,0.17717560386426606,-0.1735634068039084,0.001635577432741606,-0.03067614736114471
gmp_structure_O,-0.5896121570917625,0.2010179094458655,0.1840707471670349,-0.16414259534450715,0.20950925601111403,0.18646242845044886,-0.08761680074550164,0.07284693999886659,0.014815244690024154,0.05297295241298009,0.06747518491716699,0.2222489392175804,-0.0989824480477746,0.03233236380793626,-0.01937214541411964,1.0,0.6603218293739206,0.6049629280474484,0.5032596963339236,0.10043149156950472,,-0.35951104675465423,-0.29367943493928805,-0.5399792319661701,-0.4005399318100192,-0.4641621754155586,-0.09611600021093455,-0.1375164446075855,-0.11213965745890693,0.23025365173634257,-0.2020049567846919,-0.0878815185627507,0.09510782362568833,-0.04880435760013544,-0.07436386084950389,0.7777691086472793,0.38144592745456823,0.4108467109071857,0.3748123592760696,-0.13765223489329909,-0.11339288253453042,0.2302961919525171,-0.20623362482507024,-0.08777146070286704,0.09415543673623238,-0.05097119069240114,-0.07562831179154836,0.7769290924450712,0.37735147741724845,0.40971173511432873,0.37595103722407464,-0.13765223489329909,-0.11339288253453042,0.2302961919525171,-0.20623362482507024,-0.08777146070286704,0.09415543673623238,-0.05097119069240114,-0.07562831179154836,0.7769290924450712,0.37735147741724845,0.40971173511432873,0.37595103722407464,-0.00016571980983163333,-0.17235072758601477,-0.1834086356118947,-0.32584330528830124,-0.3499594805068693,-0.18887429822413715,-0.3034106817952099,-0.36884760230212865,-0.17783707068466287,-0.20409392341970725,-0.01999645073315243,-0.09420816355732177,0.2087148946774884,-0.09866646325095452,0.04405318528340293
gmp_structure_P,-0.7907066487778208,0.2857327442784506,0.15683976666404223,-0.2635128542420927,0.05845388523314966,0.1320742827862355,-0.13619699737626503,0.03993926731880687,-0.12448524094085497,-0.04277511323752317,0.027490964635180606,0.11923051374380504,-0.16994037652731367,0.033631113731795184,-0.1178691599112009,0.6603218293739206,1.0,0.5789398212507899,0.5229533091128263,0.005764872966546577,,-0.4044897372838773,-0.5107967402905078,-0.6951461012250965,-0.53473137920242,-0.5792472470686876,-0.14216871538408182,0.06839104983985114,-0.1708745394377768,0.13538470548629356,-0.21662074263136147,-0.16058072731360373,0.0025745525209543256,0.009252765216230753,-0.06884267222193421,0.43143987891335617,0.7703461160350434,0.49361697291310747,0.49078088670134024,0.0724957282026558,-0.16889829941159376,0.14289537306478398,-0.22570887370226658,-0.16040103390837385,0.009599305918533921,0.011532233469762369,-0.07940779460106948,0.4377724183984471,0.7746776492134854,0.4998756210852959,0.49442190100416283,0.0724957282026558,-0.16889829941159376,0.14289537306478398,-0.22570887370226658,-0.16040103390837385,0.009599305918533921,0.011532233469762369,-0.07940779460106948,0.4377724183984471,0.7746776492134854,0.4998756210852959,0.49442190100416283,0.23770571226769863,0.0531843640157234,-0.41621881774739516,-0.4605258665100944,-0.32168732751150575,-0.13928272349273232,-0.1951465465279584,-0.32383678490982665,-0.19891913382199358,-0.37207846652032445,-0.07438165080649002,-0.24863025495154104,0.31504557625039975,-0.020369320707184845,0.0028633198960561447
gmp_structure_Q,-0.53348022862814,0.06313028720173071,0.01220960312069686,-0.14113513053589688,0.11252208107505807,0.0873374490052073,-0.13398987048888836,0.15440511734694912,-0.005940087692367268,-0.01809779525189459,0.032584609106561704,0.21263942212051826,-0.05759135417975169,0.08027461418365038,0.007130621220443544,0.6049629280474484,0.5789398212507899,1.0,0.40862625765266136,0.04416420402663496,,-0.2598506865278336,-0.24004166569106078,-0.4352358006962022,-0.3565753704730535,-0.4092220460720245,-0.07664774677206643,-0.16267312360916514,-0.12127420439832784,0.1911043568622715,-0.11021214983882326,-0.13330491577259437,0.09517640483586896,-0.05329294421908162,-0.10879361464115855,0.3657390235423926,0.2867123358825576,0.7388642127387315,0.2746971774619414,-0.16897632055711123,-0.12249041331506602,0.18383399384876664,-0.09908933382785812,-0.13285714202396245,0.092832149750788,-0.052791643070603564,-0.09538241272054247,0.3588503996512078,0.2796429554385251,0.729487802159924,0.2727499617143478,-0.16897632055711123,-0.12249041331506602,0.18383399384876664,-0.09908933382785812,-0.13285714202396245,0.092832149750788,-0.052791643070603564,-0.09538241272054247,0.3588503996512078,0.2796429554385251,0.729487802159924,0.2727499617143478,0.03817059376560878,-0.1859045956410541,-0.14706166918962493,-0.25628667199782484,-0.08973194360295135,-0.0806242304021444,-0.13257429745911836,-0.13177205928964014,-0.12890703483105964,-0.15441466946788107,-0.061808255614473416,-0.03480259332443602,0.07026299599144402,-0.04934839356352208,0.09042135844228696
gmp_structure_R,-0.43887187284838086,0.1351422346907746,0.05344397748565651,-0.1050242441125007,0.07180224427845067,0.13246096184429368,-0.06280596600917183,0.10118169604344544,-0.05487736758707046,0.04758667821236348,0.06945870869259892,0.14128462323140062,-0.05134467087684054,0.10149843492444097,0.016620205590314845,0.5032596963339236,0.5229533091128263,0.40862625765266136,1.0,0.08101561270529148,,-0.20978000019653573,-0.22470806383055406,-0.36733767899261355,-0.2509918480404584,-0.3143261206417875,-0.023075889512679373,-0.03854201718666336,-0.07548648972458247,0.08572380444290521,-0.06488848533192955,-0.16347886721600002,0.020737608634999155,0.04868294219711465,-0.042629403546744035,0.28864973596922866,0.3282933139940001,0.26740854537789027,0.7646322262907083,-0.0357042515777148,-0.07527631072261358,0.09219165287647929,-0.07237526170456325,-0.16298720566233066,0.024990525027629697,0.04852880994928362,-0.05322107556286064,0.2941669167357156,0.3296732692125908,0.2717934252619378,0.7713792525099064,-0.0357042515777148,-0.07527631072261358,0.09219165287647929,-0.07237526170456325,-0.16298720566233066,0.024990525027629697,0.04852880994928362,-0.05322107556286064,0.2941669167357156,0.3296732692125908,0.2717934252619378,0.7713792525099064,-0.01592372013225357,-0.05777627497164732,-0.17635523127928907,-0.29049521760772173,-0.20692037940713912,-0.06541927597384031,-0.08466532283220708,-0.2021233654701886,-0.020961851168534714,-0.10890188946010249,0.02963259462257713,-0.06811982305759023,0.1777935695091415,-0.05442017065436979,0.04958672455774451
gmp_structure_S,0.03352107106712175,-0.24325165202249235,-0.03735550808130892,0.3342397404231703,0.29219372313777114,0.3639994880093026,0.35071572959110253,0.30796492287834015,0.13604448239274994,0.36588602652710955,0.42197956552757293,0.4102888979182012,0.3266470023941214,0.2627297081633344,0.23808786190492998,0.10043149156950472,0.005764872966546577,0.04416420402663496,0.08101561270529148,1.0,,0.09201610817931027,0.08968960066587577,0.04197214629098874,0.014035039464998275,0.014728861196064803,-0.016683917968892736,-0.2425687143204328,0.08650282438792928,0.02571818256485693,0.1955297091937138,0.031186987321049246,0.19421030077450288,0.0941407210031386,0.0023288778103081223,-0.010427773373491808,-0.11424640578470559,0.00452189245039595,-0.015087362833827772,-0.2489077286034107,0.08401687776542587,0.02040880137465861,0.19925940886374569,0.031281580357781384,0.18818799059308147,0.08964601693799623,0.009261805608712745,-0.016185085804221747,-0.12269161022027068,-0.0014711458249894022,-0.016769953959813108,-0.2489077286034107,0.08401687776542587,0.02040880137465861,0.19925940886374569,0.031281580357781384,0.18818799059308147,0.08964601693799623,0.009261805608712745,-0.016185085804221747,-0.12269161022027068,-0.0014711458249894022,-0.016769953959813108,-0.27540350138396286,-0.26064631156325485,0.059950554631732426,0.10433683161053521,0.13818840756283088,0.09319029156519647,0.11814130548670303,0.2558376309448636,0.03111028614152043,0.2015217282612476,-0.023831803137192204,0.12104691526021423,-0.19667177646008804,0.07397407380565138,-0.008063632162558412
gmp_structure_T,,,,,,,,,,,,,,,,,,,,,,,,,,,,,,,,,,,,,,,,,,,,,,,,,,,,,,,,,,,,,,,,,,,,,,,,,,,,,,
wage,0.699773606174327,-0.652324401007653,-0.03550518265976277,0.12402321221413266,-0.0009220676090729946,-0.11705181965991639,0.29549341495656506,0.09918620657038844,0.24007189482104202,0.1139222990417054,0.25729441825429,0.10412672744863542,0.1920285279586859,0.2740362754406932,0.19267165046238796,-0.35951104675465423,-0.4044897372838773,-0.2598506865278336,-0.20978000019653573,0.09201610817931027,,1.0,0.8278524961723531,0.6201958598105205,0.5375498295459764,0.503445869322519,0.17785317249392593,-0.299056614282596,-0.02714916632124341,-0.023730052029933866,0.2082486167788791,0.15579501813212435,0.014613900341178711,0.15265623970805428,0.08033587061847733,-0.39582383029175205,-0.539048724900552,-0.4580682670467507,-0.32525735452484655,-0.27432593413483536,-0.023755578513213856,0.005230031177916425,0.18743448321918002,0.15671445044817867,0.03543408679317428,0.160039957067102,0.046933654749293355,-0.3637380118071022,-0.5056346168549332,-0.4302549879228736,-0.30474038809013443,-0.27432593413483536,-0.023755578513213856,0.005230031177916425,0.18743448321918002,0.15671445044817867,0.03543408679317428,0.160039957067102,0.046933654749293355,-0.3637380118071022,-0.5056346168549332,-0.4302549879228736,-0.30474038809013443,-0.12948067326878523,-0.4350806469692063,0.5406634656339409,0.2288461809345521,0.29372996869103746,0.2509180111580482,0.3379029462918406,0.24286111416645487,0.19136657164541265,0.4183266478241483,-0.0479047255621923,0.4462011751567241,-0.4065210477463794,0.2718482108634146,-0.3741806581782924
payroll_pc,0.8213606827391475,-0.5998007213757225,0.01440407362307359,0.1701842331446989,0.07523027428370697,-0.13063374879158887,0.25684283304250494,0.03181009413065427,0.30072935779274823,0.13505072066977922,0.21704350813779036,0.13958599151814516,0.14015555735049137,0.20743191217298812,0.21408371041934074,-0.29367943493928805,-0.5107967402905078,-0.24004166569106078,-0.22470806383055406,0.08968960066587577,,0.8278524961723531,1.0,0.7526633826625757,0.6439562215058683,0.6091649097979042,0.2426505045722916,-0.2891132595945875,0.07440164582071218,-0.013737896301598537,0.10112242750263249,0.1724503755389255,0.06500299702744311,0.08240082613935251,0.07320430576783654,-0.38080471356919626,-0.7215122170218657,-0.5630010772988705,-0.3990617184607274,-0.277460920264052,0.07588693796452668,-7.526947470385789e-05,0.09175090637475927,0.17296040869765777,0.0743991831244352,0.08570884094956689,0.058888793725868506,-0.3648953796986999,-0.7029782276444401,-0.5487090983724046,-0.38864259940720736,-0.277460920264052,0.07588693796452668,-7.526947470385789e-05,0.09175090637475927,0.17296040869765777,0.0743991831244352,0.08570884094956689,0.058888793725868506,-0.3648953796986999,-0.7029782276444401,-0.5487090983724046,-0.38864259940720736,-0.17951474582093366,-0.45638147754955294,0.8695310411613335,0.2659073449505629,0.20913209647370412,0.11697522390046128,0.15810341370943953,0.15035140571614708,0.1563328277097393,0.47244629354881085,-0.0009513523383087901,0.531882962643604,-0.33622823221281656,0.17174951650801734,-0.2689470743043691
shipped_pc,0.7871362005331138,-0.4265037462790961,-0.04298011397576143,0.3190989162396032,0.028302784078169805,-0.11903817353900009,0.20548059751995817,0.00035185420181584406,0.1724529359432908,0.11428151533521819,0.06186396448386185,0.000885081062385714,0.10604106434612862,0.09441250780833556,0.17449052494633327,-0.5399792319661701,-0.6951461012250965,-0.4352358006962022,-0.36733767899261355,0.04197214629098874,,0.6201958598105205,0.7526633826625757,1.0,0.7089570855197395,0.7427014851199893,0.34720673301664207,-0.08556296234100298,0.28964557797324525,-0.13984456599748174,0.1360633328753882,0.04855137208985377,-0.01354017579890729,-0.00974790476090748,0.04436493658215308,-0.548164917165779,-0.7363739098137247,-0.6108663085474269,-0.49197858682254175,-0.08049385133462743,0.29029409026271746,-0.13521931148190416,0.13384022552083663,0.04856891876283903,-0.0111170199303369,-0.008674444274021878,0.03971808732544098,-0.5402755866996685,-0.7277040468939283,-0.6051531935865886,-0.4878564551210326,-0.08049385133462743,0.29029409026271746,-0.13521931148190416,0.13384022552083663,0.04856891876283903,-0.0111170199303369,-0.008674444274021878,0.03971808732544098,-0.5402755866996685,-0.7277040468939283,-0.6051531935865886,-0.4878564551210326,-0.2286016306846544,-0.2314409549186384,0.6388535989709619,0.417044259267197,0.3313082538119224,0.1444347078932559,0.20925849725376666,0.2781199855057019,0.23105026533511813,0.4207072005998976,0.036344497192666754,0.42382819654186665,-0.3385514363594294,0.09616840892796472,-0.1446740876169643
invest_pc,0.6599118591737161,-0.3065206490578421,-0.019004201903651007,0.1396843790757028,0.014828479639312652,-0.13710990236962345,0.2661127105255341,-0.03509986400612634,0.16430805145375324,0.11631352102202916,0.06541612481077864,-0.03319560310914963,0.05607565848137725,0.09745776198584785,0.15791312625646906,-0.4005399318100192,-0.53473137920242,-0.3565753704730535,-0.2509918480404584,0.014035039464998275,,0.5375498295459764,0.6439562215058683,0.7089570855197395,1.0,0.9274648502836877,0.8036817513280289,-0.04304976544379145,-0.006706141497645769,-0.1070527422686713,0.08029909735160463,0.08588477571553203,0.02917674224731918,0.08196109725652766,0.08319118631512837,-0.4222976223222089,-0.581195632481757,-0.5056446128797478,-0.3504633248197097,-0.03792268175070169,-0.005074766960153787,-0.10171737780419438,0.07644248465276343,0.08574508568745375,0.0337961649150682,0.08412297970396547,0.07950806178606744,-0.41446970553350027,-0.570049205652837,-0.498652845094907,-0.34700456378773,-0.03792268175070169,-0.005074766960153787,-0.10171737780419438,0.07644248465276343,0.08574508568745375,0.0337961649150682,0.08412297970396547,0.07950806178606744,-0.41446970553350027,-0.570049205652837,-0.498652845094907,-0.34700456378773,-0.16708817136537776,-0.14737737291611208,0.5248891822323065,0.2909750839067711,0.22709930749019927,0.13509558814247444,0.20405375968804745,0.15097359104179006,0.24335210905133095,0.3351021893903047,0.05524720383391523,0.27808484509702674,-0.19623026487246212,0.12215631190106198,-0.20083814246037152
invest_pc_nobudget,0.6542059984374061,-0.26578108424894953,-0.04102700186923966,0.16702412895114907,-0.0044379607140052554,-0.1349191710590558,0.23697601177654043,-0.04329302754598265,0.15410876486656955,0.1158179168219471,0.039273658539209715,-0.06920893180793494,0.058398131473419504,0.05083683839482632,0.14087700034855588,-0.4641621754155586,-0.5792472470686876,-0.4092220460720245,-0.3143261206417875,0.014728861196064803,,0.503445869322519,0.6091649097979042,0.7427014851199893,0.9274648502836877,1.0,0.7115732210959033,0.014442516821957952,0.03450740444878525,-0.1283630177618333,0.08465476264401071,0.08526333956392854,-0.011796163823534931,0.037888429840561844,0.08471753036314145,-0.47574948810761203,-0.6082993702563647,-0.5339176140839424,-0.4044705307561468,0.017973126389141586,0.03492310434889348,-0.12339675747461705,0.08220245640747421,0.08555576240952126,-0.010116254490831368,0.03916038905708973,0.0817222290105665,-0.4680884808566006,-0.599461386183456,-0.5278883625468952,-0.39996667367781785,0.017973126389141586,0.03492310434889348,-0.12339675747461705,0.08220245640747421,0.08555576240952126,-0.010116254490831368,0.03916038905708973,0.0817222290105665,-0.4680884808566006,-0.599461386183456,-0.5278883625468952,-0.39996667367781785,-0.17970750715994233,-0.09329875472080311,0.49014997635227164,0.3543405080936011,0.27420269318202906,0.14348205205580727,0.19931742574827696,0.19437705939165584,0.22951799563878356,0.3331392606217454,0.045295921680536116,0.24829037200028645,-0.21723171853769724,0.11978535588033452,-0.1783148044319188
invest_share,0.1564222031121994,-0.02949288232210007,0.022366165051433025,0.05719299614108245,0.09259304879708097,-0.037150546251048105,0.16361898325189847,-0.020191575252684633,0.12423910215878187,0.11459391615628325,-0.013123170107680443,-0.028695806541036296,-0.057710324153586325,0.034665280020442196,0.07746866195232066,-0.09611600021093455,-0.14216871538408182,-0.07664774677206643,-0.023075889512679373,-0.016683917968892736,,0.17785317249392593,0.2426505045722916,0.34720673301664207,0.8036817513280289,0.7115732210959033,1.0,0.08486084411042286,-0.019328060145909307,-0.06485353166135671,-0.04150045989383783,0.020839331037691578,-0.03119967092045643,-0.03131309376876907,0.0037032159742258746,-0.2182828445948395,-0.2672103101420701,-0.2526336652675606,-0.17204034431368737,0.08625175558577086,-0.019062411102917443,-0.06194851036491127,-0.042664335688616946,0.02084734977118472,-0.02918356174594066,-0.03020321798104181,0.0035772692890166605,-0.21407651496774585,-0.26193167968502645,-0.24924796407378697,-0.17002526960440278,0.08625175558577086,-0.019062411102917443,-0.06194851036491127,-0.042664335688616946,0.02084734977118472,-0.02918356174594066,-0.03020321798104181,0.0035772692890166605,-0.21407651496774585,-0.26193167968502645,-0.24924796407378697,-0.17002526960440278,-0.06368020258065599,-0.06588234333211118,0.2330320378667296,0.14872194880483375,0.12788364234384883,0.07511100557456644,0.10132529459002453,0.015357423604671247,0.19808755661646113,0.12242690777204462,0.0391215322862848,0.10678761455204837,-0.0698974653388019,0.03670921839931909,-0.10286842596489079
emp_share_A,-0.1468120835627627,0.7282178130057345,0.009893034714047304,-0.18033265605872675,-0.28941228044298994,-0.08778612713449752,-0.32799950033348296,-0.22042410221715353,-0.23216149611758755,-0.21492995628855238,-0.33153723479758196,-0.25744864371772436,-0.22900410816761838,-0.1476376335389793,-0.22517810938208138,-0.1375164446075855,0.06839104983985114,-0.16267312360916514,-0.03854201718666336,-0.2425687143204328,,-0.299056614282596,-0.2891132595945875,-0.08556296234100298,-0.04304976544379145,0.014442516821957952,0.08486084411042286,1.0,-0.2025311989981596,-0.168347858854456,-0.22094868103165013,-0.17981770905581457,-0.2546800553197756,-0.07725770117528957,-0.00946347363756748,-0.07995514430787559,0.18292113703418655,-0.028673179097174387,0.09935236347793029,0.9971292499047922,-0.20182288299089202,-0.16933979405068245,-0.2230867796864873,-0.17975476074451233,-0.25844507464565014,-0.07837800940534333,-0.011176234260058707,-0.08271303829882566,0.17868825463414617,-0.03101636736265782,0.09760891916302096,0.9971292499047922,-0.20182288299089202,-0.16933979405068245,-0.2230867796864873,-0.17975476074451233,-0.25844507464565014,-0.07837800940534333,-0.011176234260058707,-0.08271303829882566,0.17868825463414617,-0.03101636736265782,0.09760891916302096,0.08695790288217513,0.736317823132766,-0.19708880822549116,-0.18231167832463868,-0.394612121860402,-0.18649435168746364,-0.2051773869419898,-0.25483522483287596,-0.13193554113504727,-0.33613160304283557,0.17734821859269653,-0.31362808277556936,0.4131425449122615,-0.255669527399318,0.33089896223377085
emp_share_C,0.03579127060687323,-0.11872041612542883,-0.17613450139868958,0.730001289087708,0.0365508660420297,0.13530790278570445,-0.0710249890594193,0.1322977781988511,-0.09295284777718804,0.03824559619590998,-0.060388991263414,-0.030487993483384924,0.04813243936933694,-0.07129485310080655,0.00245102333448308,-0.11213965745890693,-0.1708745394377768,-0.12127420439832784,-0.07548648972458247,0.08650282438792928,,-0.02714916632124341,0.07440164582071218,0.28964557797324525,-0.006706141497645769,0.03450740444878525,-0.019328060145909307,-0.2025311989981596,1.0,-0.08434668913911163,0.15618071566957237,-0.19573244005523663,-0.09091147160217279,-0.20967705998900021,-0.12712882960748803,-0.2130111492907904,-0.26904774746434545,-0.19472225045175362,-0.19941187360267348,-0.20230676223661329,0.999228086436735,-0.0850666355932258,0.1573989803785067,-0.19579559921407153,-0.0932369531074413,-0.2120545897895307,-0.12794270791777887,-0.21445153075110268,-0.26987593592850023,-0.19701978868788256,-0.20063404787664527,-0.20230676223661329,0.999228086436735,-0.0850666355932258,0.1573989803785067,-0.19579559921407153,-0.0932369531074413,-0.2120545897895307,-0.12794270791777887,-0.21445153075110268,-0.26987593592850023,-0.19701978868788256,-0.20063404787664527,0.18329749742676124,-0.16754706120952206,0.12823492827985736,0.13900557459342575,0.17496904395409177,0.015199685943174194,0.04312284558592494,0.22355349317791942,0.10941465497738606,0.1777509937596172,0.14895450110614236,0.3027152287833535,-0.2044667058573494,-0.19731589138127437,0.18065463147643757
emp_share_D,-0.1063613658889352,-0.09027411813939906,0.07617549212956691,-0.06541200374904674,0.4073606056995962,0.010989080085816026,-0.03671957822538811,0.008305664058193994,0.04980596668078433,-0.02712809505295239,0.05220179701675388,0.11103966356439172,0.03570940048252017,-0.06557085897976866,-0.0034500856117196514,0.23025365173634257,0.13538470548629356,0.1911043568622715,0.08572380444290521,0.02571818256485693,,-0.023730052029933866,-0.013737896301598537,-0.13984456599748174,-0.1070527422686713,-0.1283630177618333,-0.06485353166135671,-0.168347858854456,-0.08434668913911163,1.0,-0.03308672213095093,0.04879954985858378,0.08346190595831574,-0.08594340980350065,0.017795472344894963,0.2020718279425678,0.04237205387247935,0.13984885313011763,0.08354950525197842,-0.16911813027828068,-0.08514129503221571,0.9944075154333061,-0.03092969714632329,0.048590456039932436,0.08436292006940706,-0.08635178933004706,0.023956621045672803,0.19823829896690712,0.03934181693508853,0.13709496899938345,0.08069625401905768,-0.16911813027828068,-0.08514129503221571,0.9944075154333061,-0.03092969714632329,0.048590456039932436,0.08436292006940706,-0.08635178933004706,0.023956621045672803,0.19823829896690712,0.03934181693508853,0.13709496899938345,0.08069625401905768,-0.1415371860755297,-0.20147068805041207,0.03325468650003849,-0.10190697474178673,-0.15037320368286083,-0.14273527367834973,-0.210687115777529,-0.15075927941699593,-0.19831198657315954,-0.03504383379909559,0.03578335625020931,0.14037203513907603,-0.008199830398419563,-0.12425243417976459,0.08007052029177535
emp_share_G,0.1409537509698812,-0.3355076933479048,-0.40123704296618345,0.28828202181040463,-0.07371780968416738,0.03250529008662431,0.09424068559823197,0.7226018396779649,0.0482785003379091,0.09574140869420081,0.19017560006742437,0.1751189030265117,0.2681524196821597,0.20612126958765695,0.09592954147374623,-0.2020049567846919,-0.21662074263136147,-0.11021214983882326,-0.06488848533192955,0.1955297091937138,,0.2082486167788791,0.10112242750263249,0.1360633328753882,0.08029909735160463,0.08465476264401071,-0.04150045989383783,-0.22094868103165013,0.15618071566957237,-0.03308672213095093,1.0,-0.020712294881795424,0.20333790389063883,0.11408480029500472,-0.05214521192005,-0.17573601395488148,-0.2607325072439395,-0.07303453292285329,-0.13937487995361897,-0.21333099450676776,0.15817350041870615,-0.02259783613482049,0.9952013707203464,-0.020624818199287954,0.21410621200311358,0.11577692501550996,-0.06711565504847505,-0.16472807720337876,-0.2475773110616922,-0.06269680760394286,-0.13236021355742672,-0.21333099450676776,0.15817350041870615,-0.02259783613482049,0.9952013707203464,-0.020624818199287954,0.21410621200311358,0.11577692501550996,-0.06711565504847505,-0.16472807720337876,-0.2475773110616922,-0.06269680760394286,-0.13236021355742672,-0.2229338118329985,-0.19303718152501573,-0.08088025607548568,0.19743731306565873,0.37444442377917536,0.1777196829925905,0.29176842263800795,0.4893221065845532,0.2512302754467525,0.6491984740573543,0.18571401540323515,0.2338796299344724,-0.27348704524631323,-0.003990500968387087,0.08868411128707303
emp_share_H,0.15290534108914483,-0.12477594630144584,0.12962199972959954,-0.07990858178812146,0.03503212848980454,0.005795752155634908,0.06383753482285233,-0.06742570047356057,0.8210448853879405,0.0071821500759449725,0.07773231937582979,-0.029312567655244814,-0.04680255591915029,-0.0952751432138168,0.09837940845926334,-0.0878815185627507,-0.16058072731360373,-0.13330491577259437,-0.16347886721600002,0.031186987321049246,,0.15579501813212435,0.1724503755389255,0.04855137208985377,0.08588477571553203,0.08526333956392854,0.020839331037691578,-0.17981770905581457,-0.19573244005523663,0.04879954985858378,-0.020712294881795424,1.0,0.01761071187288753,-0.06687828091569462,0.0911374398112575,-0.049125513417854816,-0.15860604057158142,-0.13412024290615568,-0.15314270542210762,-0.18018162727599307,-0.19565082602684356,0.04691822384587622,-0.019166825535513597,0.999863491115036,0.017006957311450088,-0.0674655944272385,0.09384153954597828,-0.051133373216263336,-0.159294134060498,-0.13504966329555568,-0.15427694420071475,-0.18018162727599307,-0.19565082602684356,0.04691822384587622,-0.019166825535513597,0.999863491115036,0.017006957311450088,-0.0674655944272385,0.09384153954597828,-0.051133373216263336,-0.159294134060498,-0.13504966329555568,-0.15427694420071475,-0.22756442543627584,-0.14419083846447797,0.15997391794997684,0.04851434788915143,0.001242896447645371,-0.04101193419808646,-0.06121189135017847,-0.08586467633743788,-0.015870225779795598,0.050683767134258,0.009745853708642718,0.027211537421924604,-0.0009724006112024548,0.010544801357852254,-0.09182276972743655
emp_share_K,0.034367919090758,-0.1606156364891668,-0.038628810551153754,0.0066921627451965796,0.12098111107134134,0.042411164217251544,0.084100197418456,0.21837474310159605,0.059932253832674316,0.12145324057362938,0.31403595159516645,0.7700258395189322,0.10083928939400824,0.2401598607616386,0.08614785951283298,0.09510782362568833,0.0025745525209543256,0.09517640483586896,0.020737608634999155,0.19421030077450288,,0.014613900341178711,0.06500299702744311,-0.01354017579890729,0.02917674224731918,-0.011796163823534931,-0.03119967092045643,-0.2546800553197756,-0.09091147160217279,0.08346190595831574,0.20333790389063883,0.01761071187288753,1.0,0.2266886461162768,0.0018295389676416087,0.15415655720610508,-0.019195018454783302,0.09572212242579077,0.06645721714064538,-0.2642893132461758,-0.09285309646691349,0.06725511441290356,0.2195227855948616,0.01749302724486361,0.9945699223864098,0.22426389619353912,0.01873333878745204,0.1388504813403994,-0.032340374143559364,0.08495276363867293,0.059673387875025,-0.2642893132461758,-0.09285309646691349,0.06725511441290356,0.2195227855948616,0.01749302724486361,0.9945699223864098,0.22426389619353912,0.01873333878745204,0.1388504813403994,-0.032340374143559364,0.08495276363867293,0.059673387875025,-0.21117568042099868,-0.19993029689728883,0.043233885974286346,0.07582143133811547,0.11028095809366788,0.04273023269183719,0.027160370606082368,0.21084642259139233,0.015166347037574048,0.12735960762443777,-0.08193176379576397,0.1021754031569208,-0.02132304691119333,0.14950003258629327,-0.029587893696593513
emp_share_M,0.10443918043743772,-0.11627018696264692,-0.06328246339286338,-0.14337085863745008,-0.12489408104665613,-0.029048107578952202,0.10601180556304957,0.056416968817776574,-0.1525118752416734,-0.010096231597022862,0.18912582772156944,0.09080636248533358,0.06013303068961111,0.733950957620229,0.007864639566463166,-0.04880435760013544,0.009252765216230753,-0.05329294421908162,0.04868294219711465,0.0941407210031386,,0.15265623970805428,0.08240082613935251,-0.00974790476090748,0.08196109725652766,0.037888429840561844,-0.03131309376876907,-0.07725770117528957,-0.20967705998900021,-0.08594340980350065,0.11408480029500472,-0.06687828091569462,0.2266886461162768,1.0,0.10500522725540093,0.011064228091143739,0.047545474887885714,-0.011625318193575733,0.1298009121517309,-0.0799886687115099,-0.21018368745725005,-0.08790550823792023,0.11462819286187627,-0.06687799809907671,0.22471772323843708,0.997616939316521,0.10607792972327607,0.006932768137354375,0.043732261205070753,-0.013423631321373532,0.1293568941849371,-0.0799886687115099,-0.21018368745725005,-0.08790550823792023,0.11462819286187627,-0.06687799809907671,0.22471772323843708,0.997616939316521,0.10607792972327607,0.006932768137354375,0.043732261205070753,-0.013423631321373532,0.1293568941849371,-0.05701554153843039,0.015430776623210265,-0.07364293324434862,-0.03499853329077093,-0.07019212924335447,0.07660249594546094,0.0965141295382148,0.05537961776373392,-0.03686680548628518,0.0077354851603246184,-0.04644602552185438,-0.11818161274567116,0.06417225389894787,0.18349365168997134,-0.11831278072368706
emp_share_N,0.10324671991057391,-0.047960467897452515,0.10567565780082774,-0.09958138668946577,-0.06588398534821296,-0.047606734066372135,0.05888289582696456,-0.09873112792473318,-0.05157221796326276,-0.06442056782528366,0.09438975007041438,-0.039993866827137826,-0.06844441299493755,0.051087020493094853,0.650953617600092,-0.07436386084950389,-0.06884267222193421,-0.10879361464115855,-0.042629403546744035,0.0023288778103081223,,0.08033587061847733,0.07320430576783654,0.04436493658215308,0.08319118631512837,0.08471753036314145,0.0037032159742258746,-0.00946347363756748,-0.12712882960748803,0.017795472344894963,-0.05214521192005,0.0911374398112575,0.0018295389676416087,0.10500522725540093,1.0,-0.019372848079159316,-0.04800540997469285,-0.049056287423287506,0.015532181373989406,-0.0030408739205796107,-0.12489978744392072,0.028280290131469574,-0.05795539400824146,0.09171423114973998,0.00934932990499319,0.11010015245653795,0.9906821376070531,-0.009651489865248374,-0.036450261988119355,-0.038383532831337365,0.022011666409326558,-0.0030408739205796107,-0.12489978744392072,0.028280290131469574,-0.05795539400824146,0.09171423114973998,0.00934932990499319,0.11010015245653795,0.9906821376070531,-0.009651489865248374,-0.036450261988119355,-0.038383532831337365,0.022011666409326558,-0.0980380576774815,0.031207603109328946,0.06283872423287655,-0.06088483388430122,-0.15260573917164597,-0.0865390981422454,-0.07404114918723086,-0.05787660323273944,-0.07774320825760736,-0.010657973397966782,0.056016638120909734,-0.04624311984532123,0.07525083613283251,-0.04953855049100117,0.035362937543986395
emp_share_O,-0.45035225793669215,0.2817455413496163,0.12861997639966363,-0.24029748607607107,0.07436761722223734,0.10966186914595169,-0.1795901998620448,-0.041302764230049936,-0.08028061139318242,-0.06582789346917717,-0.02699399035436273,0.10179007041456774,-0.09778037712200616,-0.0731372230845505,-0.11142951224694785,0.7777691086472793,0.43143987891335617,0.3657390235423926,0.28864973596922866,-0.010427773373491808,,-0.39582383029175205,-0.38080471356919626,-0.548164917165779,-0.4222976223222089,-0.47574948810761203,-0.2182828445948395,-0.07995514430787559,-0.2130111492907904,0.2020718279425678,-0.17573601395488148,-0.049125513417854816,0.15415655720610508,0.011064228091143739,-0.019372848079159316,1.0,0.4155778978229668,0.4251181393544872,0.37501569799401935,-0.08090988524311907,-0.2132039127953554,0.197616783411356,-0.1763444687014557,-0.04941890938076426,0.152238236602093,0.010046698852159985,-0.015671759959731454,0.9932688466467826,0.41056901073217705,0.4211202379887135,0.37209273123853365,-0.08090988524311907,-0.2132039127953554,0.197616783411356,-0.1763444687014557,-0.04941890938076426,0.152238236602093,0.010046698852159985,-0.015671759959731454,0.9932688466467826,0.41056901073217705,0.4211202379887135,0.37209273123853365,-0.005531229906914753,0.061835870308716415,-0.2794102089151154,-0.28420370634455405,-0.41125470041073275,-0.21783611015912577,-0.3391136274108061,-0.38861076176934756,-0.20344603663212668,-0.2671452291185675,0.03301085792844013,-0.2220817120639138,0.30954931646764566,-0.15158068725069274,0.134966108329546
emp_share_P,-0.6858641414401211,0.4851435461511362,0.170112824704645,-0.34888751774546206,-0.07950144178773653,0.08794923158709622,-0.19616926699582635,-0.18376271416393258,-0.2927168057071472,-0.16208463634364398,-0.13151207449645966,-0.08857098990498306,-0.20038976609170372,-0.12712768226569476,-0.2430187552905435,0.38144592745456823,0.7703461160350434,0.2867123358825576,0.3282933139940001,-0.11424640578470559,,-0.539048724900552,-0.7215122170218657,-0.7363739098137247,-0.581195632481757,-0.6082993702563647,-0.2672103101420701,0.18292113703418655,-0.26904774746434545,0.04237205387247935,-0.2607325072439395,-0.15860604057158142,-0.019195018454783302,0.047545474887885714,-0.04800540997469285,0.4155778978229668,1.0,0.5228544089456288,0.5517875780075926,0.18072909397137377,-0.26949700874490684,0.040412194675865785,-0.26192076010233195,-0.15875546804746066,-0.019776468039389726,0.04698933672637413,-0.04722391921555893,0.4113596855885187,0.9923209617941456,0.5199628300637257,0.5492774850910197,0.18072909397137377,-0.26949700874490684,0.040412194675865785,-0.26192076010233195,-0.15875546804746066,-0.019776468039389726,0.04698933672637413,-0.04722391921555893,0.4113596855885187,0.9923209617941456,0.5199628300637257,0.5492774850910197,0.3079337462554395,0.3754154843554189,-0.6510233004316784,-0.431624341652413,-0.3399999877618316,-0.10504226386299288,-0.14052058367561643,-0.3316245037462955,-0.1813146295363777,-0.5205211192961042,-0.11520588208153586,-0.4459677943018252,0.4100171351027288,0.029844765318857512,0.008925213076211544
emp_share_Q,-0.5627397741821725,0.2685296286551394,-0.0006367342285031164,-0.195498470304649,-0.005865328889586248,0.09777330372063646,-0.19093935150706406,0.022879709157779312,-0.1890068903099996,-0.11091050815131118,-0.06817321280022151,0.04649396117893176,-0.038193995027989515,-0.047257181252198514,-0.09667912724336764,0.4108467109071857,0.49361697291310747,0.7388642127387315,0.26740854537789027,0.00452189245039595,,-0.4580682670467507,-0.5630010772988705,-0.6108663085474269,-0.5056446128797478,-0.5339176140839424,-0.2526336652675606,-0.028673179097174387,-0.19472225045175362,0.13984885313011763,-0.07303453292285329,-0.13412024290615568,0.09572212242579077,-0.011625318193575733,-0.049056287423287506,0.4251181393544872,0.5228544089456288,1.0,0.3664705969257305,-0.03097085229009822,-0.19541811645713186,0.1365225124477271,-0.07170578199999297,-0.13428940343122203,0.09447895221231321,-0.013227333066234016,-0.046390356826510465,0.4200480018845253,0.5157961297573352,0.9942210081105672,0.3633671735052097,-0.03097085229009822,-0.19541811645713186,0.1365225124477271,-0.07170578199999297,-0.13428940343122203,0.09447895221231321,-0.013227333066234016,-0.046390356826510465,0.4200480018845253,0.5157961297573352,0.9942210081105672,0.3633671735052097,0.09883075725364203,0.1411909590735545,-0.515962749804168,-0.2597953554363867,-0.1905613510790012,-0.09720292996484178,-0.10795279910257612,-0.10453876640579575,-0.1701119537987776,-0.2748901590841606,-0.02330900626843637,-0.30369393949805423,0.18518976238154386,-0.1222454578354901,0.18671881716143204
emp_share_R,-0.42348585158921553,0.29638318371548367,0.13953013474579834,-0.2059760495073884,-0.032128174174607886,0.1021194713967867,-0.14356371624556716,-0.08334564144556514,-0.19794385575928966,-0.08481261054576765,-0.026825004480996582,0.03327632377068318,-0.12149733447973457,-0.008869920848785053,-0.10478935945550616,0.3748123592760696,0.49078088670134024,0.2746971774619414,0.7646322262907083,-0.015087362833827772,,-0.32525735452484655,-0.3990617184607274,-0.49197858682254175,-0.3504633248197097,-0.4044705307561468,-0.17204034431368737,0.09935236347793029,-0.19941187360267348,0.08354950525197842,-0.13937487995361897,-0.15314270542210762,0.06645721714064538,0.1298009121517309,0.015532181373989406,0.37501569799401935,0.5517875780075926,0.3664705969257305,1.0,0.096825114705865,-0.19935134465123824,0.0811012074999714,-0.14050904693055638,-0.15355427031182148,0.06564938885347102,0.12791263356547952,0.01868081592353416,0.3696848724606817,0.5444206325693132,0.3622431255475614,0.9961526249677762,0.096825114705865,-0.19935134465123824,0.0811012074999714,-0.14050904693055638,-0.15355427031182148,0.06564938885347102,0.12791263356547952,0.01868081592353416,0.3696848724606817,0.5444206325693132,0.3622431255475614,0.9961526249677762,0.04656632435565734,0.19533842778397953,-0.34067308594688,-0.4084656199536432,-0.3748081779733741,-0.10399876778363445,-0.13085499562596112,-0.31452221876409,-0.055854629633983646,-0.2803232207472614,0.05513573352386783,-0.23680873577065398,0.3828387058734718,-0.062244758554474956,0.10760441823836653
lq_A,-0.1409474881651818,0.7272538688540248,0.01024048834214337,-0.18162779003579432,-0.2947020332799595,-0.09312767215261092,-0.32920344358577774,-0.2219982873050922,-0.2285122249448315,-0.21195537509885393,-0.3317916176748362,-0.26570550510499225,-0.23276731325960678,-0.14381116206690625,-0.2192342525166882,-0.13765223489329909,0.0724957282026558,-0.16897632055711123,-0.0357042515777148,-0.2489077286034107,,-0.27432593413483536,-0.277460920264052,-0.08049385133462743,-0.03792268175070169,0.017973126389141586,0.08625175558577086,0.9971292499047922,-0.20230676223661329,-0.16911813027828068,-0.21333099450676776,-0.18018162727599307,-0.2642893132461758,-0.0799886687115099,-0.0030408739205796107,-0.08090988524311907,0.18072909397137377,-0.03097085229009822,0.096825114705865,1.0,-0.2003334872602158,-0.1638414017836303,-0.2200564049181907,-0.1798413793882843,-0.26215960845076924,-0.07789167797881107,-0.012038170995165905,-0.07519915376591065,0.18551599849464998,-0.025859962873040043,0.09988348079408398,1.0,-0.2003334872602158,-0.1638414017836303,-0.2200564049181907,-0.1798413793882843,-0.26215960845076924,-0.07789167797881107,-0.012038170995165905,-0.07519915376591065,0.18551599849464998,-0.025859962873040043,0.09988348079408398,0.08404801887996739,0.7416515293882403,-0.19937848337077224,-0.18506990794586942,-0.3968830926599765,-0.19200570623106364,-0.2051965682863477,-0.25577841848352767,-0.12731339472514863,-0.3159971070977774,0.19256597016517982,-0.30513128628953373,0.4150149677988883,-0.2720221393425604,0.3272457498058284
lq_C,0.03621337713316959,-0.11761626695963807,-0.17824735432499803,0.7282630097072491,0.03452830744855763,0.13320481598622716,-0.07131819879857569,0.13203584244986144,-0.09288536550319162,0.040789877173709084,-0.060847573885006716,-0.03179620375267419,0.047595356065753804,-0.07087283104248286,0.004898397819748483,-0.11339288253453042,-0.16889829941159376,-0.12249041331506602,-0.07527631072261358,0.08401687776542587,,-0.023755578513213856,0.07588693796452668,0.29029409026271746,-0.005074766960153787,0.03492310434889348,-0.019062411102917443,-0.20182288299089202,0.999228086436735,-0.08514129503221571,0.15817350041870615,-0.19565082602684356,-0.09285309646691349,-0.21018368745725005,-0.12489978744392072,-0.2132039127953554,-0.26949700874490684,-0.19541811645713186,-0.19935134465123824,-0.2003334872602158,1.0,-0.08422678521294732,0.15928615985698025,-0.19564090958338232,-0.09292501816136002,-0.2107620920953343,-0.12731091109650183,-0.21261375561150012,-0.2665067187939241,-0.19525367406768912,-0.199771281414498,-0.2003334872602158,1.0,-0.08422678521294732,0.15928615985698025,-0.19564090958338232,-0.09292501816136002,-0.2107620920953343,-0.12731091109650183,-0.21261375561150012,-0.2665067187939241,-0.19525367406768912,-0.199771281414498,0.18276249879519796,-0.16475384205132096,0.12825743504227446,0.13488177541253624,0.17377007637006023,0.010465068992351818,0.042911404032683044,0.22293121882959577,0.10896180789880011,0.18127783036614073,0.1524346960076683,0.3034649465870745,-0.20214654827769657,-0.20738684266870366,0.18180660661148038
lq_D,-0.10112953592094998,-0.09701793760521908,0.0763028897602918,-0.06733396619621126,0.39864945060866797,0.005751215657032422,-0.035915266533256024,0.008708933151496312,0.05340171904962393,-0.021338429905710003,0.05330779534368731,0.09893606720438795,0.03209208274519383,-0.05865141401754209,0.003495603800380205,0.2302961919525171,0.14289537306478398,0.18383399384876664,0.09219165287647929,0.02040880137465861,,0.005230031177916425,-7.526947470385789e-05,-0.13521931148190416,-0.10171737780419438,-0.12339675747461705,-0.06194851036491127,-0.16933979405068245,-0.0850666355932258,0.9944075154333061,-0.02259783613482049,0.04691822384587622,0.06725511441290356,-0.08790550823792023,0.028280290131469574,0.197616783411356,0.040412194675865785,0.1365225124477271,0.0811012074999714,-0.1638414017836303,-0.08422678521294732,1.0,-0.02672073893577291,0.04725389053690902,0.07634529068856193,-0.084899262260094,0.02338811457921974,0.2043895512760631,0.04814832860690448,0.14338690455358527,0.08528832148000977,-0.1638414017836303,-0.08422678521294732,1.0,-0.02672073893577291,0.04725389053690902,0.07634529068856193,-0.084899262260094,0.02338811457921974,0.2043895512760631,0.04814832860690448,0.14338690455358527,0.08528832148000977,-0.14168690530160888,-0.19673657255017246,0.02983446969270706,-0.10923064940530969,-0.15386162114347335,-0.1517515637437139,-0.2103831098500818,-0.15280207707872911,-0.1899483619699274,-0.010391324882999252,0.0576074354639835,0.15091279024782933,-0.003998236543331959,-0.14218608599620736,0.07500486565862004
lq_G,0.13752788242334785,-0.33105734188874225,-0.407649855712048,0.2923583977679143,-0.06733037167252302,0.03780515087985904,0.09322975535986333,0.7258328978349393,0.04578767499450882,0.09607434878658934,0.18684122740282705,0.18652619290015626,0.27222165029798506,0.20145688518668622,0.09621583491770148,-0.20623362482507024,-0.22570887370226658,-0.09908933382785812,-0.07237526170456325,0.19925940886374569,,0.18743448321918002,0.09175090637475927,0.13384022552083663,0.07644248465276343,0.08220245640747421,-0.042664335688616946,-0.2230867796864873,0.1573989803785067,-0.03092969714632329,0.9952013707203464,-0.019166825535513597,0.2195227855948616,0.11462819286187627,-0.05795539400824146,-0.1763444687014557,-0.26192076010233195,-0.07170578199999297,-0.14050904693055638,-0.2200564049181907,0.15928615985698025,-0.02672073893577291,1.0,-0.018825174183605936,0.22742123610289042,0.11675181875157373,-0.0636245094046877,-0.17113356429306922,-0.25343748625832335,-0.06577125943858514,-0.13636025126212256,-0.2200564049181907,0.15928615985698025,-0.02672073893577291,1.0,-0.018825174183605936,0.22742123610289042,0.11675181875157373,-0.0636245094046877,-0.17113356429306922,-0.25343748625832335,-0.06577125943858514,-0.13636025126212256,-0.22443505061498709,-0.19947195890065966,-0.0755616115896633,0.20424610559840198,0.3811501112828974,0.18203323924701606,0.2941385143651373,0.4949130299051473,0.24593851473385142,0.6324960699390104,0.16555851654088155,0.22765000122097762,-0.27946047073608254,0.010553140307052693,0.10034499825468375
lq_H,0.15278468811860252,-0.12533774089101452,0.12966947494883904,-0.07988599899167326,0.0350449947989432,0.005904283634928685,0.06421862179094331,-0.06699511313997213,0.8211645071998229,0.008426138185558858,0.07773531591572304,-0.029601229452486742,-0.046653240144919526,-0.09500317263833573,0.09875316728112005,-0.08777146070286704,-0.16040103390837385,-0.13285714202396245,-0.16298720566233066,0.031281580357781384,,0.15671445044817867,0.17296040869765777,0.04856891876283903,0.08574508568745375,0.08555576240952126,0.02084734977118472,-0.17975476074451233,-0.19579559921407153,0.048590456039932436,-0.020624818199287954,0.999863491115036,0.01749302724486361,-0.06687799809907671,0.09171423114973998,-0.04941890938076426,-0.15875546804746066,-0.13428940343122203,-0.15355427031182148,-0.1798413793882843,-0.19564090958338232,0.04725389053690902,-0.018825174183605936,1.0,0.017375580352802487,-0.06709297908547426,0.09404989264917912,-0.05065589612803941,-0.15870926730770454,-0.1344723156659904,-0.1537890575307605,-0.1798413793882843,-0.19564090958338232,0.04725389053690902,-0.018825174183605936,1.0,0.017375580352802487,-0.06709297908547426,0.09404989264917912,-0.05065589612803941,-0.15870926730770454,-0.1344723156659904,-0.1537890575307605,-0.22770536611693723,-0.1441720267843284,0.16000746270499258,0.04854809711568789,0.0011746337646126623,-0.04119019865379195,-0.0612110561999428,-0.08583201199238974,-0.01599726147829798,0.05104892076011701,0.010178714973945034,0.027368065613155596,-0.001068674806016331,0.012925817220730409,-0.09165457835699263
lq_K,0.037366966971073126,-0.16480331242581672,-0.04224587146527428,0.004079569669705142,0.11500770185645863,0.03664861095165045,0.08408056499666626,0.21880633589385218,0.06286057928695886,0.12967468072970603,0.31432563825457216,0.7641805857362886,0.09985321614810026,0.2457664210102519,0.09524123873571985,0.09415543673623238,0.009599305918533921,0.092832149750788,0.024990525027629697,0.18818799059308147,,0.03543408679317428,0.0743991831244352,-0.0111170199303369,0.0337961649150682,-0.010116254490831368,-0.02918356174594066,-0.25844507464565014,-0.0932369531074413,0.08436292006940706,0.21410621200311358,0.017006957311450088,0.9945699223864098,0.22471772323843708,0.00934932990499319,0.152238236602093,-0.019776468039389726,0.09447895221231321,0.06564938885347102,-0.26215960845076924,-0.09292501816136002,0.07634529068856193,0.22742123610289042,0.017375580352802487,1.0,0.227215252842883,0.01935003277285899,0.1461273656709736,-0.021532681201709255,0.09247036410539297,0.064041709576975,-0.26215960845076924,-0.09292501816136002,0.07634529068856193,0.22742123610289042,0.017375580352802487,1.0,0.227215252842883,0.01935003277285899,0.1461273656709736,-0.021532681201709255,0.09247036410539297,0.064041709576975,-0.2132389507355148,-0.19767618237660897,0.039474683723272216,0.06690034855048835,0.109637168398492,0.03177603167270829,0.027571179540553728,0.2119494390398192,0.018408001410732646,0.14841106011165042,-0.06441800535291604,0.11229468728028111,-0.017099613119203383,0.12535127390756837,-0.02899293488075588
lq_M,0.10524936781651882,-0.11574081931234068,-0.06590893809389387,-0.14510423237358722,-0.1271462976677903,-0.03219962173969611,0.10440459171762903,0.05484524210631797,-0.1520072965604916,-0.006973938441658397,0.18851978965998284,0.08901908558151526,0.058895862047751234,0.7335869936159064,0.01361761172688643,-0.05097119069240114,0.011532233469762369,-0.052791643070603564,0.04852880994928362,0.08964601693799623,,0.160039957067102,0.08570884094956689,-0.008674444274021878,0.08412297970396547,0.03916038905708973,-0.03020321798104181,-0.07837800940534333,-0.2120545897895307,-0.08635178933004706,0.11577692501550996,-0.0674655944272385,0.22426389619353912,0.997616939316521,0.11010015245653795,0.010046698852159985,0.04698933672637413,-0.013227333066234016,0.12791263356547952,-0.07789167797881107,-0.2107620920953343,-0.084899262260094,0.11675181875157373,-0.06709297908547426,0.227215252842883,1.0,0.10842234355155686,0.010547199946552038,0.049513122573009646,-0.010088476252991417,0.13014503884879752,-0.07789167797881107,-0.2107620920953343,-0.084899262260094,0.11675181875157373,-0.06709297908547426,0.227215252842883,1.0,0.10842234355155686,0.010547199946552038,0.049513122573009646,-0.010088476252991417,0.13014503884879752,-0.05769383935096644,0.01810128440562089,-0.07321182193972016,-0.03972036807369897,-0.070720809175508,0.07112178778797666,0.09649351702916023,0.05562986903347956,-0.03691541009836111,0.014231236132720523,-0.04125462991684164,-0.11548675893551517,0.06587146947034193,0.17114893192024974,-0.1148939238495577
lq_N,0.09767357478350247,-0.04278771403611517,0.10407682411340903,-0.09606041732379919,-0.05406885401794339,-0.0398987356058486,0.05717783505954556,-0.09979365145966372,-0.053238426932740265,-0.06995608097795962,0.09213723710601185,-0.025109443274961757,-0.06563527815520387,0.042406655691192084,0.6638093584996473,-0.07562831179154836,-0.07940779460106948,-0.09538241272054247,-0.05322107556286064,0.009261805608712745,,0.046933654749293355,0.058888793725868506,0.03971808732544098,0.07950806178606744,0.0817222290105665,0.0035772692890166605,-0.011176234260058707,-0.12794270791777887,0.023956621045672803,-0.06711565504847505,0.09384153954597828,0.01873333878745204,0.10607792972327607,0.9906821376070531,-0.015671759959731454,-0.04722391921555893,-0.046390356826510465,0.01868081592353416,-0.012038170995165905,-0.12731091109650183,0.02338811457921974,-0.0636245094046877,0.09404989264917912,0.01935003277285899,0.10842234355155686,1.0,-0.017558826022733457,-0.046757978486004576,-0.045904849940840604,0.017042585483687905,-0.012038170995165905,-0.12731091109650183,0.02338811457921974,-0.0636245094046877,0.09404989264917912,0.01935003277285899,0.10842234355155686,1.0,-0.017558826022733457,-0.046757978486004576,-0.045904849940840604,0.017042585483687905,-0.10151824035950026,0.020876593276574328,0.0699993977968066,-0.048762915503593414,-0.14590064397606112,-0.07812612619379186,-0.0746264530880053,-0.05555200648527563,-0.0883564158033531,-0.04043949671653945,0.025541077905195733,-0.05629724808231953,0.0677453149963493,-0.029332826327706167,0.046665177812657284
lq_O,-0.4436713803413598,0.27258271401118844,0.12815165062835154,-0.24169234642799137,0.06693296363519419,0.10247576897503038,-0.1787625678083,-0.039476994264685795,-0.07493842604012954,-0.05958208223172547,-0.02536316939514776,0.09128106347647579,-0.10048688938643283,-0.06523652035708005,-0.1016361735618419,0.7769290924450712,0.4377724183984471,0.3588503996512078,0.2941669167357156,-0.016185085804221747,,-0.3637380118071022,-0.3648953796986999,-0.5402755866996685,-0.41446970553350027,-0.4680884808566006,-0.21407651496774585,-0.08271303829882566,-0.21445153075110268,0.19823829896690712,-0.16472807720337876,-0.051133373216263336,0.1388504813403994,0.006932768137354375,-0.009651489865248374,0.9932688466467826,0.4113596855885187,0.4200480018845253,0.3696848724606817,-0.07519915376591065,-0.21261375561150012,0.2043895512760631,-0.17113356429306922,-0.05065589612803941,0.1461273656709736,0.010547199946552038,-0.017558826022733457,1.0,0.4183514078470258,0.42720819592666637,0.37491905112080265,-0.07519915376591065,-0.21261375561150012,0.2043895512760631,-0.17113356429306922,-0.05065589612803941,0.1461273656709736,0.010547199946552038,-0.017558826022733457,1.0,0.4183514078470258,0.42720819592666637,0.37491905112080265,-0.008044629299035178,0.06688696847564589,-0.2819548904049514,-0.28924037184286855,-0.4116955328471674,-0.2245985250348167,-0.3373279139600164,-0.3878536603292433,-0.1940079129695017,-0.23938974617168246,0.05443089027817544,-0.2091465793563855,0.31187239471459477,-0.16864483511969053,0.12966533721997492
lq_P,-0.6760811250125898,0.4771163650280478,0.1655695033342905,-0.35110405189145316,-0.08823328523280695,0.07888039454645339,-0.19682787554795517,-0.182355500530957,-0.2856517122194505,-0.15509472396547605,-0.1302600224335638,-0.09838567610201655,-0.2025368009305711,-0.12000905524321115,-0.23091048764505934,0.37735147741724845,0.7746776492134854,0.2796429554385251,0.3296732692125908,-0.12269161022027068,,-0.5056346168549332,-0.7029782276444401,-0.7277040468939283,-0.570049205652837,-0.599461386183456,-0.26193167968502645,0.17868825463414617,-0.26987593592850023,0.03934181693508853,-0.2475773110616922,-0.159294134060498,-0.032340374143559364,0.043732261205070753,-0.036450261988119355,0.41056901073217705,0.9923209617941456,0.5157961297573352,0.5444206325693132,0.18551599849464998,-0.2665067187939241,0.04814832860690448,-0.25343748625832335,-0.15870926730770454,-0.021532681201709255,0.049513122573009646,-0.046757978486004576,0.4183514078470258,1.0,0.5250044611382363,0.5491804698434152,0.18551599849464998,-0.2665067187939241,0.04814832860690448,-0.25343748625832335,-0.15870926730770454,-0.021532681201709255,0.049513122573009646,-0.046757978486004576,0.4183514078470258,1.0,0.5250044611382363,0.5491804698434152,0.3027276239491829,0.38029485693921034,-0.6499308768040227,-0.43832475474285465,-0.3397614930538465,-0.11475424881635245,-0.13845514532135864,-0.3292259837598196,-0.17361013428045413,-0.4908740531988744,-0.09216009290890832,-0.4324489590289456,0.41044547646431195,0.004073965394463275,0.007532655752301451
lq_Q,-0.5568585780190327,0.26145141982029324,-0.002322268762940703,-0.1977223600304725,-0.01216867471105797,0.09128734284776194,-0.18913953147557822,0.02425419369487488,-0.18419194007694456,-0.10407424253933556,-0.06450759387194716,0.039302797241419836,-0.03990888508535324,-0.03960628724759896,-0.0868456992894343,0.40971173511432873,0.4998756210852959,0.729487802159924,0.2717934252619378,-0.0014711458249894022,,-0.4302549879228736,-0.5487090983724046,-0.6051531935865886,-0.498652845094907,-0.5278883625468952,-0.24924796407378697,-0.03101636736265782,-0.19701978868788256,0.13709496899938345,-0.06269680760394286,-0.13504966329555568,0.08495276363867293,-0.013423631321373532,-0.038383532831337365,0.4211202379887135,0.5199628300637257,0.9942210081105672,0.3622431255475614,-0.025859962873040043,-0.19525367406768912,0.14338690455358527,-0.06577125943858514,-0.1344723156659904,0.09247036410539297,-0.010088476252991417,-0.045904849940840604,0.42720819592666637,0.5250044611382363,1.0,0.36628438859030227,-0.025859962873040043,-0.19525367406768912,0.14338690455358527,-0.06577125943858514,-0.1344723156659904,0.09247036410539297,-0.010088476252991417,-0.045904849940840604,0.42720819592666637,0.5250044611382363,1.0,0.36628438859030227,0.09572839356574211,0.14624353462597886,-0.5177601694845698,-0.26669422088557027,-0.19128717630834674,-0.10536285384325546,-0.1063209821379322,-0.10375564761707444,-0.1623946788686059,-0.250810477021919,-0.003450145444849508,-0.292123141551585,0.18775016331505015,-0.13876561285129616,0.18294655294582682
lq_R,-0.4201803463135524,0.2884723549027685,0.13942709173158196,-0.2065755717957449,-0.0352061722054567,0.09907647230108066,-0.14099841441368202,-0.08069949463515251,-0.19381946337660974,-0.07866776452791004,-0.024332078636977932,0.029186199016958715,-0.1229693800384043,-0.002544562381469262,-0.09953413934163144,0.37595103722407464,0.49442190100416283,0.2727499617143478,0.7713792525099064,-0.016769953959813108,,-0.30474038809013443,-0.38864259940720736,-0.4878564551210326,-0.34700456378773,-0.39996667367781785,-0.17002526960440278,0.09760891916302096,-0.20063404787664527,0.08069625401905768,-0.13236021355742672,-0.15427694420071475,0.059673387875025,0.1293568941849371,0.022011666409326558,0.37209273123853365,0.5492774850910197,0.3633671735052097,0.9961526249677762,0.09988348079408398,-0.199771281414498,0.08528832148000977,-0.13636025126212256,-0.1537890575307605,0.064041709576975,0.13014503884879752,0.017042585483687905,0.37491905112080265,0.5491804698434152,0.36628438859030227,1.0,0.09988348079408398,-0.199771281414498,0.08528832148000977,-0.13636025126212256,-0.1537890575307605,0.064041709576975,0.13014503884879752,0.017042585483687905,0.37491905112080265,0.5491804698434152,0.36628438859030227,1.0,0.04496183131552838,0.1973137146388921,-0.3421158158137987,-0.4118612996879266,-0.37545968157492055,-0.10568289172019663,-0.12944084521974958,-0.31432180580757124,-0.049889993769500235,-0.2638349800467723,0.06742383726024129,-0.23001040644018278,0.38378024397168176,-0.06387724758592836,0.1039766453804033
lq_ru_A,-0.1409474881651818,0.7272538688540248,0.01024048834214337,-0.18162779003579432,-0.2947020332799595,-0.09312767215261092,-0.32920344358577774,-0.2219982873050922,-0.2285122249448315,-0.21195537509885393,-0.3317916176748362,-0.26570550510499225,-0.23276731325960678,-0.14381116206690625,-0.2192342525166882,-0.13765223489329909,0.0724957282026558,-0.16897632055711123,-0.0357042515777148,-0.2489077286034107,,-0.27432593413483536,-0.277460920264052,-0.08049385133462743,-0.03792268175070169,0.017973126389141586,0.08625175558577086,0.9971292499047922,-0.20230676223661329,-0.16911813027828068,-0.21333099450676776,-0.18018162727599307,-0.2642893132461758,-0.0799886687115099,-0.0030408739205796107,-0.08090988524311907,0.18072909397137377,-0.03097085229009822,0.096825114705865,1.0,-0.2003334872602158,-0.1638414017836303,-0.2200564049181907,-0.1798413793882843,-0.26215960845076924,-0.07789167797881107,-0.012038170995165905,-0.07519915376591065,0.18551599849464998,-0.025859962873040043,0.09988348079408398,1.0,-0.2003334872602158,-0.1638414017836303,-0.2200564049181907,-0.1798413793882843,-0.26215960845076924,-0.07789167797881107,-0.012038170995165905,-0.07519915376591065,0.18551599849464998,-0.025859962873040043,0.09988348079408398,0.08404801887996739,0.7416515293882403,-0.19937848337077224,-0.18506990794586942,-0.3968830926599765,-0.19200570623106364,-0.2051965682863477,-0.25577841848352767,-0.12731339472514863,-0.3159971070977774,0.19256597016517982,-0.30513128628953373,0.4150149677988883,-0.2720221393425604,0.3272457498058284
lq_ru_C,0.03621337713316959,-0.11761626695963807,-0.17824735432499803,0.7282630097072491,0.03452830744855763,0.13320481598622716,-0.07131819879857569,0.13203584244986144,-0.09288536550319162,0.040789877173709084,-0.060847573885006716,-0.03179620375267419,0.047595356065753804,-0.07087283104248286,0.004898397819748483,-0.11339288253453042,-0.16889829941159376,-0.12249041331506602,-0.07527631072261358,0.08401687776542587,,-0.023755578513213856,0.07588693796452668,0.29029409026271746,-0.005074766960153787,0.03492310434889348,-0.019062411102917443,-0.20182288299089202,0.999228086436735,-0.08514129503221571,0.15817350041870615,-0.19565082602684356,-0.09285309646691349,-0.21018368745725005,-0.12489978744392072,-0.2132039127953554,-0.26949700874490684,-0.19541811645713186,-0.19935134465123824,-0.2003334872602158,1.0,-0.08422678521294732,0.15928615985698025,-0.19564090958338232,-0.09292501816136002,-0.2107620920953343,-0.12731091109650183,-0.21261375561150012,-0.2665067187939241,-0.19525367406768912,-0.199771281414498,-0.2003334872602158,1.0,-0.08422678521294732,0.15928615985698025,-0.19564090958338232,-0.09292501816136002,-0.2107620920953343,-0.12731091109650183,-0.21261375561150012,-0.2665067187939241,-0.19525367406768912,-0.199771281414498,0.18276249879519796,-0.16475384205132096,0.12825743504227446,0.13488177541253624,0.17377007637006023,0.010465068992351818,0.042911404032683044,0.22293121882959577,0.10896180789880011,0.18127783036614073,0.1524346960076683,0.3034649465870745,-0.20214654827769657,-0.20738684266870366,0.18180660661148038
lq_ru_D,-0.10112953592094998,-0.09701793760521908,0.0763028897602918,-0.06733396619621126,0.39864945060866797,0.005751215657032422,-0.035915266533256024,0.008708933151496312,0.05340171904962393,-0.021338429905710003,0.05330779534368731,0.09893606720438795,0.03209208274519383,-0.05865141401754209,0.003495603800380205,0.2302961919525171,0.14289537306478398,0.18383399384876664,0.09219165287647929,0.02040880137465861,,0.005230031177916425,-7.526947470385789e-05,-0.13521931148190416,-0.10171737780419438,-0.12339675747461705,-0.06194851036491127,-0.16933979405068245,-0.0850666355932258,0.9944075154333061,-0.02259783613482049,0.04691822384587622,0.06725511441290356,-0.08790550823792023,0.028280290131469574,0.197616783411356,0.040412194675865785,0.1365225124477271,0.0811012074999714,-0.1638414017836303,-0.08422678521294732,1.0,-0.02672073893577291,0.04725389053690902,0.07634529068856193,-0.084899262260094,0.02338811457921974,0.2043895512760631,0.04814832860690448,0.14338690455358527,0.08528832148000977,-0.1638414017836303,-0.08422678521294732,1.0,-0.02672073893577291,0.04725389053690902,0.07634529068856193,-0.084899262260094,0.02338811457921974,0.2043895512760631,0.04814832860690448,0.14338690455358527,0.08528832148000977,-0.14168690530160888,-0.19673657255017246,0.02983446969270706,-0.10923064940530969,-0.15386162114347335,-0.1517515637437139,-0.2103831098500818,-0.15280207707872911,-0.1899483619699274,-0.010391324882999252,0.0576074354639835,0.15091279024782933,-0.003998236543331959,-0.14218608599620736,0.07500486565862004
lq_ru_G,0.13752788242334785,-0.33105734188874225,-0.407649855712048,0.2923583977679143,-0.06733037167252302,0.03780515087985904,0.09322975535986333,0.7258328978349393,0.04578767499450882,0.09607434878658934,0.18684122740282705,0.18652619290015626,0.27222165029798506,0.20145688518668622,0.09621583491770148,-0.20623362482507024,-0.22570887370226658,-0.09908933382785812,-0.07237526170456325,0.19925940886374569,,0.18743448321918002,0.09175090637475927,0.13384022552083663,0.07644248465276343,0.08220245640747421,-0.042664335688616946,-0.2230867796864873,0.1573989803785067,-0.03092969714632329,0.9952013707203464,-0.019166825535513597,0.2195227855948616,0.11462819286187627,-0.05795539400824146,-0.1763444687014557,-0.26192076010233195,-0.07170578199999297,-0.14050904693055638,-0.2200564049181907,0.15928615985698025,-0.02672073893577291,1.0,-0.018825174183605936,0.22742123610289042,0.11675181875157373,-0.0636245094046877,-0.17113356429306922,-0.25343748625832335,-0.06577125943858514,-0.13636025126212256,-0.2200564049181907,0.15928615985698025,-0.02672073893577291,1.0,-0.018825174183605936,0.22742123610289042,0.11675181875157373,-0.0636245094046877,-0.17113356429306922,-0.25343748625832335,-0.06577125943858514,-0.13636025126212256,-0.22443505061498709,-0.19947195890065966,-0.0755616115896633,0.20424610559840198,0.3811501112828974,0.18203323924701606,0.2941385143651373,0.4949130299051473,0.24593851473385142,0.6324960699390104,0.16555851654088155,0.22765000122097762,-0.27946047073608254,0.010553140307052693,0.10034499825468375
lq_ru_H,0.15278468811860252,-0.12533774089101452,0.12966947494883904,-0.07988599899167326,0.0350449947989432,0.005904283634928685,0.06421862179094331,-0.06699511313997213,0.8211645071998229,0.008426138185558858,0.07773531591572304,-0.029601229452486742,-0.046653240144919526,-0.09500317263833573,0.09875316728112005,-0.08777146070286704,-0.16040103390837385,-0.13285714202396245,-0.16298720566233066,0.031281580357781384,,0.15671445044817867,0.17296040869765777,0.04856891876283903,0.08574508568745375,0.08555576240952126,0.02084734977118472,-0.17975476074451233,-0.19579559921407153,0.048590456039932436,-0.020624818199287954,0.999863491115036,0.01749302724486361,-0.06687799809907671,0.09171423114973998,-0.04941890938076426,-0.15875546804746066,-0.13428940343122203,-0.15355427031182148,-0.1798413793882843,-0.19564090958338232,0.04725389053690902,-0.018825174183605936,1.0,0.017375580352802487,-0.06709297908547426,0.09404989264917912,-0.05065589612803941,-0.15870926730770454,-0.1344723156659904,-0.1537890575307605,-0.1798413793882843,-0.19564090958338232,0.04725389053690902,-0.018825174183605936,1.0,0.017375580352802487,-0.06709297908547426,0.09404989264917912,-0.05065589612803941,-0.15870926730770454,-0.1344723156659904,-0.1537890575307605,-0.22770536611693723,-0.1441720267843284,0.16000746270499258,0.04854809711568789,0.0011746337646126623,-0.04119019865379195,-0.0612110561999428,-0.08583201199238974,-0.01599726147829798,0.05104892076011701,0.010178714973945034,0.027368065613155596,-0.001068674806016331,0.012925817220730409,-0.09165457835699263
lq_ru_K,0.037366966971073126,-0.16480331242581672,-0.04224587146527428,0.004079569669705142,0.11500770185645863,0.03664861095165045,0.08408056499666626,0.21880633589385218,0.06286057928695886,0.12967468072970603,0.31432563825457216,0.7641805857362886,0.09985321614810026,0.2457664210102519,0.09524123873571985,0.09415543673623238,0.009599305918533921,0.092832149750788,0.024990525027629697,0.18818799059308147,,0.03543408679317428,0.0743991831244352,-0.0111170199303369,0.0337961649150682,-0.010116254490831368,-0.02918356174594066,-0.25844507464565014,-0.0932369531074413,0.08436292006940706,0.21410621200311358,0.017006957311450088,0.9945699223864098,0.22471772323843708,0.00934932990499319,0.152238236602093,-0.019776468039389726,0.09447895221231321,0.06564938885347102,-0.26215960845076924,-0.09292501816136002,0.07634529068856193,0.22742123610289042,0.017375580352802487,1.0,0.227215252842883,0.01935003277285899,0.1461273656709736,-0.021532681201709255,0.09247036410539297,0.064041709576975,-0.26215960845076924,-0.09292501816136002,0.07634529068856193,0.22742123610289042,0.017375580352802487,1.0,0.227215252842883,0.01935003277285899,0.1461273656709736,-0.021532681201709255,0.09247036410539297,0.064041709576975,-0.2132389507355148,-0.19767618237660897,0.039474683723272216,0.06690034855048835,0.109637168398492,0.03177603167270829,0.027571179540553728,0.2119494390398192,0.018408001410732646,0.14841106011165042,-0.06441800535291604,0.11229468728028111,-0.017099613119203383,0.12535127390756837,-0.02899293488075588
lq_ru_M,0.10524936781651882,-0.11574081931234068,-0.06590893809389387,-0.14510423237358722,-0.1271462976677903,-0.03219962173969611,0.10440459171762903,0.05484524210631797,-0.1520072965604916,-0.006973938441658397,0.18851978965998284,0.08901908558151526,0.058895862047751234,0.7335869936159064,0.01361761172688643,-0.05097119069240114,0.011532233469762369,-0.052791643070603564,0.04852880994928362,0.08964601693799623,,0.160039957067102,0.08570884094956689,-0.008674444274021878,0.08412297970396547,0.03916038905708973,-0.03020321798104181,-0.07837800940534333,-0.2120545897895307,-0.08635178933004706,0.11577692501550996,-0.0674655944272385,0.22426389619353912,0.997616939316521,0.11010015245653795,0.010046698852159985,0.04698933672637413,-0.013227333066234016,0.12791263356547952,-0.07789167797881107,-0.2107620920953343,-0.084899262260094,0.11675181875157373,-0.06709297908547426,0.227215252842883,1.0,0.10842234355155686,0.010547199946552038,0.049513122573009646,-0.010088476252991417,0.13014503884879752,-0.07789167797881107,-0.2107620920953343,-0.084899262260094,0.11675181875157373,-0.06709297908547426,0.227215252842883,1.0,0.10842234355155686,0.010547199946552038,0.049513122573009646,-0.010088476252991417,0.13014503884879752,-0.05769383935096644,0.01810128440562089,-0.07321182193972016,-0.03972036807369897,-0.070720809175508,0.07112178778797666,0.09649351702916023,0.05562986903347956,-0.03691541009836111,0.014231236132720523,-0.04125462991684164,-0.11548675893551517,0.06587146947034193,0.17114893192024974,-0.1148939238495577
lq_ru_N,0.09767357478350247,-0.04278771403611517,0.10407682411340903,-0.09606041732379919,-0.05406885401794339,-0.0398987356058486,0.05717783505954556,-0.09979365145966372,-0.053238426932740265,-0.06995608097795962,0.09213723710601185,-0.025109443274961757,-0.06563527815520387,0.042406655691192084,0.6638093584996473,-0.07562831179154836,-0.07940779460106948,-0.09538241272054247,-0.05322107556286064,0.009261805608712745,,0.046933654749293355,0.058888793725868506,0.03971808732544098,0.07950806178606744,0.0817222290105665,0.0035772692890166605,-0.011176234260058707,-0.12794270791777887,0.023956621045672803,-0.06711565504847505,0.09384153954597828,0.01873333878745204,0.10607792972327607,0.9906821376070531,-0.015671759959731454,-0.04722391921555893,-0.046390356826510465,0.01868081592353416,-0.012038170995165905,-0.12731091109650183,0.02338811457921974,-0.0636245094046877,0.09404989264917912,0.01935003277285899,0.10842234355155686,1.0,-0.017558826022733457,-0.046757978486004576,-0.045904849940840604,0.017042585483687905,-0.012038170995165905,-0.12731091109650183,0.02338811457921974,-0.0636245094046877,0.09404989264917912,0.01935003277285899,0.10842234355155686,1.0,-0.017558826022733457,-0.046757978486004576,-0.045904849940840604,0.017042585483687905,-0.10151824035950026,0.020876593276574328,0.0699993977968066,-0.048762915503593414,-0.14590064397606112,-0.07812612619379186,-0.0746264530880053,-0.05555200648527563,-0.0883564158033531,-0.04043949671653945,0.025541077905195733,-0.05629724808231953,0.0677453149963493,-0.029332826327706167,0.046665177812657284
lq_ru_O,-0.4436713803413598,0.27258271401118844,0.12815165062835154,-0.24169234642799137,0.06693296363519419,0.10247576897503038,-0.1787625678083,-0.039476994264685795,-0.07493842604012954,-0.05958208223172547,-0.02536316939514776,0.09128106347647579,-0.10048688938643283,-0.06523652035708005,-0.1016361735618419,0.7769290924450712,0.4377724183984471,0.3588503996512078,0.2941669167357156,-0.016185085804221747,,-0.3637380118071022,-0.3648953796986999,-0.5402755866996685,-0.41446970553350027,-0.4680884808566006,-0.21407651496774585,-0.08271303829882566,-0.21445153075110268,0.19823829896690712,-0.16472807720337876,-0.051133373216263336,0.1388504813403994,0.006932768137354375,-0.009651489865248374,0.9932688466467826,0.4113596855885187,0.4200480018845253,0.3696848724606817,-0.07519915376591065,-0.21261375561150012,0.2043895512760631,-0.17113356429306922,-0.05065589612803941,0.1461273656709736,0.010547199946552038,-0.017558826022733457,1.0,0.4183514078470258,0.42720819592666637,0.37491905112080265,-0.07519915376591065,-0.21261375561150012,0.2043895512760631,-0.17113356429306922,-0.05065589612803941,0.1461273656709736,0.010547199946552038,-0.017558826022733457,1.0,0.4183514078470258,0.42720819592666637,0.37491905112080265,-0.008044629299035178,0.06688696847564589,-0.2819548904049514,-0.28924037184286855,-0.4116955328471674,-0.2245985250348167,-0.3373279139600164,-0.3878536603292433,-0.1940079129695017,-0.23938974617168246,0.05443089027817544,-0.2091465793563855,0.31187239471459477,-0.16864483511969053,0.12966533721997492
lq_ru_P,-0.6760811250125898,0.4771163650280478,0.1655695033342905,-0.35110405189145316,-0.08823328523280695,0.07888039454645339,-0.19682787554795517,-0.182355500530957,-0.2856517122194505,-0.15509472396547605,-0.1302600224335638,-0.09838567610201655,-0.2025368009305711,-0.12000905524321115,-0.23091048764505934,0.37735147741724845,0.7746776492134854,0.2796429554385251,0.3296732692125908,-0.12269161022027068,,-0.5056346168549332,-0.7029782276444401,-0.7277040468939283,-0.570049205652837,-0.599461386183456,-0.26193167968502645,0.17868825463414617,-0.26987593592850023,0.03934181693508853,-0.2475773110616922,-0.159294134060498,-0.032340374143559364,0.043732261205070753,-0.036450261988119355,0.41056901073217705,0.9923209617941456,0.5157961297573352,0.5444206325693132,0.18551599849464998,-0.2665067187939241,0.04814832860690448,-0.25343748625832335,-0.15870926730770454,-0.021532681201709255,0.049513122573009646,-0.046757978486004576,0.4183514078470258,1.0,0.5250044611382363,0.5491804698434152,0.18551599849464998,-0.2665067187939241,0.04814832860690448,-0.25343748625832335,-0.15870926730770454,-0.021532681201709255,0.049513122573009646,-0.046757978486004576,0.4183514078470258,1.0,0.5250044611382363,0.5491804698434152,0.3027276239491829,0.38029485693921034,-0.6499308768040227,-0.43832475474285465,-0.3397614930538465,-0.11475424881635245,-0.13845514532135864,-0.3292259837598196,-0.17361013428045413,-0.4908740531988744,-0.09216009290890832,-0.4324489590289456,0.41044547646431195,0.004073965394463275,0.007532655752301451
lq_ru_Q,-0.5568585780190327,0.26145141982029324,-0.002322268762940703,-0.1977223600304725,-0.01216867471105797,0.09128734284776194,-0.18913953147557822,0.02425419369487488,-0.18419194007694456,-0.10407424253933556,-0.06450759387194716,0.039302797241419836,-0.03990888508535324,-0.03960628724759896,-0.0868456992894343,0.40971173511432873,0.4998756210852959,0.729487802159924,0.2717934252619378,-0.0014711458249894022,,-0.4302549879228736,-0.5487090983724046,-0.6051531935865886,-0.498652845094907,-0.5278883625468952,-0.24924796407378697,-0.03101636736265782,-0.19701978868788256,0.13709496899938345,-0.06269680760394286,-0.13504966329555568,0.08495276363867293,-0.013423631321373532,-0.038383532831337365,0.4211202379887135,0.5199628300637257,0.9942210081105672,0.3622431255475614,-0.025859962873040043,-0.19525367406768912,0.14338690455358527,-0.06577125943858514,-0.1344723156659904,0.09247036410539297,-0.010088476252991417,-0.045904849940840604,0.42720819592666637,0.5250044611382363,1.0,0.36628438859030227,-0.025859962873040043,-0.19525367406768912,0.14338690455358527,-0.06577125943858514,-0.1344723156659904,0.09247036410539297,-0.010088476252991417,-0.045904849940840604,0.42720819592666637,0.5250044611382363,1.0,0.36628438859030227,0.09572839356574211,0.14624353462597886,-0.5177601694845698,-0.26669422088557027,-0.19128717630834674,-0.10536285384325546,-0.1063209821379322,-0.10375564761707444,-0.1623946788686059,-0.250810477021919,-0.003450145444849508,-0.292123141551585,0.18775016331505015,-0.13876561285129616,0.18294655294582682
lq_ru_R,-0.4201803463135524,0.2884723549027685,0.13942709173158196,-0.2065755717957449,-0.0352061722054567,0.09907647230108066,-0.14099841441368202,-0.08069949463515251,-0.19381946337660974,-0.07866776452791004,-0.024332078636977932,0.029186199016958715,-0.1229693800384043,-0.002544562381469262,-0.09953413934163144,0.37595103722407464,0.49442190100416283,0.2727499617143478,0.7713792525099064,-0.016769953959813108,,-0.30474038809013443,-0.38864259940720736,-0.4878564551210326,-0.34700456378773,-0.39996667367781785,-0.17002526960440278,0.09760891916302096,-0.20063404787664527,0.08069625401905768,-0.13236021355742672,-0.15427694420071475,0.059673387875025,0.1293568941849371,0.022011666409326558,0.37209273123853365,0.5492774850910197,0.3633671735052097,0.9961526249677762,0.09988348079408398,-0.199771281414498,0.08528832148000977,-0.13636025126212256,-0.1537890575307605,0.064041709576975,0.13014503884879752,0.017042585483687905,0.37491905112080265,0.5491804698434152,0.36628438859030227,1.0,0.09988348079408398,-0.199771281414498,0.08528832148000977,-0.13636025126212256,-0.1537890575307605,0.064041709576975,0.13014503884879752,0.017042585483687905,0.37491905112080265,0.5491804698434152,0.36628438859030227,1.0,0.04496183131552838,0.1973137146388921,-0.3421158158137987,-0.4118612996879266,-0.37545968157492055,-0.10568289172019663,-0.12944084521974958,-0.31432180580757124,-0.049889993769500235,-0.2638349800467723,0.06742383726024129,-0.23001040644018278,0.38378024397168176,-0.06387724758592836,0.1039766453804033
hhi_emp,-0.24720737086367206,0.06292494448206637,-0.08039004159922525,-0.2338754140075661,-0.2778341610943909,-0.234097587816803,-0.23411841894815053,-0.24668245516493656,-0.3515364243253671,-0.21958665140442069,-0.2946540446043459,-0.34162974749472924,-0.2704284796835799,-0.23390207208940408,-0.3015541025146755,-0.00016571980983163333,0.23770571226769863,0.03817059376560878,-0.01592372013225357,-0.27540350138396286,,-0.12948067326878523,-0.17951474582093366,-0.2286016306846544,-0.16708817136537776,-0.17970750715994233,-0.06368020258065599,0.08695790288217513,0.18329749742676124,-0.1415371860755297,-0.2229338118329985,-0.22756442543627584,-0.21117568042099868,-0.05701554153843039,-0.0980380576774815,-0.005531229906914753,0.3079337462554395,0.09883075725364203,0.04656632435565734,0.08404801887996739,0.18276249879519796,-0.14168690530160888,-0.22443505061498709,-0.22770536611693723,-0.2132389507355148,-0.05769383935096644,-0.10151824035950026,-0.008044629299035178,0.3027276239491829,0.09572839356574211,0.04496183131552838,0.08404801887996739,0.18276249879519796,-0.14168690530160888,-0.22443505061498709,-0.22770536611693723,-0.2132389507355148,-0.05769383935096644,-0.10151824035950026,-0.008044629299035178,0.3027276239491829,0.09572839356574211,0.04496183131552838,1.0,0.060316587264500406,-0.14511163967569832,-0.08306817049185107,-0.07635392184297424,0.05998410207506715,0.04792630454721119,-0.04833977877244552,-0.10035641974401825,-0.2339305047462491,-0.19710101151720796,-0.15189189368338035,0.04546467583821689,0.1654568565736498,-0.15860959958268905
agri_output_pc,-0.14912369661794636,0.8920312517509835,-0.06320558667912493,-0.25584956827347305,-0.36773725670469454,-0.0883617648531873,-0.2962536875443181,-0.28497049219842563,-0.24866960614043454,-0.26571177296281207,-0.310602016170342,-0.30966730746325977,-0.24379952836726046,-0.17687860464495492,-0.2334771441362128,-0.17235072758601477,0.0531843640157234,-0.1859045956410541,-0.05777627497164732,-0.26064631156325485,,-0.4350806469692063,-0.45638147754955294,-0.2314409549186384,-0.14737737291611208,-0.09329875472080311,-0.06588234333211118,0.736317823132766,-0.16754706120952206,-0.20147068805041207,-0.19303718152501573,-0.14419083846447797,-0.19993029689728883,0.015430776623210265,0.031207603109328946,0.061835870308716415,0.3754154843554189,0.1411909590735545,0.19533842778397953,0.7416515293882403,-0.16475384205132096,-0.19673657255017246,-0.19947195890065966,-0.1441720267843284,-0.19767618237660897,0.01810128440562089,0.020876593276574328,0.06688696847564589,0.38029485693921034,0.14624353462597886,0.1973137146388921,0.7416515293882403,-0.16475384205132096,-0.19673657255017246,-0.19947195890065966,-0.1441720267843284,-0.19767618237660897,0.01810128440562089,0.020876593276574328,0.06688696847564589,0.38029485693921034,0.14624353462597886,0.1973137146388921,0.060316587264500406,1.0,-0.3805131917095605,-0.1677478111853351,-0.28896081727950146,-0.15442129366715765,-0.130658588692724,-0.23402952862770576,-0.061622791557384496,-0.3677935757146324,0.18809741086392798,-0.502438224317333,0.5080515124897704,-0.241471780735516,0.2896471803502701
employment_ratio,0.6676505722525015,-0.46486676726897025,0.14280393311556577,0.13935489475792895,0.19392222981651724,-0.06548370788164602,0.1468539956288114,-0.06490342209280606,0.2746065319267642,0.1278781499605045,0.12017573036859223,0.15616699205668708,0.03536947517590051,0.06464958371757341,0.16819369937918419,-0.1834086356118947,-0.41621881774739516,-0.14706166918962493,-0.17635523127928907,0.059950554631732426,,0.5406634656339409,0.8695310411613335,0.6388535989709619,0.5248891822323065,0.49014997635227164,0.2330320378667296,-0.19708880822549116,0.12823492827985736,0.03325468650003849,-0.08088025607548568,0.15997391794997684,0.043233885974286346,-0.07364293324434862,0.06283872423287655,-0.2794102089151154,-0.6510233004316784,-0.515962749804168,-0.34067308594688,-0.19937848337077224,0.12825743504227446,0.02983446969270706,-0.0755616115896633,0.16000746270499258,0.039474683723272216,-0.07321182193972016,0.0699993977968066,-0.2819548904049514,-0.6499308768040227,-0.5177601694845698,-0.3421158158137987,-0.19937848337077224,0.12825743504227446,0.02983446969270706,-0.0755616115896633,0.16000746270499258,0.039474683723272216,-0.07321182193972016,0.0699993977968066,-0.2819548904049514,-0.6499308768040227,-0.5177601694845698,-0.3421158158137987,-0.14511163967569832,-0.3805131917095605,1.0,0.2212523524880641,0.041457703583985726,-0.06306159824817235,-0.08235731035479672,-0.044962411351921854,0.04267394931290102,0.352578430552412,0.05707624347285355,0.4755502195356992,-0.16913857967155,0.010533330432811136,-0.05762471306809313
budget_own_share,0.34660553221480095,-0.25214469602057504,-0.20020686306389268,0.22171400585527506,0.06001783390270985,0.01473385052732281,0.15438131121565246,0.09433277160483933,0.10384173234460198,0.1836971756828652,-0.007963031682558524,-0.011952716899412484,0.09327777120459528,0.00720110387687846,0.0649037398276863,-0.32584330528830124,-0.4605258665100944,-0.25628667199782484,-0.29049521760772173,0.10433683161053521,,0.2288461809345521,0.2659073449505629,0.417044259267197,0.2909750839067711,0.3543405080936011,0.14872194880483375,-0.18231167832463868,0.13900557459342575,-0.10190697474178673,0.19743731306565873,0.04851434788915143,0.07582143133811547,-0.03499853329077093,-0.06088483388430122,-0.28420370634455405,-0.431624341652413,-0.2597953554363867,-0.4084656199536432,-0.18506990794586942,0.13488177541253624,-0.10923064940530969,0.20424610559840198,0.04854809711568789,0.06690034855048835,-0.03972036807369897,-0.048762915503593414,-0.28924037184286855,-0.43832475474285465,-0.26669422088557027,-0.4118612996879266,-0.18506990794586942,0.13488177541253624,-0.10923064940530969,0.20424610559840198,0.04854809711568789,0.06690034855048835,-0.03972036807369897,-0.048762915503593414,-0.28924037184286855,-0.43832475474285465,-0.26669422088557027,-0.4118612996879266,-0.08306817049185107,-0.1677478111853351,0.2212523524880641,1.0,0.4068147474424061,0.19474179202997152,0.2204877934452302,0.38159690914309896,0.14420282108303129,0.30815218290461865,-0.04974315417551492,0.16498635494876568,-0.38454111277754865,0.12102712414852262,-0.07721661925708374
pop,0.24690533974782355,-0.37893743966283056,-0.3714545513875331,0.28996020588371657,0.0028459863505929162,-0.07226014521861766,0.18892040468204932,0.257562855464399,0.13698290734416468,0.14266992073996843,0.11423752025223836,0.06463573345216773,0.2971247323542748,0.14035943625783937,0.1743169102231372,-0.3499594805068693,-0.32168732751150575,-0.08973194360295135,-0.20692037940713912,0.13818840756283088,,0.29372996869103746,0.20913209647370412,0.3313082538119224,0.22709930749019927,0.27420269318202906,0.12788364234384883,-0.394612121860402,0.17496904395409177,-0.15037320368286083,0.37444442377917536,0.001242896447645371,0.11028095809366788,-0.07019212924335447,-0.15260573917164597,-0.41125470041073275,-0.3399999877618316,-0.1905613510790012,-0.3748081779733741,-0.3968830926599765,0.17377007637006023,-0.15386162114347335,0.3811501112828974,0.0011746337646126623,0.109637168398492,-0.070720809175508,-0.14590064397606112,-0.4116955328471674,-0.3397614930538465,-0.19128717630834674,-0.37545968157492055,-0.3968830926599765,0.17377007637006023,-0.15386162114347335,0.3811501112828974,0.0011746337646126623,0.109637168398492,-0.070720809175508,-0.14590064397606112,-0.4116955328471674,-0.3397614930538465,-0.19128717630834674,-0.37545968157492055,-0.07635392184297424,-0.28896081727950146,0.041457703583985726,0.4068147474424061,1.0,0.4070044297647591,0.5135986197450647,0.6778517256571212,0.2955215008459452,0.39581695485738533,-0.27977212166914006,0.2648631602173922,-0.6050642788429079,0.32341103105048274,-0.30964790779892193
pop_growth,0.1435202524198992,-0.2614155578268778,-0.1578432901868086,0.08384679155196062,-0.041005516342505606,-0.01687870996862226,0.20081645863384678,0.1319100758233183,-0.046548545818790144,0.08641999598982378,0.10393858267635953,-0.006037878671180496,0.1685749786080452,0.09737326754687338,0.03048919712504998,-0.18887429822413715,-0.13928272349273232,-0.0806242304021444,-0.06541927597384031,0.09319029156519647,,0.2509180111580482,0.11697522390046128,0.1444347078932559,0.13509558814247444,0.14348205205580727,0.07511100557456644,-0.18649435168746364,0.015199685943174194,-0.14273527367834973,0.1777196829925905,-0.04101193419808646,0.04273023269183719,0.07660249594546094,-0.0865390981422454,-0.21783611015912577,-0.10504226386299288,-0.09720292996484178,-0.10399876778363445,-0.19200570623106364,0.010465068992351818,-0.1517515637437139,0.18203323924701606,-0.04119019865379195,0.03177603167270829,0.07112178778797666,-0.07812612619379186,-0.2245985250348167,-0.11475424881635245,-0.10536285384325546,-0.10568289172019663,-0.19200570623106364,0.010465068992351818,-0.1517515637437139,0.18203323924701606,-0.04119019865379195,0.03177603167270829,0.07112178778797666,-0.07812612619379186,-0.2245985250348167,-0.11475424881635245,-0.10536285384325546,-0.10568289172019663,0.05998410207506715,-0.15442129366715765,-0.06306159824817235,0.19474179202997152,0.4070044297647591,1.0,0.6785748608349105,0.4195331218413699,0.257417054001895,0.1483619137819948,-0.35263001058477994,0.039617950005360995,-0.40531101906673384,0.523237384933567,-0.4476796499138745
pop_growth_window,0.21150314556599192,-0.33055354476953797,-0.24786916906995748,0.13273750606208712,-0.100642170929418,-0.030294749066428792,0.24286287437442064,0.1992325878052145,-0.05578600945668546,0.11023081248507002,0.13117286303321476,-0.024447747801922045,0.22983154230544578,0.14682490329669545,0.06516483977018923,-0.3034106817952099,-0.1951465465279584,-0.13257429745911836,-0.08466532283220708,0.11814130548670303,,0.3379029462918406,0.15810341370943953,0.20925849725376666,0.20405375968804745,0.19931742574827696,0.10132529459002453,-0.2051773869419898,0.04312284558592494,-0.210687115777529,0.29176842263800795,-0.06121189135017847,0.027160370606082368,0.0965141295382148,-0.07404114918723086,-0.3391136274108061,-0.14052058367561643,-0.10795279910257612,-0.13085499562596112,-0.2051965682863477,0.042911404032683044,-0.2103831098500818,0.2941385143651373,-0.0612110561999428,0.027571179540553728,0.09649351702916023,-0.0746264530880053,-0.3373279139600164,-0.13845514532135864,-0.1063209821379322,-0.12944084521974958,-0.2051965682863477,0.042911404032683044,-0.2103831098500818,0.2941385143651373,-0.0612110561999428,0.027571179540553728,0.09649351702916023,-0.0746264530880053,-0.3373279139600164,-0.13845514532135864,-0.1063209821379322,-0.12944084521974958,0.04792630454721119,-0.130658588692724,-0.08235731035479672,0.2204877934452302,0.5135986197450647,0.6785748608349105,1.0,0.5673740866936874,0.41008147581292353,0.24906542709019389,-0.33978350388786993,0.08171555880695955,-0.48902211831977566,0.5544327504997699,-0.48504261830112344
density,0.22024256866317607,-0.455868991221281,-0.4784628022160246,0.3619940483782023,-0.06532888398834132,-0.018751381117522108,0.18068902868830175,0.42335071191137114,-0.010862737812971904,0.13926436955673524,0.25610464625619106,0.1923584353464845,0.36771611976702223,0.2406721808307082,0.1659110594763914,-0.36884760230212865,-0.32383678490982665,-0.13177205928964014,-0.2021233654701886,0.2558376309448636,,0.24286111416645487,0.15035140571614708,0.2781199855057019,0.15097359104179006,0.19437705939165584,0.015357423604671247,-0.25483522483287596,0.22355349317791942,-0.15075927941699593,0.4893221065845532,-0.08586467633743788,0.21084642259139233,0.05537961776373392,-0.05787660323273944,-0.38861076176934756,-0.3316245037462955,-0.10453876640579575,-0.31452221876409,-0.25577841848352767,0.22293121882959577,-0.15280207707872911,0.4949130299051473,-0.08583201199238974,0.2119494390398192,0.05562986903347956,-0.05555200648527563,-0.3878536603292433,-0.3292259837598196,-0.10375564761707444,-0.31432180580757124,-0.25577841848352767,0.22293121882959577,-0.15280207707872911,0.4949130299051473,-0.08583201199238974,0.2119494390398192,0.05562986903347956,-0.05555200648527563,-0.3878536603292433,-0.3292259837598196,-0.10375564761707444,-0.31432180580757124,-0.04833977877244552,-0.23402952862770576,-0.044962411351921854,0.38159690914309896,0.6778517256571212,0.4195331218413699,0.5673740866936874,1.0,0.2518151390946671,0.43305173498385136,-0.15510393368350542,0.2169142431527715,-0.6382834160755261,0.2590964965759981,-0.1044668943847127
housing_pc,0.18814157103119356,-0.11877981283243016,-0.04638389789618017,0.19590955733781204,-0.017113157016800617,0.03083454276690759,0.14403111008973404,0.17784896239445855,0.03902358947609488,0.1641696421200085,0.018998538573491805,-0.05121305123443382,0.06743684726941586,0.0362191986878827,0.041271879902233084,-0.17783707068466287,-0.19891913382199358,-0.12890703483105964,-0.020961851168534714,0.03111028614152043,,0.19136657164541265,0.1563328277097393,0.23105026533511813,0.24335210905133095,0.22951799563878356,0.19808755661646113,-0.13193554113504727,0.10941465497738606,-0.19831198657315954,0.2512302754467525,-0.015870225779795598,0.015166347037574048,-0.03686680548628518,-0.07774320825760736,-0.20344603663212668,-0.1813146295363777,-0.1701119537987776,-0.055854629633983646,-0.12731339472514863,0.10896180789880011,-0.1899483619699274,0.24593851473385142,-0.01599726147829798,0.018408001410732646,-0.03691541009836111,-0.0883564158033531,-0.1940079129695017,-0.17361013428045413,-0.1623946788686059,-0.049889993769500235,-0.12731339472514863,0.10896180789880011,-0.1899483619699274,0.24593851473385142,-0.01599726147829798,0.018408001410732646,-0.03691541009836111,-0.0883564158033531,-0.1940079129695017,-0.17361013428045413,-0.1623946788686059,-0.049889993769500235,-0.10035641974401825,-0.061622791557384496,0.04267394931290102,0.14420282108303129,0.2955215008459452,0.257417054001895,0.41008147581292353,0.2518151390946671,1.0,0.3112497883692403,0.18546186830303163,0.22881728130019682,-0.11181508698808708,0.11333695050650028,-0.10907581877310212
retail_pc,0.40913474949654677,-0.45416100092763984,-0.2610604735586113,0.3296973652102332,0.05942708837737289,-0.010557999626876556,0.16611821482755162,0.4315000202049809,0.18509906610176058,0.21172778649890892,0.2000362203433041,0.16232099160962926,0.2291229487835501,0.17048404634986852,0.2098466448964507,-0.20409392341970725,-0.37207846652032445,-0.15441466946788107,-0.10890188946010249,0.2015217282612476,,0.4183266478241483,0.47244629354881085,0.4207072005998976,0.3351021893903047,0.3331392606217454,0.12242690777204462,-0.33613160304283557,0.1777509937596172,-0.03504383379909559,0.6491984740573543,0.050683767134258,0.12735960762443777,0.0077354851603246184,-0.010657973397966782,-0.2671452291185675,-0.5205211192961042,-0.2748901590841606,-0.2803232207472614,-0.3159971070977774,0.18127783036614073,-0.010391324882999252,0.6324960699390104,0.05104892076011701,0.14841106011165042,0.014231236132720523,-0.04043949671653945,-0.23938974617168246,-0.4908740531988744,-0.250810477021919,-0.2638349800467723,-0.3159971070977774,0.18127783036614073,-0.010391324882999252,0.6324960699390104,0.05104892076011701,0.14841106011165042,0.014231236132720523,-0.04043949671653945,-0.23938974617168246,-0.4908740531988744,-0.250810477021919,-0.2638349800467723,-0.2339305047462491,-0.3677935757146324,0.352578430552412,0.30815218290461865,0.39581695485738533,0.1483619137819948,0.24906542709019389,0.43305173498385136,0.3112497883692403,1.0,0.18561641572887955,0.45494527156090003,-0.38609030842198644,-0.021968303166968097,-0.03709956411832207
living_space_pc,0.020229865618821223,0.15177649189168363,-0.08325072544022241,0.15172853341370388,-0.04048533943327979,0.033759002496323756,-0.11122669556251608,0.17193404131681864,0.03739079912375181,-0.014634496576772325,-0.019416785836562884,0.0066103026725988995,-0.030636665418541015,-0.013045676720091477,0.013669189987545592,-0.01999645073315243,-0.07438165080649002,-0.061808255614473416,0.02963259462257713,-0.023831803137192204,,-0.0479047255621923,-0.0009513523383087901,0.036344497192666754,0.05524720383391523,0.045295921680536116,0.0391215322862848,0.17734821859269653,0.14895450110614236,0.03578335625020931,0.18571401540323515,0.009745853708642718,-0.08193176379576397,-0.04644602552185438,0.056016638120909734,0.03301085792844013,-0.11520588208153586,-0.02330900626843637,0.05513573352386783,0.19256597016517982,0.1524346960076683,0.0576074354639835,0.16555851654088155,0.010178714973945034,-0.06441800535291604,-0.04125462991684164,0.025541077905195733,0.05443089027817544,-0.09216009290890832,-0.003450145444849508,0.06742383726024129,0.19256597016517982,0.1524346960076683,0.0576074354639835,0.16555851654088155,0.010178714973945034,-0.06441800535291604,-0.04125462991684164,0.025541077905195733,0.05443089027817544,-0.09216009290890832,-0.003450145444849508,0.06742383726024129,-0.19710101151720796,0.18809741086392798,0.05707624347285355,-0.04974315417551492,-0.27977212166914006,-0.35263001058477994,-0.33978350388786993,-0.15510393368350542,0.18546186830303163,0.18561641572887955,1.0,0.07191120793516835,0.3389335080926468,-0.6188497823157996,0.5744781838499198
preschool_coverage,0.3806666381325218,-0.5163338098986211,0.000603194982773919,0.29958493681907283,0.2394086822492545,0.028689022753964778,0.11169085808452246,0.22209697811837423,0.1794436016051847,0.15881386292437302,0.15977954930087634,0.20974977098598954,0.16440032355629866,0.1469470604955481,0.17717560386426606,-0.09420816355732177,-0.24863025495154104,-0.03480259332443602,-0.06811982305759023,0.12104691526021423,,0.4462011751567241,0.531882962643604,0.42382819654186665,0.27808484509702674,0.24829037200028645,0.10678761455204837,-0.31362808277556936,0.3027152287833535,0.14037203513907603,0.2338796299344724,0.027211537421924604,0.1021754031569208,-0.11818161274567116,-0.04624311984532123,-0.2220817120639138,-0.4459677943018252,-0.30369393949805423,-0.23680873577065398,-0.30513128628953373,0.3034649465870745,0.15091279024782933,0.22765000122097762,0.027368065613155596,0.11229468728028111,-0.11548675893551517,-0.05629724808231953,-0.2091465793563855,-0.4324489590289456,-0.292123141551585,-0.23001040644018278,-0.30513128628953373,0.3034649465870745,0.15091279024782933,0.22765000122097762,0.027368065613155596,0.11229468728028111,-0.11548675893551517,-0.05629724808231953,-0.2091465793563855,-0.4324489590289456,-0.292123141551585,-0.23001040644018278,-0.15189189368338035,-0.502438224317333,0.4755502195356992,0.16498635494876568,0.2648631602173922,0.039617950005360995,0.08171555880695955,0.2169142431527715,0.22881728130019682,0.45494527156090003,0.07191120793516835,1.0,-0.36438808294860825,0.04709517220147872,-0.07943507901949523
clinics_per_10k,-0.2855076692977223,0.5801203090875341,0.23230454396268757,-0.27523078867439993,-0.136435290225169,-0.003072880060566424,-0.23194293767906982,-0.24728000325253238,-0.10835495218827343,-0.1800841133649208,-0.14808771028935064,-0.10999060998819302,-0.27145300980309134,-0.1391177556633115,-0.1735634068039084,0.2087148946774884,0.31504557625039975,0.07026299599144402,0.1777935695091415,-0.19667177646008804,,-0.4065210477463794,-0.33622823221281656,-0.3385514363594294,-0.19623026487246212,-0.21723171853769724,-0.0698974653388019,0.4131425449122615,-0.2044667058573494,-0.008199830398419563,-0.27348704524631323,-0.0009724006112024548,-0.02132304691119333,0.06417225389894787,0.07525083613283251,0.30954931646764566,0.4100171351027288,0.18518976238154386,0.3828387058734718,0.4150149677988883,-0.20214654827769657,-0.003998236543331959,-0.27946047073608254,-0.001068674806016331,-0.017099613119203383,0.06587146947034193,0.0677453149963493,0.31187239471459477,0.41044547646431195,0.18775016331505015,0.38378024397168176,0.4150149677988883,-0.20214654827769657,-0.003998236543331959,-0.27946047073608254,-0.001068674806016331,-0.017099613119203383,0.06587146947034193,0.0677453149963493,0.31187239471459477,0.41044547646431195,0.18775016331505015,0.38378024397168176,0.04546467583821689,0.5080515124897704,-0.16913857967155,-0.38454111277754865,-0.6050642788429079,-0.40531101906673384,-0.48902211831977566,-0.6382834160755261,-0.11181508698808708,-0.38609030842198644,0.3389335080926468,-0.36438808294860825,1.0,-0.37494374902024996,0.33220504056211514
natural_growth,0.1475757386217534,-0.32076289105633327,0.026371945436239694,-0.1014171255592372,-0.006242545795249545,-0.060804363110893676,0.2640387737607056,-0.010551607563312094,-0.025020994956903953,0.09022499757046705,0.14928735784102076,0.027031825722839388,0.0993870376839169,0.11743522137949787,0.001635577432741606,-0.09866646325095452,-0.020369320707184845,-0.04934839356352208,-0.05442017065436979,0.07397407380565138,,0.2718482108634146,0.17174951650801734,0.09616840892796472,0.12215631190106198,0.11978535588033452,0.03670921839931909,-0.255669527399318,-0.19731589138127437,-0.12425243417976459,-0.003990500968387087,0.010544801357852254,0.14950003258629327,0.18349365168997134,-0.04953855049100117,-0.15158068725069274,0.029844765318857512,-0.1222454578354901,-0.062244758554474956,-0.2720221393425604,-0.20738684266870366,-0.14218608599620736,0.010553140307052693,0.012925817220730409,0.12535127390756837,0.17114893192024974,-0.029332826327706167,-0.16864483511969053,0.004073965394463275,-0.13876561285129616,-0.06387724758592836,-0.2720221393425604,-0.20738684266870366,-0.14218608599620736,0.010553140307052693,0.012925817220730409,0.12535127390756837,0.17114893192024974,-0.029332826327706167,-0.16864483511969053,0.004073965394463275,-0.13876561285129616,-0.06387724758592836,0.1654568565736498,-0.241471780735516,0.010533330432811136,0.12102712414852262,0.32341103105048274,0.523237384933567,0.5544327504997699,0.2590964965759981,0.11333695050650028,-0.021968303166968097,-0.6188497823157996,0.04709517220147872,-0.37494374902024996,1.0,-0.7814727531582184
old_age_share,-0.21157091988487584,0.29534031971614444,-0.16918007902257573,0.16545901044141975,-0.041114065091430826,0.08449427047010101,-0.2760971964219258,0.16096685063812383,-0.03797934385264265,-0.10096307318733103,-0.08231490645873732,0.10039019864951784,-0.02153404694286051,-0.06249723990146225,-0.03067614736114471,0.04405318528340293,0.0028633198960561447,0.09042135844228696,0.04958672455774451,-0.008063632162558412,,-0.3741806581782924,-0.2689470743043691,-0.1446740876169643,-0.20083814246037152,-0.1783148044319188,-0.10286842596489079,0.33089896223377085,0.18065463147643757,0.08007052029177535,0.08868411128707303,-0.09182276972743655,-0.029587893696593513,-0.11831278072368706,0.035362937543986395,0.134966108329546,0.008925213076211544,0.18671881716143204,0.10760441823836653,0.3272457498058284,0.18180660661148038,0.07500486565862004,0.10034499825468375,-0.09165457835699263,-0.02899293488075588,-0.1148939238495577,0.046665177812657284,0.12966533721997492,0.007532655752301451,0.18294655294582682,0.1039766453804033,0.3272457498058284,0.18180660661148038,0.07500486565862004,0.10034499825468375,-0.09165457835699263,-0.02899293488075588,-0.1148939238495577,0.046665177812657284,0.12966533721997492,0.007532655752301451,0.18294655294582682,0.1039766453804033,-0.15860959958268905,0.2896471803502701,-0.05762471306809313,-0.07721661925708374,-0.30964790779892193,-0.4476796499138745,-0.48504261830112344,-0.1044668943847127,-0.10907581877310212,-0.03709956411832207,0.5744781838499198,-0.07943507901949523,0.33220504056211514,-0.7814727531582184,1.0
