№,Субъект,ФО,МО,тип МО,2014,2019,2024,траектория
1,Амурская область,ДФО,Архаринский муниципальный округ,муниципальный округ,K5,K5,K3,рост
2,Амурская область,ДФО,Белогорский муниципальный округ,муниципальный округ,K5,K5,K3,рост
3,Амурская область,ДФО,Благовещенский муниципальный округ,муниципальный округ,K5,K3,K4,колебание
4,Амурская область,ДФО,Бурейский муниципальный округ,муниципальный округ,K3,K3,K1,рост
5,Амурская область,ДФО,Завитинский муниципальный округ,муниципальный округ,K5,K5,K5,стабильный
6,Амурская область,ДФО,Зейский муниципальный округ,муниципальный округ,K5,K3,K1,рост
7,Амурская область,ДФО,Ивановский муниципальный округ,муниципальный округ,K3,K3,K3,стабильный
8,Амурская область,ДФО,Константиновский муниципальный район,муниципальный район,K5,K3,K3,рост
9,Амурская область,ДФО,Магдагачинский муниципальный район,муниципальный район,K1,K1,K1,стабильный
10,Амурская область,ДФО,Мазановский муниципальный район,муниципальный район,K5,K5,K5,стабильный
11,Амурская область,ДФО,Михайловский муниципальный район,муниципальный район,K5,K3,K3,рост
12,Амурская область,ДФО,Октябрьский муниципальный район,муниципальный район,K3,K3,K3,стабильный
13,Амурская область,ДФО,Ромненский муниципальный округ,муниципальный округ,K5,K5,K3,рост
14,Амурская область,ДФО,Свободненский муниципальный район,муниципальный район,K5,K1,K1,рост
15,Амурская область,ДФО,Селемджинский муниципальный район,муниципальный район,K1,K1,K1,стабильный
16,Амурская область,ДФО,Серышевский муниципальный округ,муниципальный округ,K3,K5,K3,колебание
17,Амурская область,ДФО,Сковородинский муниципальный округ,муниципальный округ,K1,K1,K1,стабильный
18,Амурская область,ДФО,Тамбовский муниципальный округ,муниципальный округ,K3,K3,K3,стабильный
19,Амурская область,ДФО,Тындинский муниципальный округ,муниципальный округ,K1,K1,K1,стабильный
20,Амурская область,ДФО,Шимановский муниципальный округ,муниципальный округ,K3,K3,K1,рост
21,Амурская область,ДФО,городской округ город Белогорск,городской округ,—,K4,K4,стабильный
22,Амурская область,ДФО,городской округ город Благовещенск,городской округ,—,K2,K1,рост
23,Амурская область,ДФО,городской округ город Зея,городской округ,—,K3,K3,стабильный
24,Амурская область,ДФО,городской округ город Райчихинск,городской округ,—,K3,K3,стабильный
25,Амурская область,ДФО,городской округ город Свободный,городской округ,—,K1,K2,снижение
26,Амурская область,ДФО,городской округ город Тында,городской округ,—,K1,K1,стабильный
27,Амурская область,ДФО,городской округ город Шимановск,городской округ,—,K3,K3,стабильный
28,Амурская область,ДФО,городской округ рабочий поселок (поселок городского типа) Прогресс,городской округ,—,K5,K3,рост
29,Еврейская автономная область,ДФО,Биробиджанский муниципальный район,муниципальный район,K5,K4,K4,рост
30,Еврейская автономная область,ДФО,Ленинский муниципальный район,муниципальный район,K5,K4,K4,рост
31,Еврейская автономная область,ДФО,Облученский муниципальный район,муниципальный район,K4,K2,K1,рост
32,Еврейская автономная область,ДФО,Октябрьский муниципальный район,муниципальный район,K5,K4,K5,колебание
33,Еврейская автономная область,ДФО,Смидовичский муниципальный район,муниципальный район,K3,K4,K1,колебание
34,Еврейская автономная область,ДФО,городской округ город Биробиджан,городской округ,K2,K2,K4,снижение
35,Забайкальский край,ДФО,Агинский муниципальный район,муниципальный район,—,K3,—,нет данных
36,Забайкальский край,ДФО,Акшинский муниципальный район,муниципальный район,—,K5,—,нет данных
37,Забайкальский край,ДФО,Александрово-Заводский муниципальный район,муниципальный район,—,K4,—,нет данных
38,Забайкальский край,ДФО,Балейский муниципальный район,муниципальный район,—,K3,—,нет данных
39,Забайкальский край,ДФО,Борзинский муниципальный район,муниципальный район,—,K3,—,нет данных
40,Забайкальский край,ДФО,Газимуро-Заводский муниципальный округ,муниципальный округ,—,K2,—,нет данных
41,Забайкальский край,ДФО,Дульдургинский муниципальный район,муниципальный район,—,K5,—,нет данных
42,Забайкальский край,ДФО,Забайкальский муниципальный район,муниципальный район,—,K4,—,нет данных
43,Забайкальский край,ДФО,Каларский муниципальный округ,муниципальный округ,—,K1,—,нет данных
44,Забайкальский край,ДФО,Калганский муниципальный округ,муниципальный округ,—,K4,—,нет данных
45,Забайкальский край,ДФО,Карымский муниципальный район,муниципальный район,—,K3,—,нет данных
46,Забайкальский край,ДФО,Красночикойский муниципальный район,муниципальный район,—,K4,—,нет данных
47,Забайкальский край,ДФО,Кыринский муниципальный район,муниципальный район,—,K4,—,нет данных
48,Забайкальский край,ДФО,Могойтуйский муниципальный район,муниципальный район,—,K5,—,нет данных
49,Забайкальский край,ДФО,Могочинский муниципальный округ,муниципальный округ,—,K2,—,нет данных
50,Забайкальский край,ДФО,Нерчинский муниципальный район,муниципальный район,—,K3,—,нет данных
51,Забайкальский край,ДФО,Нерчинско-Заводский муниципальный район,муниципальный район,—,K3,—,нет данных
52,Забайкальский край,ДФО,Оловяннинский муниципальный район,муниципальный район,—,K3,—,нет данных
53,Забайкальский край,ДФО,Ононский муниципальный округ,муниципальный округ,—,K5,—,нет данных
54,Забайкальский край,ДФО,Петровск-Забайкальский муниципальный район,муниципальный район,—,K1,—,нет данных
55,Забайкальский край,ДФО,Приаргунский муниципальный округ,муниципальный округ,—,K5,—,нет данных
56,Забайкальский край,ДФО,Сретенский муниципальный район,муниципальный район,—,K4,—,нет данных
57,Забайкальский край,ДФО,Тунгиро-Олёкминский муниципальный район,муниципальный район,—,K5,—,нет данных
58,Забайкальский край,ДФО,Тунгокоченский муниципальный район,муниципальный район,—,K5,—,нет данных
59,Забайкальский край,ДФО,Улётовский муниципальный район,муниципальный район,—,K3,—,нет данных
60,Забайкальский край,ДФО,Хилокский муниципальный район,муниципальный район,—,K4,—,нет данных
61,Забайкальский край,ДФО,Чернышевский муниципальный район,муниципальный район,—,K3,—,нет данных
62,Забайкальский край,ДФО,Читинский муниципальный район,муниципальный район,—,K4,—,нет данных
63,Забайкальский край,ДФО,Шелопугинский муниципальный район,муниципальный район,—,K5,—,нет данных
64,Забайкальский край,ДФО,Шилкинский муниципальный район,муниципальный район,—,K3,—,нет данных
65,Забайкальский край,ДФО,городской округ город Петровск-Забайкальский,городской округ,K5,K4,—,рост
66,Забайкальский край,ДФО,городской округ город Чита,городской округ,K2,K4,—,снижение
67,Забайкальский край,ДФО,городской округ поселок Агинское,городской округ,K3,K5,—,снижение
68,Забайкальский край,ДФО,муниципальный район Город Краснокаменск и Краснокаменский район,муниципальный район,—,K3,—,нет данных
69,Камчатский край,ДФО,Алеутский муниципальный округ,муниципальный округ,K3,K3,—,стабильный
70,Камчатский край,ДФО,Быстринский муниципальный район,муниципальный район,K1,K1,K1,стабильный
71,Камчатский край,ДФО,Елизовский муниципальный район,муниципальный район,K4,K1,K2,колебание
72,Камчатский край,ДФО,Карагинский муниципальный район,муниципальный район,K1,K1,K2,снижение
73,Камчатский край,ДФО,Мильковский муниципальный округ,муниципальный округ,K5,K3,K3,рост
74,Камчатский край,ДФО,Олюторский муниципальный район,муниципальный район,K3,K1,K1,рост
75,Камчатский край,ДФО,Пенжинский муниципальный район,муниципальный район,—,K1,K1,стабильный
76,Камчатский край,ДФО,Соболевский муниципальный район,муниципальный район,K1,K2,K2,снижение
77,Камчатский край,ДФО,Тигильский муниципальный район,муниципальный район,K3,K3,K3,стабильный
78,Камчатский край,ДФО,Усть-Большерецкий муниципальный район,муниципальный район,K1,K2,K2,снижение
79,Камчатский край,ДФО,Усть-Камчатский муниципальный район,муниципальный район,K3,K1,K4,колебание
80,Камчатский край,ДФО,городской округ Петропавловск-Камчатский,городской округ,K2,K2,K2,стабильный
81,Камчатский край,ДФО,городской округ поселок Палана,городской округ,K3,K3,K3,стабильный
82,Магаданская область,ДФО,городской округ город Магадан,городской округ,K1,K2,—,снижение
83,Магаданская область,ДФО,муниципальный округ Ольский,муниципальный округ,K3,K3,—,стабильный
84,Магаданская область,ДФО,муниципальный округ Омсукчанский,муниципальный округ,K2,K1,—,рост
85,Магаданская область,ДФО,муниципальный округ Северо-Эвенский,муниципальный округ,K1,K1,—,стабильный
86,Магаданская область,ДФО,муниципальный округ Среднеканский,муниципальный округ,K1,K1,—,стабильный
87,Магаданская область,ДФО,муниципальный округ Сусуманский,муниципальный округ,K1,K1,—,стабильный
88,Магаданская область,ДФО,муниципальный округ Тенькинский,муниципальный округ,K1,K2,—,снижение
89,Магаданская область,ДФО,муниципальный округ Хасынский,муниципальный округ,K1,K1,—,стабильный
90,Магаданская область,ДФО,муниципальный округ Ягоднинский,муниципальный округ,K1,K1,—,стабильный
91,Приморский край,ДФО,Анучинский муниципальный округ,муниципальный округ,K5,K5,K5,стабильный
92,Приморский край,ДФО,Дальнереченский муниципальный район,муниципальный район,K5,K5,K5,стабильный
93,Приморский край,ДФО,Кавалеровский муниципальный округ,муниципальный округ,K4,K5,K5,снижение
94,Приморский край,ДФО,Кировский муниципальный район,муниципальный район,K4,K5,K5,снижение
95,Приморский край,ДФО,Красноармейский муниципальный округ,муниципальный округ,K3,K3,K3,стабильный
96,Приморский край,ДФО,Лазовский муниципальный округ,муниципальный округ,K3,K1,K1,рост
97,Приморский край,ДФО,Михайловский муниципальный район,муниципальный район,K5,K3,K3,рост
98,Приморский край,ДФО,Надеждинский муниципальный район,муниципальный район,K5,K3,K3,рост
99,Приморский край,ДФО,Октябрьский муниципальный округ,муниципальный округ,K5,K5,K3,рост
100,Приморский край,ДФО,Ольгинский муниципальный округ,муниципальный округ,K3,K5,K3,колебание
101,Приморский край,ДФО,Партизанский муниципальный округ,муниципальный округ,K4,K4,K5,снижение
102,Приморский край,ДФО,Пограничный муниципальный округ,муниципальный округ,K5,K5,K5,стабильный
103,Приморский край,ДФО,Пожарский муниципальный округ,муниципальный округ,K1,K1,K1,стабильный
104,Приморский край,ДФО,Спасский муниципальный район,муниципальный район,K3,K3,K3,стабильный
105,Приморский край,ДФО,Тернейский муниципальный округ,муниципальный округ,K1,K1,K3,снижение
106,Приморский край,ДФО,Ханкайский муниципальный округ,муниципальный округ,K5,K3,K3,рост
107,Приморский край,ДФО,Хасанский муниципальный округ,муниципальный округ,K4,K3,K4,колебание
108,Приморский край,ДФО,Хорольский муниципальный округ,муниципальный округ,K5,K3,K3,рост
109,Приморский край,ДФО,Черниговский муниципальный округ,муниципальный округ,K5,K5,K3,рост
110,Приморский край,ДФО,Чугуевский муниципальный округ,муниципальный округ,K3,K4,K5,снижение
111,Приморский край,ДФО,Шкотовский муниципальный округ,муниципальный округ,K3,K3,K1,рост
112,Приморский край,ДФО,Яковлевский муниципальный округ,муниципальный округ,K2,K5,K5,снижение
113,Приморский край,ДФО,городской округ Арсеньевский,городской округ,K4,K1,K1,рост
114,Приморский край,ДФО,городской округ Артемовский,городской округ,K4,K4,K1,рост
115,Приморский край,ДФО,городской округ Большой Камень,городской округ,—,K1,K1,стабильный
116,Приморский край,ДФО,городской округ Владивостокский,городской округ,K2,K2,K2,стабильный
117,Приморский край,ДФО,городской округ Дальнегорский,городской округ,K3,K3,K3,стабильный
118,Приморский край,ДФО,городской округ Дальнереченский,городской округ,K4,K4,K3,рост
119,Приморский край,ДФО,городской округ Лесозаводский,городской округ,K4,K3,K3,рост
120,Приморский край,ДФО,городской округ Находкинский,городской округ,K2,K2,K1,рост
121,Приморский край,ДФО,городской округ Партизанский,городской округ,K4,K4,K3,рост
122,Приморский край,ДФО,городской округ Спасск-Дальний,городской округ,K4,K3,K3,рост
123,Приморский край,ДФО,городской округ Уссурийский,городской округ,K2,K4,K4,снижение
124,Республика Бурятия,ДФО,Баргузинский муниципальный район,муниципальный район,K5,—,—,нет данных
125,Республика Бурятия,ДФО,Бичурский муниципальный район,муниципальный район,K2,—,—,нет данных
126,Республика Бурятия,ДФО,Джидинский муниципальный район,муниципальный район,K5,—,—,нет данных
127,Республика Бурятия,ДФО,Еравнинский муниципальный район,муниципальный район,K4,—,—,нет данных
128,Республика Бурятия,ДФО,Заиграевский муниципальный район,муниципальный район,K3,—,—,нет данных
129,Республика Бурятия,ДФО,Закаменский муниципальный район,муниципальный район,K5,—,—,нет данных
130,Республика Бурятия,ДФО,Иволгинский муниципальный район,муниципальный район,K5,—,—,нет данных
131,Республика Бурятия,ДФО,Кабанский муниципальный район,муниципальный район,K3,—,—,нет данных
132,Республика Бурятия,ДФО,Курумканский муниципальный район,муниципальный район,K5,—,—,нет данных
133,Республика Бурятия,ДФО,Кяхтинский муниципальный район,муниципальный район,K5,—,—,нет данных
134,Республика Бурятия,ДФО,Муйский муниципальный район,муниципальный район,K1,—,—,нет данных
135,Республика Бурятия,ДФО,Мухоршибирский муниципальный район,муниципальный район,K3,—,—,нет данных
136,Республика Бурятия,ДФО,Окинский муниципальный район,муниципальный район,K1,—,—,нет данных
137,Республика Бурятия,ДФО,Прибайкальский муниципальный район,муниципальный район,K3,—,—,нет данных
138,Республика Бурятия,ДФО,Северо-Байкальский муниципальный район,муниципальный район,K5,—,—,нет данных
139,Республика Бурятия,ДФО,Селенгинский муниципальный район,муниципальный район,K3,—,—,нет данных
140,Республика Бурятия,ДФО,Тарбагатайский муниципальный район,муниципальный район,K5,—,—,нет данных
141,Республика Бурятия,ДФО,Тункинский муниципальный район,муниципальный район,K5,—,—,нет данных
142,Республика Бурятия,ДФО,Хоринский муниципальный район,муниципальный район,K5,—,—,нет данных
143,Республика Бурятия,ДФО,городской округ город Северобайкальск,городской округ,K5,K1,—,рост
144,Республика Бурятия,ДФО,городской округ город Улан-Удэ,городской округ,K2,K4,—,снижение
145,Республика Саха (Якутия),ДФО,Абыйский муниципальный район,муниципальный район,K3,K5,—,снижение
146,Республика Саха (Якутия),ДФО,Алданский муниципальный район,муниципальный район,K1,K2,—,снижение
147,Республика Саха (Якутия),ДФО,Аллаиховский муниципальный район,муниципальный район,K3,K3,—,стабильный
148,Республика Саха (Якутия),ДФО,Амгинский муниципальный район,муниципальный район,K3,K5,—,снижение
149,Республика Саха (Якутия),ДФО,Анабарский национальный (долгано-эвенкийский) муниципальный район,муниципальный район,K1,K1,—,стабильный
150,Республика Саха (Якутия),ДФО,Булунский муниципальный район,муниципальный район,K1,—,—,нет данных
151,Республика Саха (Якутия),ДФО,Верхневилюйский муниципальный район,муниципальный район,K5,K4,—,рост
152,Республика Саха (Якутия),ДФО,Верхнеколымский муниципальный район,муниципальный район,K3,K3,—,стабильный
153,Республика Саха (Якутия),ДФО,Верхоянский муниципальный район,муниципальный район,K5,K5,—,стабильный
154,Республика Саха (Якутия),ДФО,Вилюйский муниципальный район,муниципальный район,K1,K4,—,снижение
155,Республика Саха (Якутия),ДФО,Горный муниципальный район,муниципальный район,K5,K5,—,стабильный
156,Республика Саха (Якутия),ДФО,Жиганский муниципальный район,муниципальный район,K3,K3,—,стабильный
157,Республика Саха (Якутия),ДФО,Кобяйский муниципальный район,муниципальный район,K3,—,—,нет данных
158,Республика Саха (Якутия),ДФО,Ленский муниципальный район,муниципальный район,K2,K2,—,стабильный
159,Республика Саха (Якутия),ДФО,Мегино-Кангаласский муниципальный район,муниципальный район,K3,K5,—,снижение
160,Республика Саха (Якутия),ДФО,Мирнинский муниципальный район,муниципальный район,K2,K2,—,стабильный
161,Республика Саха (Якутия),ДФО,Момский муниципальный район,муниципальный район,K3,K5,—,снижение
162,Республика Саха (Якутия),ДФО,Намский муниципальный район,муниципальный район,K3,K5,—,снижение
163,Республика Саха (Якутия),ДФО,Нерюнгринский муниципальный район,муниципальный район,K1,K1,—,стабильный
164,Республика Саха (Якутия),ДФО,Нижнеколымский муниципальный район,муниципальный район,K3,K5,—,снижение
165,Республика Саха (Якутия),ДФО,Нюрбинский муниципальный район,муниципальный район,K1,K1,—,стабильный
166,Республика Саха (Якутия),ДФО,Оймяконский муниципальный район,муниципальный район,K1,K1,—,стабильный
167,Республика Саха (Якутия),ДФО,Олекминский муниципальный район,муниципальный район,K1,K1,—,стабильный
168,Республика Саха (Якутия),ДФО,Оленекский эвенкийский национальный муниципальный район,муниципальный район,K1,K2,—,снижение
169,Республика Саха (Якутия),ДФО,Среднеколымский муниципальный район,муниципальный район,K5,K5,—,стабильный
170,Республика Саха (Якутия),ДФО,Сунтарский муниципальный район,муниципальный район,K3,K3,—,стабильный
171,Республика Саха (Якутия),ДФО,Таттинский муниципальный район,муниципальный район,K3,K3,—,стабильный
172,Республика Саха (Якутия),ДФО,Томпонский муниципальный район,муниципальный район,K3,K3,—,стабильный
173,Республика Саха (Якутия),ДФО,Усть-Алданский муниципальный район,муниципальный район,K5,K5,—,стабильный
174,Республика Саха (Якутия),ДФО,Усть-Майский муниципальный район,муниципальный район,K1,K1,—,стабильный
175,Республика Саха (Якутия),ДФО,Усть-Янский муниципальный район,муниципальный район,K3,K3,—,стабильный
176,Республика Саха (Якутия),ДФО,Хангаласский муниципальный район,муниципальный район,K3,K3,—,стабильный
177,Республика Саха (Якутия),ДФО,Чурапчинский муниципальный район,муниципальный район,K5,K5,—,стабильный
178,Республика Саха (Якутия),ДФО,Эвено-Бытантайский национальный муниципальный район,муниципальный район,—,K3,—,нет данных
179,Республика Саха (Якутия),ДФО,городской округ Жатай,городской округ,K3,K3,—,стабильный
180,Республика Саха (Якутия),ДФО,городской округ город Якутск,городской округ,K2,K2,—,стабильный
181,Сахалинская область,ДФО,городской округ Александровск-Сахалинский район,городской округ,K3,K5,—,снижение
182,Сахалинская область,ДФО,городской округ Анивский,городской округ,K3,K3,—,стабильный
183,Сахалинская область,ДФО,городской округ Долинский,городской округ,K3,K3,—,стабильный
184,Сахалинская область,ДФО,городской округ Корсаковский,городской округ,K3,K1,—,рост
185,Сахалинская область,ДФО,городской округ Курильский,городской округ,K2,K1,—,рост
186,Сахалинская область,ДФО,городской округ Макаровский,городской округ,K3,K3,—,стабильный
187,Сахалинская область,ДФО,городской округ Невельский,городской округ,K3,K1,—,рост
188,Сахалинская область,ДФО,городской округ Ногликский,городской округ,K1,K1,—,стабильный
189,Сахалинская область,ДФО,городской округ Охинский,городской округ,K1,K1,—,стабильный
190,Сахалинская область,ДФО,городской округ Северо-Курильский,городской округ,K1,K1,—,стабильный
191,Сахалинская область,ДФО,городской округ Смирныховский,городской округ,K2,K3,—,снижение
192,Сахалинская область,ДФО,городской округ Томаринский,городской округ,K3,K3,—,стабильный
193,Сахалинская область,ДФО,городской округ Тымовский,городской округ,K3,K3,—,стабильный
194,Сахалинская область,ДФО,городской округ Углегорский,городской округ,K1,K1,—,стабильный
195,Сахалинская область,ДФО,городской округ Холмский,городской округ,K3,K3,—,стабильный
196,Сахалинская область,ДФО,городской округ Южно-Курильский,городской округ,K2,K1,—,рост
197,Сахалинская область,ДФО,городской округ город Южно-Сахалинск,городской округ,K1,K1,—,стабильный
198,Хабаровский край,ДФО,Амурский муниципальный район,муниципальный район,K3,K3,K3,стабильный
199,Хабаровский край,ДФО,Аяно-Майский муниципальный район,муниципальный район,K1,K1,K1,стабильный
200,Хабаровский край,ДФО,Бикинский муниципальный район,муниципальный район,K5,K5,K3,рост
201,Хабаровский край,ДФО,Ванинский муниципальный район,муниципальный район,K1,K1,K1,стабильный
202,Хабаровский край,ДФО,Верхнебуреинский муниципальный район,муниципальный район,K3,K2,K1,рост
203,Хабаровский край,ДФО,Вяземский муниципальный район,муниципальный район,K3,K5,K5,снижение
204,Хабаровский край,ДФО,Комсомольский муниципальный район,муниципальный район,K3,K3,K1,рост
205,Хабаровский край,ДФО,Нанайский муниципальный район,муниципальный район,K5,K3,K1,рост
206,Хабаровский край,ДФО,Николаевский муниципальный район,муниципальный район,K1,K1,K1,стабильный
207,Хабаровский край,ДФО,Охотский муниципальный округ,муниципальный округ,K1,K1,K1,стабильный
208,Хабаровский край,ДФО,Советско-Гаванский муниципальный район,муниципальный район,K3,K3,K3,стабильный
209,Хабаровский край,ДФО,Солнечный муниципальный район,муниципальный район,K3,K3,K3,стабильный
210,Хабаровский край,ДФО,Тугуро-Чумиканский муниципальный район,муниципальный район,K3,K3,K1,рост
211,Хабаровский край,ДФО,Ульчский муниципальный район,муниципальный район,K3,K3,K3,стабильный
212,Хабаровский край,ДФО,Хабаровский муниципальный район,муниципальный район,K3,K3,K3,стабильный
213,Хабаровский край,ДФО,городской округ город Комсомольск-на-Амуре,городской округ,K4,K1,K2,колебание
214,Хабаровский край,ДФО,городской округ город Хабаровск,городской округ,K2,K2,K2,стабильный
215,Хабаровский край,ДФО,муниципальный район имени Лазо,муниципальный район,K3,K3,K5,снижение
216,Хабаровский край,ДФО,муниципальный район имени Полины Осипенко,муниципальный район,K3,K3,K1,рост
217,Чукотский автономный округ,ДФО,Анадырский муниципальный район,муниципальный район,—,K1,—,нет данных
218,Чукотский автономный округ,ДФО,Билибинский муниципальный район,муниципальный район,—,K1,—,нет данных
219,Чукотский автономный округ,ДФО,Чукотский муниципальный район,муниципальный район,—,K5,—,нет данных
220,Чукотский автономный округ,ДФО,городской округ Анадырь,городской округ,—,K2,—,нет данных
221,Чукотский автономный округ,ДФО,городской округ Певек,городской округ,—,K1,—,нет данных
222,Чукотский автономный округ,ДФО,городской округ Провиденский,городской округ,—,K3,—,нет данных
223,Чукотский автономный округ,ДФО,городской округ Эгвекинот,городской округ,—,K1,—,нет данных
224,Кировская область,ПФО,Белохолуницкий муниципальный район,муниципальный район,K5,K5,K5,стабильный
225,Кировская область,ПФО,Верхошижемский муниципальный район,муниципальный район,K3,K3,K3,стабильный
226,Кировская область,ПФО,Вятскополянский муниципальный район,муниципальный район,K5,K5,K5,стабильный
227,Кировская область,ПФО,Даровской муниципальный район,муниципальный район,K4,K4,K4,стабильный
228,Кировская область,ПФО,Зуевский муниципальный район,муниципальный район,K4,K3,K4,колебание
229,Кировская область,ПФО,Кильмезский муниципальный район,муниципальный район,K5,K5,K5,стабильный
230,Кировская область,ПФО,Кирово-Чепецкий муниципальный район,муниципальный район,K4,K4,K4,стабильный
231,Кировская область,ПФО,Котельничский муниципальный район,муниципальный район,K3,K3,K3,стабильный
232,Кировская область,ПФО,Куменский муниципальный район,муниципальный район,K4,K4,K3,рост
233,Кировская область,ПФО,Малмыжский муниципальный район,муниципальный район,K5,K4,K3,рост
234,Кировская область,ПФО,Нагорский муниципальный район,муниципальный район,K5,K5,K5,стабильный
235,Кировская область,ПФО,Нолинский муниципальный район,муниципальный район,K4,K4,K4,стабильный
236,Кировская область,ПФО,Омутнинский муниципальный район,муниципальный район,K4,K4,K2,рост
237,Кировская область,ПФО,Оричевский муниципальный район,муниципальный район,K4,K4,K4,стабильный
238,Кировская область,ПФО,Орловский муниципальный район,муниципальный район,K3,K3,K3,стабильный
239,Кировская область,ПФО,Подосиновский муниципальный район,муниципальный район,K5,K5,K4,рост
240,Кировская область,ПФО,Слободской муниципальный район,муниципальный район,K4,K4,K4,стабильный
241,Кировская область,ПФО,Советский муниципальный район,муниципальный район,K3,K4,K4,снижение
242,Кировская область,ПФО,Сунский муниципальный район,муниципальный район,K3,K4,K3,колебание
243,Кировская область,ПФО,Тужинский муниципальный район,муниципальный район,K5,K5,K5,стабильный
244,Кировская область,ПФО,Уржумский муниципальный район,муниципальный район,K4,K4,K3,рост
245,Кировская область,ПФО,Шабалинский муниципальный район,муниципальный район,K5,K5,K5,стабильный
246,Кировская область,ПФО,Юрьянский муниципальный район,муниципальный район,K4,K4,K4,стабильный
247,Кировская область,ПФО,Яранский муниципальный район,муниципальный район,K4,K4,K4,стабильный
248,Кировская область,ПФО,городской округ город Вятские Поляны,городской округ,K4,K4,K4,стабильный
249,Кировская область,ПФО,городской округ город Киров,городской округ,K2,K2,K1,рост
250,Кировская область,ПФО,городской округ город Кирово-Чепецк,городской округ,K2,K2,K2,стабильный
251,Кировская область,ПФО,городской округ город Котельнич,городской округ,K4,K4,K4,стабильный
252,Кировская область,ПФО,городской округ город Слободской,городской округ,K4,K4,K4,стабильный
253,Кировская область,ПФО,муниципальный округ Арбажский,муниципальный округ,K5,K5,K4,рост
254,Кировская область,ПФО,муниципальный округ Афанасьевский,муниципальный округ,K5,K5,K5,стабильный
255,Кировская область,ПФО,муниципальный округ Богородский,муниципальный округ,K5,K5,K5,стабильный
256,Кировская область,ПФО,муниципальный округ Верхнекамский,муниципальный округ,K4,K4,K3,рост
257,Кировская область,ПФО,муниципальный округ Кикнурский,муниципальный округ,K5,K5,K5,стабильный
258,Кировская область,ПФО,муниципальный округ Лебяжский,муниципальный округ,K5,K5,K5,стабильный
259,Кировская область,ПФО,муниципальный округ Лузский,муниципальный округ,K5,K4,K4,рост
260,Кировская область,ПФО,муниципальный округ Мурашинский,муниципальный округ,K5,K4,K1,рост
261,Кировская область,ПФО,муниципальный округ Немский,муниципальный округ,K3,K4,K4,снижение
262,Кировская область,ПФО,муниципальный округ Опаринский,муниципальный округ,K5,K5,K5,стабильный
263,Кировская область,ПФО,муниципальный округ Пижанский,муниципальный округ,K3,K3,K3,стабильный
264,Кировская область,ПФО,муниципальный округ Санчурский,муниципальный округ,K5,K5,K5,стабильный
265,Кировская область,ПФО,муниципальный округ Свечинский,муниципальный округ,K5,K5,K5,стабильный
266,Кировская область,ПФО,муниципальный округ Унинский,муниципальный округ,K3,K5,K5,снижение
267,Кировская область,ПФО,муниципальный округ Фаленский,муниципальный округ,K3,K3,K3,стабильный
268,Нижегородская область,ПФО,Ардатовский муниципальный округ,муниципальный округ,K5,K5,K3,рост
269,Нижегородская область,ПФО,Балахнинский муниципальный округ,муниципальный округ,K3,K3,K3,стабильный
270,Нижегородская область,ПФО,Богородский муниципальный округ,муниципальный округ,K3,K3,K4,снижение
271,Нижегородская область,ПФО,Большеболдинский муниципальный округ,муниципальный округ,K3,K3,K3,стабильный
272,Нижегородская область,ПФО,Большемурашкинский муниципальный округ,муниципальный округ,K5,K3,K3,рост
273,Нижегородская область,ПФО,Бутурлинский муниципальный округ,муниципальный округ,K3,K5,K3,колебание
274,Нижегородская область,ПФО,Вадский муниципальный округ,муниципальный округ,K3,K3,K3,стабильный
275,Нижегородская область,ПФО,Варнавинский муниципальный округ,муниципальный округ,K5,K5,K3,рост
276,Нижегородская область,ПФО,Вачский муниципальный округ,муниципальный округ,K5,K5,K5,стабильный
277,Нижегородская область,ПФО,Ветлужский муниципальный округ,муниципальный округ,K5,K5,K5,стабильный
278,Нижегородская область,ПФО,Вознесенский муниципальный округ,муниципальный округ,K5,K5,K5,стабильный
279,Нижегородская область,ПФО,Володарский муниципальный округ,муниципальный округ,K3,K4,K4,снижение
280,Нижегородская область,ПФО,Воскресенский муниципальный округ,муниципальный округ,K5,K5,K5,стабильный
281,Нижегородская область,ПФО,Гагинский муниципальный округ,муниципальный округ,K3,K3,K3,стабильный
282,Нижегородская область,ПФО,Городецкий муниципальный округ,муниципальный округ,K3,K3,K3,стабильный
283,Нижегородская область,ПФО,Дальнеконстантиновский муниципальный округ,муниципальный округ,K3,K3,K3,стабильный
284,Нижегородская область,ПФО,Дивеевский муниципальный округ,муниципальный округ,K2,K3,K3,снижение
285,Нижегородская область,ПФО,Княгининский муниципальный округ,муниципальный округ,K3,K3,K3,стабильный
286,Нижегородская область,ПФО,Ковернинский муниципальный округ,муниципальный округ,K3,K3,K3,стабильный
287,Нижегородская область,ПФО,Краснобаковский муниципальный округ,муниципальный округ,K5,K5,K5,стабильный
288,Нижегородская область,ПФО,Краснооктябрьский муниципальный округ,муниципальный округ,K5,K5,K5,стабильный
289,Нижегородская область,ПФО,Кстовский муниципальный округ,муниципальный округ,K2,K1,K2,колебание
290,Нижегородская область,ПФО,Лукояновский муниципальный округ,муниципальный округ,K5,K5,K5,стабильный
291,Нижегородская область,ПФО,Лысковский муниципальный округ,муниципальный округ,K3,K3,K3,стабильный
292,Нижегородская область,ПФО,Павловский муниципальный округ,муниципальный округ,K3,K3,K1,рост
293,Нижегородская область,ПФО,Пильнинский муниципальный округ,муниципальный округ,K3,K5,K3,колебание
294,Нижегородская область,ПФО,Починковский муниципальный округ,муниципальный округ,K3,K3,K3,стабильный
295,Нижегородская область,ПФО,Сергачский муниципальный округ,муниципальный округ,K3,K3,K3,стабильный
296,Нижегородская область,ПФО,Сеченовский муниципальный округ,муниципальный округ,K5,K5,K5,стабильный
297,Нижегородская область,ПФО,Сосновский муниципальный округ,муниципальный округ,K5,K3,K3,рост
298,Нижегородская область,ПФО,Спасский муниципальный округ,муниципальный округ,K5,K5,K5,стабильный
299,Нижегородская область,ПФО,Тонкинский муниципальный округ,муниципальный округ,K5,K5,K5,стабильный
300,Нижегородская область,ПФО,Тоншаевский муниципальный округ,муниципальный округ,K5,K5,K5,стабильный
301,Нижегородская область,ПФО,Уренский муниципальный округ,муниципальный округ,K3,K3,K3,стабильный
302,Нижегородская область,ПФО,Шарангский муниципальный округ,муниципальный округ,K5,K5,K5,стабильный
303,Нижегородская область,ПФО,Шатковский муниципальный округ,муниципальный округ,K5,K5,K3,рост
304,Нижегородская область,ПФО,городской округ Воротынский,городской округ,K5,K3,K3,рост
305,Нижегородская область,ПФО,городской округ Навашинский,городской округ,K3,K3,K3,стабильный
306,Нижегородская область,ПФО,городской округ Перевозский,городской округ,K5,K5,K5,стабильный
307,Нижегородская область,ПФО,городской округ Семеновский,городской округ,K5,K5,K3,рост
308,Нижегородская область,ПФО,городской округ Сокольский,городской округ,K5,K3,K3,рост
309,Нижегородская область,ПФО,городской округ город Бор,городской округ,K4,K4,K1,рост
310,Нижегородская область,ПФО,городской округ город Выкса,городской округ,K2,K1,K1,рост
311,Нижегородская область,ПФО,городской округ город Дзержинск,городской округ,K2,K4,K1,колебание
312,Нижегородская область,ПФО,городской округ город Кулебаки,городской округ,K3,K3,K1,рост
313,Нижегородская область,ПФО,городской округ город Нижний Новгород,городской округ,K2,K2,K2,стабильный
314,Нижегородская область,ПФО,городской округ город Первомайск,городской округ,K3,K3,K3,стабильный
315,Нижегородская область,ПФО,городской округ город Чкаловск,городской округ,K3,K5,K3,колебание
316,Нижегородская область,ПФО,городской округ город Шахунья,городской округ,K3,K3,K3,стабильный
317,Оренбургская область,ПФО,Адамовский муниципальный район,муниципальный район,K5,K5,K5,стабильный
318,Оренбургская область,ПФО,Акбулакский муниципальный район,муниципальный район,K4,K5,K5,снижение
319,Оренбургская область,ПФО,Александровский муниципальный район,муниципальный район,K5,K3,K3,рост
320,Оренбургская область,ПФО,Асекеевский муниципальный район,муниципальный район,K5,K3,K4,колебание
321,Оренбургская область,ПФО,Беляевский муниципальный район,муниципальный район,K3,K5,K3,колебание
322,Оренбургская область,ПФО,Бугурусланский муниципальный район,муниципальный район,K5,K3,K3,рост
323,Оренбургская область,ПФО,Бузулукский муниципальный район,муниципальный район,K5,K3,K4,колебание
324,Оренбургская область,ПФО,Грачёвский муниципальный район,муниципальный район,K5,K3,K3,рост
325,Оренбургская область,ПФО,Домбаровский муниципальный район,муниципальный район,K5,K3,K5,колебание
326,Оренбургская область,ПФО,Илекский муниципальный район,муниципальный район,K5,K4,K5,колебание
327,Оренбургская область,ПФО,Кваркенский муниципальный район,муниципальный район,K5,K4,K5,колебание
328,Оренбургская область,ПФО,Красногвардейский муниципальный район,муниципальный район,K5,K5,K3,рост
329,Оренбургская область,ПФО,Курманаевский муниципальный район,муниципальный район,K5,K4,K3,рост
330,Оренбургская область,ПФО,Матвеевский муниципальный район,муниципальный район,K5,K3,K3,рост
331,Оренбургская область,ПФО,Новоорский муниципальный район,муниципальный район,K3,K4,K3,колебание
332,Оренбургская область,ПФО,Новосергиевский муниципальный район,муниципальный район,K3,K3,K3,стабильный
333,Оренбургская область,ПФО,Октябрьский муниципальный район,муниципальный район,K3,K3,K3,стабильный
334,Оренбургская область,ПФО,Оренбургский муниципальный район,муниципальный район,K1,K1,K1,стабильный
335,Оренбургская область,ПФО,Первомайский муниципальный район,муниципальный район,K2,K5,K3,колебание
336,Оренбургская область,ПФО,Переволоцкий муниципальный район,муниципальный район,K5,K3,K4,колебание
337,Оренбургская область,ПФО,Пономарёвский муниципальный район,муниципальный район,K5,K5,K5,стабильный
338,Оренбургская область,ПФО,Сакмарский муниципальный район,муниципальный район,K3,K3,K3,стабильный
339,Оренбургская область,ПФО,Саракташский муниципальный район,муниципальный район,K3,K3,K3,стабильный
340,Оренбургская область,ПФО,Светлинский муниципальный район,муниципальный район,K5,K5,K3,рост
341,Оренбургская область,ПФО,Северный муниципальный район,муниципальный район,K3,K3,K1,рост
342,Оренбургская область,ПФО,Ташлинский муниципальный район,муниципальный район,K3,K3,K3,стабильный
343,Оренбургская область,ПФО,Тоцкий муниципальный район,муниципальный район,K2,K4,K4,снижение
344,Оренбургская область,ПФО,Тюльганский муниципальный район,муниципальный район,K3,K5,K5,снижение
345,Оренбургская область,ПФО,Шарлыкский муниципальный район,муниципальный район,K5,K4,K3,рост
346,Оренбургская область,ПФО,городской округ Абдулинский,городской округ,—,K3,K5,снижение
347,Оренбургская область,ПФО,городской округ Гайский,городской округ,K2,K2,K1,рост
348,Оренбургская область,ПФО,городской округ Кувандыкский,городской округ,—,K3,K5,снижение
349,Оренбургская область,ПФО,городской округ Соль-Илецкий,городской округ,—,K3,K3,стабильный
350,Оренбургская область,ПФО,городской округ Сорочинский,городской округ,K4,K3,K4,колебание
351,Оренбургская область,ПФО,городской округ Ясненский,городской округ,—,K3,K4,снижение
352,Оренбургская область,ПФО,городской округ город Бугуруслан,городской округ,K4,K4,K4,стабильный
353,Оренбургская область,ПФО,городской округ город Бузулук,городской округ,K1,K1,K1,стабильный
354,Оренбургская область,ПФО,городской округ город Медногорск,городской округ,K3,K3,K3,стабильный
355,Оренбургская область,ПФО,городской округ город Новотроицк,городской округ,K2,K2,K1,рост
356,Оренбургская область,ПФО,городской округ город Оренбург,городской округ,K2,K2,K1,рост
357,Оренбургская область,ПФО,городской округ город Орск,городской округ,K4,K4,K1,рост
358,Пензенская область,ПФО,Башмаковский муниципальный район,муниципальный район,K4,K4,K3,рост
359,Пензенская область,ПФО,Бековский муниципальный район,муниципальный район,K4,K4,K3,рост
360,Пензенская область,ПФО,Белинский муниципальный район,муниципальный район,K3,K3,K3,стабильный
361,Пензенская область,ПФО,Бессоновский муниципальный район,муниципальный район,K4,K4,K1,рост
362,Пензенская область,ПФО,Вадинский муниципальный район,муниципальный район,K5,K3,K5,колебание
363,Пензенская область,ПФО,Городищенский муниципальный район,муниципальный район,K5,K5,K3,рост
364,Пензенская область,ПФО,Земетчинский муниципальный район,муниципальный район,K4,K4,K3,рост
365,Пензенская область,ПФО,Иссинский муниципальный район,муниципальный район,K5,K3,K3,рост
366,Пензенская область,ПФО,Каменский муниципальный район,муниципальный район,K4,K4,K4,стабильный
367,Пензенская область,ПФО,Камешкирский муниципальный район,муниципальный район,K4,K5,K5,снижение
368,Пензенская область,ПФО,Колышлейский муниципальный район,муниципальный район,K5,K3,K3,рост
369,Пензенская область,ПФО,Кузнецкий муниципальный район,муниципальный район,K5,K3,K3,рост
370,Пензенская область,ПФО,Лопатинский муниципальный район,муниципальный район,K5,K5,K3,рост
371,Пензенская область,ПФО,Лунинский муниципальный район,муниципальный район,K5,K5,K3,рост
372,Пензенская область,ПФО,Малосердобинский муниципальный район,муниципальный район,K5,K5,K5,стабильный
373,Пензенская область,ПФО,Мокшанский муниципальный район,муниципальный район,K4,K4,K4,стабильный
374,Пензенская область,ПФО,Наровчатский муниципальный район,муниципальный район,K3,K3,K3,стабильный
375,Пензенская область,ПФО,Неверкинский муниципальный район,муниципальный район,K5,K5,K5,стабильный
376,Пензенская область,ПФО,Нижнеломовский муниципальный район,муниципальный район,K4,K1,K1,рост
377,Пензенская область,ПФО,Никольский муниципальный район,муниципальный район,K4,K3,K3,рост
378,Пензенская область,ПФО,Пачелмский муниципальный район,муниципальный район,K3,K5,K4,колебание
379,Пензенская область,ПФО,Пензенский муниципальный район,муниципальный район,K3,K4,K4,снижение
380,Пензенская область,ПФО,Сердобский муниципальный район,муниципальный район,K4,K4,K3,рост
381,Пензенская область,ПФО,Сосновоборский муниципальный район,муниципальный район,K5,K5,K5,стабильный
382,Пензенская область,ПФО,Спасский муниципальный район,муниципальный район,K5,K3,K5,колебание
383,Пензенская область,ПФО,Тамалинский муниципальный район,муниципальный район,K3,K3,K3,стабильный
384,Пензенская область,ПФО,Шемышейский муниципальный район,муниципальный район,K5,K5,K5,стабильный
385,Пензенская область,ПФО,городской округ город Кузнецк,городской округ,K4,K4,K4,стабильный
386,Пензенская область,ПФО,городской округ город Пенза,городской округ,K2,K2,K2,стабильный
387,Пермский край,ПФО,городской округ Пермский,городской округ,K2,K2,K2,стабильный
388,Пермский край,ПФО,городской округ Чайковский,городской округ,K1,K1,K2,снижение
389,Пермский край,ПФО,муниципальный округ Александровский,муниципальный округ,K3,K3,K3,стабильный
390,Пермский край,ПФО,муниципальный округ Бардымский,муниципальный округ,K3,K3,K3,стабильный
391,Пермский край,ПФО,муниципальный округ Березовский,муниципальный округ,K5,K5,K3,рост
392,Пермский край,ПФО,муниципальный округ Большесосновский,муниципальный округ,K5,K5,K3,рост
393,Пермский край,ПФО,муниципальный округ Гайнский,муниципальный округ,K5,K5,K5,стабильный
394,Пермский край,ПФО,муниципальный округ Еловский,муниципальный округ,K5,K5,K3,рост
395,Пермский край,ПФО,муниципальный округ Карагайский,муниципальный округ,K3,K3,K3,стабильный
396,Пермский край,ПФО,муниципальный округ Кишертский,муниципальный округ,K5,K5,K3,рост
397,Пермский край,ПФО,муниципальный округ Косинский,муниципальный округ,K5,K5,K5,стабильный
398,Пермский край,ПФО,муниципальный округ Кочевский,муниципальный округ,K5,K5,K5,стабильный
399,Пермский край,ПФО,муниципальный округ Куединский,муниципальный округ,K3,K1,K1,рост
400,Пермский край,ПФО,муниципальный округ Ординский,муниципальный округ,K3,K3,K1,рост
401,Пермский край,ПФО,муниципальный округ Пермский,муниципальный округ,K3,K3,K4,снижение
402,Пермский край,ПФО,муниципальный округ Сивинский,муниципальный округ,K3,K3,K3,стабильный
403,Пермский край,ПФО,муниципальный округ Уинский,муниципальный округ,K3,K3,K4,снижение
404,Пермский край,ПФО,муниципальный округ Частинский,муниципальный округ,K3,K1,K1,рост
405,Пермский край,ПФО,муниципальный округ Юрлинский,муниципальный округ,K5,K5,K5,стабильный
406,Пермский край,ПФО,муниципальный округ Юсьвинский,муниципальный округ,K5,K3,K3,рост
407,Республика Башкортостан,ПФО,Абзелиловский муниципальный район,муниципальный район,K5,K3,K3,рост
408,Республика Башкортостан,ПФО,Альшеевский муниципальный район,муниципальный район,K5,K3,K3,рост
409,Республика Башкортостан,ПФО,Архангельский муниципальный район,муниципальный район,K4,K5,K5,снижение
410,Республика Башкортостан,ПФО,Аскинский муниципальный район,муниципальный район,K5,K5,K5,стабильный
411,Республика Башкортостан,ПФО,Аургазинский муниципальный район,муниципальный район,K3,K3,K3,стабильный
412,Республика Башкортостан,ПФО,Баймакский муниципальный район,муниципальный район,K4,K5,K5,снижение
413,Республика Башкортостан,ПФО,Бакалинский муниципальный район,муниципальный район,K3,K5,K5,снижение
414,Республика Башкортостан,ПФО,Балтачевский муниципальный район,муниципальный район,K5,K5,K5,стабильный
415,Республика Башкортостан,ПФО,Белебеевский муниципальный район,муниципальный район,K3,K4,K4,снижение
416,Республика Башкортостан,ПФО,Белокатайский муниципальный район,муниципальный район,K5,K5,K5,стабильный
417,Республика Башкортостан,ПФО,Белорецкий муниципальный район,муниципальный район,K3,K3,K4,снижение
418,Республика Башкортостан,ПФО,Бижбулякский муниципальный район,муниципальный район,K5,K5,K5,стабильный
419,Республика Башкортостан,ПФО,Бирский муниципальный район,муниципальный район,K4,K4,K3,рост
420,Республика Башкортостан,ПФО,Благоварский муниципальный район,муниципальный район,K3,K3,K3,стабильный
421,Республика Башкортостан,ПФО,Благовещенский муниципальный район,муниципальный район,K3,K3,K1,рост
422,Республика Башкортостан,ПФО,Буздякский муниципальный район,муниципальный район,K3,K3,K3,стабильный
423,Республика Башкортостан,ПФО,Бураевский муниципальный район,муниципальный район,K5,K5,K3,рост
424,Республика Башкортостан,ПФО,Бурзянский муниципальный район,муниципальный район,K5,K5,K5,стабильный
425,Республика Башкортостан,ПФО,Гафурийский муниципальный район,муниципальный район,K3,K5,K5,снижение
426,Республика Башкортостан,ПФО,Давлекановский муниципальный район,муниципальный район,K3,K3,K3,стабильный
427,Республика Башкортостан,ПФО,Дуванский муниципальный район,муниципальный район,K3,K3,K3,стабильный
428,Республика Башкортостан,ПФО,Дюртюлинский муниципальный район,муниципальный район,K3,K3,K3,стабильный
429,Республика Башкортостан,ПФО,Ермекеевский муниципальный район,муниципальный район,K5,K3,K3,рост
430,Республика Башкортостан,ПФО,Зианчуринский муниципальный район,муниципальный район,K5,K5,K5,стабильный
431,Республика Башкортостан,ПФО,Зилаирский муниципальный район,муниципальный район,K5,K5,K5,стабильный
432,Республика Башкортостан,ПФО,Иглинский муниципальный район,муниципальный район,K5,K5,K4,рост
433,Республика Башкортостан,ПФО,Илишевский муниципальный район,муниципальный район,K3,K5,K3,колебание
434,Республика Башкортостан,ПФО,Ишимбайский муниципальный район,муниципальный район,K4,K3,K3,рост
435,Республика Башкортостан,ПФО,Калтасинский муниципальный район,муниципальный район,K3,K5,K3,колебание
436,Республика Башкортостан,ПФО,Караидельский муниципальный район,муниципальный район,K5,K5,K5,стабильный
437,Республика Башкортостан,ПФО,Кармаскалинский муниципальный район,муниципальный район,K3,K5,K4,колебание
438,Республика Башкортостан,ПФО,Кигинский муниципальный район,муниципальный район,K5,K5,K5,стабильный
439,Республика Башкортостан,ПФО,Краснокамский муниципальный район,муниципальный район,K3,K3,K3,стабильный
440,Республика Башкортостан,ПФО,Кугарчинский муниципальный район,муниципальный район,K3,K5,K5,снижение
441,Республика Башкортостан,ПФО,Кушнаренковский муниципальный район,муниципальный район,K5,K5,K5,стабильный
442,Республика Башкортостан,ПФО,Куюргазинский муниципальный район,муниципальный район,K3,K3,K3,стабильный
443,Республика Башкортостан,ПФО,Мелеузовский муниципальный район,муниципальный район,K3,K3,K4,снижение
444,Республика Башкортостан,ПФО,Мечетлинский муниципальный район,муниципальный район,K5,K5,K5,стабильный
445,Республика Башкортостан,ПФО,Мишкинский муниципальный район,муниципальный район,K5,K5,K5,стабильный
446,Республика Башкортостан,ПФО,Миякинский муниципальный район,муниципальный район,K5,K5,K5,стабильный
447,Республика Башкортостан,ПФО,Нуримановский муниципальный район,муниципальный район,K5,K5,K3,рост
448,Республика Башкортостан,ПФО,Салаватский муниципальный район,муниципальный район,K3,K3,K3,стабильный
449,Республика Башкортостан,ПФО,Стерлибашевский муниципальный район,муниципальный район,K5,K5,—,стабильный
450,Республика Башкортостан,ПФО,Стерлитамакский муниципальный район,муниципальный район,K3,K3,K4,снижение
451,Республика Башкортостан,ПФО,Татышлинский муниципальный район,муниципальный район,K3,K3,K1,рост
452,Республика Башкортостан,ПФО,Туймазинский муниципальный район,муниципальный район,K3,K3,K4,снижение
453,Республика Башкортостан,ПФО,Уфимский муниципальный район,муниципальный район,K4,K1,K2,колебание
454,Республика Башкортостан,ПФО,Учалинский муниципальный район,муниципальный район,K4,K3,K1,рост
455,Республика Башкортостан,ПФО,Федоровский муниципальный район,муниципальный район,K5,K5,K5,стабильный
456,Республика Башкортостан,ПФО,Хайбуллинский муниципальный район,муниципальный район,K3,K3,K1,рост
457,Республика Башкортостан,ПФО,Чекмагушевский муниципальный район,муниципальный район,K4,K4,K3,рост
458,Республика Башкортостан,ПФО,Чишминский муниципальный район,муниципальный район,K4,K4,K4,стабильный
459,Республика Башкортостан,ПФО,Шаранский муниципальный район,муниципальный район,K5,K5,K3,рост
460,Республика Башкортостан,ПФО,Янаульский муниципальный район,муниципальный район,K3,K3,K3,стабильный
461,Республика Башкортостан,ПФО,городской округ город Агидель,городской округ,K5,K3,K3,рост
462,Республика Башкортостан,ПФО,городской округ город Кумертау,городской округ,K3,K3,K4,снижение
463,Республика Башкортостан,ПФО,городской округ город Нефтекамск,городской округ,K4,K4,K4,стабильный
464,Республика Башкортостан,ПФО,городской округ город Октябрьский,городской округ,K4,K4,K4,стабильный
465,Республика Башкортостан,ПФО,городской округ город Салават,городской округ,K2,K1,K1,рост
466,Республика Башкортостан,ПФО,городской округ город Сибай,городской округ,K4,K4,K4,стабильный
467,Республика Башкортостан,ПФО,городской округ город Стерлитамак,городской округ,K2,K4,K2,колебание
468,Республика Башкортостан,ПФО,городской округ город Уфа,городской округ,K2,K1,K2,колебание
469,Республика Марий Эл,ПФО,Волжский муниципальный район,муниципальный район,K3,K5,—,снижение
470,Республика Марий Эл,ПФО,Горномарийский муниципальный район,муниципальный район,K5,K5,—,стабильный
471,Республика Марий Эл,ПФО,Звениговский муниципальный район,муниципальный район,K3,K4,—,снижение
472,Республика Марий Эл,ПФО,Килемарский муниципальный район,муниципальный район,K5,K5,—,стабильный
473,Республика Марий Эл,ПФО,Куженерский муниципальный район,муниципальный район,K3,K3,—,стабильный
474,Республика Марий Эл,ПФО,Мари-Турекский муниципальный район,муниципальный район,K5,K5,—,стабильный
475,Республика Марий Эл,ПФО,Медведевский муниципальный район,муниципальный район,K3,K3,—,стабильный
476,Республика Марий Эл,ПФО,Моркинский муниципальный район,муниципальный район,K3,K4,—,снижение
477,Республика Марий Эл,ПФО,Новоторъяльский муниципальный район,муниципальный район,K3,K5,—,снижение
478,Республика Марий Эл,ПФО,Оршанский муниципальный район,муниципальный район,K3,K3,—,стабильный
479,Республика Марий Эл,ПФО,Параньгинский муниципальный район,муниципальный район,K5,K5,—,стабильный
480,Республика Марий Эл,ПФО,Сернурский муниципальный район,муниципальный район,K3,K3,—,стабильный
481,Республика Марий Эл,ПФО,Советский муниципальный район,муниципальный район,K4,K3,—,рост
482,Республика Марий Эл,ПФО,Юринский муниципальный район,муниципальный район,K5,K4,—,рост
483,Республика Марий Эл,ПФО,городской округ город Волжск,городской округ,K4,K4,—,стабильный
484,Республика Марий Эл,ПФО,городской округ город Йошкар-Ола,городской округ,K2,K4,—,снижение
485,Республика Марий Эл,ПФО,городской округ город Козьмодемьянск,городской округ,K3,K3,—,стабильный
486,Республика Мордовия,ПФО,Ардатовский муниципальный район,муниципальный район,—,K3,K3,стабильный
487,Республика Мордовия,ПФО,Атюрьевский муниципальный район,муниципальный район,—,K5,K5,стабильный
488,Республика Мордовия,ПФО,Атяшевский муниципальный район,муниципальный район,—,K4,K1,рост
489,Республика Мордовия,ПФО,Большеберезниковский муниципальный район,муниципальный район,—,K5,K5,стабильный
490,Республика Мордовия,ПФО,Большеигнатовский муниципальный район,муниципальный район,—,K5,K3,рост
491,Республика Мордовия,ПФО,Дубенский муниципальный район,муниципальный район,—,K3,K4,снижение
492,Республика Мордовия,ПФО,Ельниковский муниципальный район,муниципальный район,—,K5,K5,стабильный
493,Республика Мордовия,ПФО,Зубово-Полянский муниципальный район,муниципальный район,—,K2,K4,снижение
494,Республика Мордовия,ПФО,Инсарский муниципальный район,муниципальный район,—,K3,K3,стабильный
495,Республика Мордовия,ПФО,Ичалковский муниципальный район,муниципальный район,—,K4,K3,рост
496,Республика Мордовия,ПФО,Кадошкинский муниципальный район,муниципальный район,—,K4,K4,стабильный
497,Республика Мордовия,ПФО,Ковылкинский муниципальный район,муниципальный район,—,K4,K3,рост
498,Республика Мордовия,ПФО,Кочкуровский муниципальный район,муниципальный район,—,K3,K3,стабильный
499,Республика Мордовия,ПФО,Краснослободский муниципальный район,муниципальный район,—,K3,K3,стабильный
500,Республика Мордовия,ПФО,Лямбирский муниципальный район,муниципальный район,—,K4,K4,стабильный
501,Республика Мордовия,ПФО,Ромодановский муниципальный район,муниципальный район,—,K3,K4,снижение
502,Республика Мордовия,ПФО,Рузаевский муниципальный район,муниципальный район,—,K4,K1,рост
503,Республика Мордовия,ПФО,Старошайговский муниципальный район,муниципальный район,—,K4,K3,рост
504,Республика Мордовия,ПФО,Темниковский муниципальный район,муниципальный район,—,K5,K5,стабильный
505,Республика Мордовия,ПФО,Теньгушевский муниципальный район,муниципальный район,—,K5,K5,стабильный
506,Республика Мордовия,ПФО,Торбеевский муниципальный район,муниципальный район,—,K4,K4,стабильный
507,Республика Мордовия,ПФО,Чамзинский муниципальный район,муниципальный район,—,K1,K1,стабильный
508,Республика Мордовия,ПФО,городской округ Саранск,городской округ,K4,K2,K2,рост
509,Республика Татарстан,ПФО,Агрызский муниципальный район,муниципальный район,K3,K4,K3,колебание
510,Республика Татарстан,ПФО,Азнакаевский муниципальный район,муниципальный район,K3,K3,K1,рост
511,Республика Татарстан,ПФО,Аксубаевский муниципальный район,муниципальный район,K3,K3,K3,стабильный
512,Республика Татарстан,ПФО,Актанышский муниципальный район,муниципальный район,K3,K3,K3,стабильный
513,Республика Татарстан,ПФО,Алексеевский муниципальный район,муниципальный район,K3,K3,K1,рост
514,Республика Татарстан,ПФО,Алькеевский муниципальный район,муниципальный район,K3,K3,K3,стабильный
515,Республика Татарстан,ПФО,Альметьевский муниципальный район,муниципальный район,K1,K1,K1,стабильный
516,Республика Татарстан,ПФО,Апастовский муниципальный район,муниципальный район,—,K4,K3,рост
517,Республика Татарстан,ПФО,Арский муниципальный район,муниципальный район,K3,K3,K3,стабильный
518,Республика Татарстан,ПФО,Атнинский муниципальный район,муниципальный район,K3,K3,K3,стабильный
519,Республика Татарстан,ПФО,Бавлинский муниципальный район,муниципальный район,K3,K3,K3,стабильный
520,Республика Татарстан,ПФО,Балтасинский муниципальный район,муниципальный район,K3,K3,K3,стабильный
521,Республика Татарстан,ПФО,Бугульминский муниципальный район,муниципальный район,K3,K4,K3,колебание
522,Республика Татарстан,ПФО,Буинский муниципальный район,муниципальный район,K3,K3,K3,стабильный
523,Республика Татарстан,ПФО,Верхнеуслонский муниципальный район,муниципальный район,K3,K1,K2,колебание
524,Республика Татарстан,ПФО,Высокогорский муниципальный район,муниципальный район,K3,K3,K1,рост
525,Республика Татарстан,ПФО,Дрожжановский муниципальный район,муниципальный район,K3,K3,K3,стабильный
526,Республика Татарстан,ПФО,Елабужский муниципальный район,муниципальный район,K1,K2,K1,колебание
527,Республика Татарстан,ПФО,Заинский муниципальный район,муниципальный район,K3,K3,K3,стабильный
528,Республика Татарстан,ПФО,Зеленодольский муниципальный район,муниципальный район,K3,K4,K1,колебание
529,Республика Татарстан,ПФО,Кайбицкий муниципальный район,муниципальный район,K3,K3,K3,стабильный
530,Республика Татарстан,ПФО,Камско-Устьинский муниципальный район,муниципальный район,K3,K3,K3,стабильный
531,Республика Татарстан,ПФО,Кукморский муниципальный район,муниципальный район,K3,K3,K3,стабильный
532,Республика Татарстан,ПФО,Лаишевский муниципальный район,муниципальный район,K1,K1,K2,снижение
533,Республика Татарстан,ПФО,Лениногорский муниципальный район,муниципальный район,K1,K3,K1,колебание
534,Республика Татарстан,ПФО,Мамадышский муниципальный район,муниципальный район,K3,K3,K3,стабильный
535,Республика Татарстан,ПФО,Менделеевский муниципальный район,муниципальный район,K1,K3,K1,колебание
536,Республика Татарстан,ПФО,Мензелинский муниципальный район,муниципальный район,K3,K3,K3,стабильный
537,Республика Татарстан,ПФО,Муслюмовский муниципальный район,муниципальный район,K5,K3,K3,рост
538,Республика Татарстан,ПФО,Нижнекамский муниципальный район,муниципальный район,K1,K1,K1,стабильный
539,Республика Татарстан,ПФО,Новошешминский муниципальный район,муниципальный район,K2,K1,K1,рост
540,Республика Татарстан,ПФО,Нурлатский муниципальный район,муниципальный район,K1,K2,K1,колебание
541,Республика Татарстан,ПФО,Пестречинский муниципальный район,муниципальный район,K3,K3,K4,снижение
542,Республика Татарстан,ПФО,Рыбно-Слободский муниципальный район,муниципальный район,K5,K5,K5,стабильный
543,Республика Татарстан,ПФО,Сабинский муниципальный район,муниципальный район,K3,K3,K3,стабильный
544,Республика Татарстан,ПФО,Сармановский муниципальный район,муниципальный район,K3,K3,K3,стабильный
545,Республика Татарстан,ПФО,Спасский муниципальный район,муниципальный район,K3,K3,K5,снижение
546,Республика Татарстан,ПФО,Тетюшский муниципальный район,муниципальный район,K5,K5,K5,стабильный
547,Республика Татарстан,ПФО,Тукаевский муниципальный район,муниципальный район,K1,K1,K2,снижение
548,Республика Татарстан,ПФО,Тюлячинский муниципальный район,муниципальный район,K3,K3,K3,стабильный
549,Республика Татарстан,ПФО,Черемшанский муниципальный район,муниципальный район,K3,K3,K1,рост
550,Республика Татарстан,ПФО,Чистопольский муниципальный район,муниципальный район,K3,K3,K3,стабильный
551,Республика Татарстан,ПФО,Ютазинский муниципальный район,муниципальный район,K3,K3,K3,стабильный
552,Республика Татарстан,ПФО,городской округ город Казань,городской округ,K2,K2,K2,стабильный
553,Республика Татарстан,ПФО,городской округ город Набережные Челны,городской округ,K2,K2,K1,рост
554,Самарская область,ПФО,Алексеевский муниципальный район,муниципальный район,K3,K3,K1,рост
555,Самарская область,ПФО,Безенчукский муниципальный район,муниципальный район,K3,K1,K3,колебание
556,Самарская область,ПФО,Богатовский муниципальный район,муниципальный район,K3,K3,K3,стабильный
557,Самарская область,ПФО,Большеглушицкий муниципальный район,муниципальный район,K3,K1,K4,колебание
558,Самарская область,ПФО,Большечерниговский муниципальный район,муниципальный район,K3,K3,K1,рост
559,Самарская область,ПФО,Борский муниципальный район,муниципальный район,K3,K5,K5,снижение
560,Самарская область,ПФО,Волжский муниципальный район,муниципальный район,K4,K3,K2,рост
561,Самарская область,ПФО,Елховский муниципальный район,муниципальный район,K3,K3,K4,снижение
562,Самарская область,ПФО,Исаклинский муниципальный район,муниципальный район,K3,K3,K3,стабильный
563,Самарская область,ПФО,Камышлинский муниципальный район,муниципальный район,K3,K3,K3,стабильный
564,Самарская область,ПФО,Кинель-Черкасский муниципальный район,муниципальный район,K3,K4,K4,снижение
565,Самарская область,ПФО,Кинельский муниципальный район,муниципальный район,K4,K1,K2,колебание
566,Самарская область,ПФО,Клявлинский муниципальный район,муниципальный район,K5,K4,K3,рост
567,Самарская область,ПФО,Кошкинский муниципальный район,муниципальный район,K3,K1,K1,рост
568,Самарская область,ПФО,Красноармейский муниципальный район,муниципальный район,K3,K3,K4,снижение
569,Самарская область,ПФО,Красноярский муниципальный район,муниципальный район,K4,K4,K1,рост
570,Самарская область,ПФО,Нефтегорский муниципальный район,муниципальный район,K1,K1,K1,стабильный
571,Самарская область,ПФО,Пестравский муниципальный район,муниципальный район,K3,K4,K2,колебание
572,Самарская область,ПФО,Похвистневский муниципальный район,муниципальный район,K3,K3,K3,стабильный
573,Самарская область,ПФО,Приволжский муниципальный район,муниципальный район,K5,K5,K3,рост
574,Самарская область,ПФО,Сергиевский муниципальный район,муниципальный район,K3,K1,K1,рост
575,Самарская область,ПФО,Ставропольский муниципальный район,муниципальный район,K4,K4,K4,стабильный
576,Самарская область,ПФО,Сызранский муниципальный район,муниципальный район,K3,K4,K4,снижение
577,Самарская область,ПФО,Хворостянский муниципальный район,муниципальный район,K3,K3,K3,стабильный
578,Самарская область,ПФО,Челно-Вершинский муниципальный район,муниципальный район,K3,K3,K1,рост
579,Самарская область,ПФО,Шенталинский муниципальный район,муниципальный район,K3,K4,K3,колебание
580,Самарская область,ПФО,Шигонский муниципальный район,муниципальный район,K3,K5,K4,колебание
581,Самарская область,ПФО,городской округ Жигулевск,городской округ,K3,K1,K1,рост
582,Самарская область,ПФО,городской округ Кинель,городской округ,K4,K4,K4,стабильный
583,Самарская область,ПФО,городской округ Новокуйбышевск,городской округ,K2,K2,K2,стабильный
584,Самарская область,ПФО,городской округ Октябрьск,городской округ,K5,K5,K3,рост
585,Самарская область,ПФО,городской округ Отрадный,городской округ,K1,K2,K2,снижение
586,Самарская область,ПФО,городской округ Похвистнево,городской округ,K3,K3,K1,рост
587,Самарская область,ПФО,городской округ Самара,городской округ,K2,K2,K2,стабильный
588,Самарская область,ПФО,городской округ Сызрань,городской округ,K4,K4,K4,стабильный
589,Самарская область,ПФО,городской округ Тольятти,городской округ,K2,K2,K2,стабильный
590,Самарская область,ПФО,городской округ Чапаевск,городской округ,K4,K4,K3,рост
591,Саратовская область,ПФО,Александрово-Гайский муниципальный район,муниципальный район,K5,K4,K5,колебание
592,Саратовская область,ПФО,Аркадакский муниципальный район,муниципальный район,K4,K4,K4,стабильный
593,Саратовская область,ПФО,Аткарский муниципальный район,муниципальный район,K4,—,K3,рост
594,Саратовская область,ПФО,Базарно-Карабулакский муниципальный район,муниципальный район,K5,K4,K5,колебание
595,Саратовская область,ПФО,Балаковский муниципальный район,муниципальный район,K2,K2,K2,стабильный
596,Саратовская область,ПФО,Балашовский муниципальный район,муниципальный район,K4,K4,K4,стабильный
597,Саратовская область,ПФО,Балтайский муниципальный район,муниципальный район,K4,—,K5,снижение
598,Саратовская область,ПФО,Вольский муниципальный район,муниципальный район,K4,K4,K2,рост
599,Саратовская область,ПФО,Воскресенский муниципальный район,муниципальный район,K5,K5,K5,стабильный
600,Саратовская область,ПФО,Дергачевский муниципальный район,муниципальный район,K5,K4,K3,рост
601,Саратовская область,ПФО,Духовницкий муниципальный район,муниципальный район,K4,K4,K5,снижение
602,Саратовская область,ПФО,Екатериновский муниципальный район,муниципальный район,K4,K3,K4,колебание
603,Саратовская область,ПФО,Ершовский муниципальный район,муниципальный район,K4,K4,K3,рост
604,Саратовская область,ПФО,Ивантеевский муниципальный район,муниципальный район,K5,K4,K4,рост
605,Саратовская область,ПФО,Калининский муниципальный район,муниципальный район,K4,K4,K4,стабильный
606,Саратовская область,ПФО,Красноармейский муниципальный район,муниципальный район,K5,K5,K5,стабильный
607,Саратовская область,ПФО,Краснокутский муниципальный район,муниципальный район,K5,K5,K3,рост
608,Саратовская область,ПФО,Краснопартизанский муниципальный район,муниципальный район,K5,K5,K5,стабильный
609,Саратовская область,ПФО,Лысогорский муниципальный район,муниципальный район,K5,K4,K4,рост
610,Саратовская область,ПФО,Марксовский муниципальный район,муниципальный район,K4,—,K4,стабильный
611,Саратовская область,ПФО,Новобурасский муниципальный район,муниципальный район,K5,K3,K4,колебание
612,Саратовская область,ПФО,Новоузенский муниципальный район,муниципальный район,K5,K5,K5,стабильный
613,Саратовская область,ПФО,Озинский муниципальный район,муниципальный район,K5,K5,K4,рост
614,Саратовская область,ПФО,Перелюбский муниципальный район,муниципальный район,K3,K4,K4,снижение
615,Саратовская область,ПФО,Петровский муниципальный район,муниципальный район,K5,K3,K5,колебание
616,Саратовская область,ПФО,Питерский муниципальный район,муниципальный район,K5,K5,K5,стабильный
617,Саратовская область,ПФО,Пугачевский муниципальный район,муниципальный район,K4,—,K4,стабильный
618,Саратовская область,ПФО,Ровенский муниципальный район,муниципальный район,K5,K5,K5,стабильный
619,Саратовская область,ПФО,Романовский муниципальный район,муниципальный район,K5,K5,K5,стабильный
620,Саратовская область,ПФО,Ртищевский муниципальный район,муниципальный район,K4,K4,K4,стабильный
621,Саратовская область,ПФО,Самойловский муниципальный район,муниципальный район,K5,K5,K5,стабильный
622,Саратовская область,ПФО,Советский муниципальный район,муниципальный район,K4,K4,K4,стабильный
623,Саратовская область,ПФО,Татищевский муниципальный район,муниципальный район,K4,K4,K2,рост
624,Саратовская область,ПФО,Турковский муниципальный район,муниципальный район,K5,K5,K4,рост
625,Саратовская область,ПФО,Федоровский муниципальный район,муниципальный район,K5,K3,K4,колебание
626,Саратовская область,ПФО,Хвалынский муниципальный район,муниципальный район,K5,K5,K5,стабильный
627,Саратовская область,ПФО,Энгельсский муниципальный район,муниципальный район,K4,K3,K4,колебание
628,Саратовская область,ПФО,городской округ ЗАТО Светлый,городской округ,—,K5,—,нет данных
629,Саратовская область,ПФО,городской округ город Шиханы,городской округ,—,K5,K5,стабильный
630,Саратовская область,ПФО,городской округ поселок Михайловский,городской округ,—,K5,K4,рост
631,Удмуртская Республика,ПФО,городской округ город Воткинск,городской округ,K4,K4,K4,стабильный
632,Удмуртская Республика,ПФО,городской округ город Глазов,городской округ,K4,K4,K1,рост
633,Удмуртская Республика,ПФО,городской округ город Ижевск,городской округ,K2,K2,K2,стабильный
634,Удмуртская Республика,ПФО,городской округ город Можга,городской округ,K4,K4,K3,рост
635,Удмуртская Республика,ПФО,городской округ город Сарапул,городской округ,K4,K4,K1,рост
636,Удмуртская Республика,ПФО,муниципальный округ Алнашский район,муниципальный округ,K3,K3,—,стабильный
637,Удмуртская Республика,ПФО,муниципальный округ Балезинский район,муниципальный округ,K4,K4,—,стабильный
638,Удмуртская Республика,ПФО,муниципальный округ Вавожский район,муниципальный округ,K3,K4,—,снижение
639,Удмуртская Республика,ПФО,муниципальный округ Воткинский район,муниципальный округ,K4,K2,—,рост
640,Удмуртская Республика,ПФО,муниципальный округ Глазовский район,муниципальный округ,K3,K4,—,снижение
641,Удмуртская Республика,ПФО,муниципальный округ Граховский район,муниципальный округ,K3,K3,—,стабильный
642,Удмуртская Республика,ПФО,муниципальный округ Дебёсский район,муниципальный округ,K3,K4,—,снижение
643,Удмуртская Республика,ПФО,муниципальный округ Завьяловский район,муниципальный округ,K2,K4,—,снижение
644,Удмуртская Республика,ПФО,муниципальный округ Игринский район,муниципальный округ,K4,K4,—,стабильный
645,Удмуртская Республика,ПФО,муниципальный округ Камбарский район,муниципальный округ,K4,K4,—,стабильный
646,Удмуртская Республика,ПФО,муниципальный округ Каракулинский район,муниципальный округ,K1,K1,—,стабильный
647,Удмуртская Республика,ПФО,муниципальный округ Кезский район,муниципальный округ,K4,K3,—,рост
648,Удмуртская Республика,ПФО,муниципальный округ Кизнерский район,муниципальный округ,K4,K5,—,снижение
649,Удмуртская Республика,ПФО,муниципальный округ Киясовский район,муниципальный округ,K3,K3,—,стабильный
650,Удмуртская Республика,ПФО,муниципальный округ Красногорский район,муниципальный округ,K3,K4,—,снижение
651,Удмуртская Республика,ПФО,муниципальный округ Малопургинский район,муниципальный округ,K4,K4,—,стабильный
652,Удмуртская Республика,ПФО,муниципальный округ Можгинский район,муниципальный округ,K4,K4,—,стабильный
653,Удмуртская Республика,ПФО,муниципальный округ Сарапульский район,муниципальный округ,K4,K1,—,рост
654,Удмуртская Республика,ПФО,муниципальный округ Селтинский район,муниципальный округ,K3,K5,—,снижение
655,Удмуртская Республика,ПФО,муниципальный округ Сюмсинский район,муниципальный округ,K5,K5,—,стабильный
656,Удмуртская Республика,ПФО,муниципальный округ Увинский район,муниципальный округ,K4,K4,—,стабильный
657,Удмуртская Республика,ПФО,муниципальный округ Шарканский район,муниципальный округ,K3,K3,—,стабильный
658,Удмуртская Республика,ПФО,муниципальный округ Юкаменский район,муниципальный округ,K5,K5,—,стабильный
659,Удмуртская Республика,ПФО,муниципальный округ Якшур-Бодьинский район,муниципальный округ,K4,K4,—,стабильный
660,Удмуртская Республика,ПФО,муниципальный округ Ярский район,муниципальный округ,K5,K3,—,рост
661,Ульяновская область,ПФО,Базарносызганский муниципальный район,муниципальный район,K5,K5,K5,стабильный
662,Ульяновская область,ПФО,Барышский муниципальный район,муниципальный район,K5,K5,K5,стабильный
663,Ульяновская область,ПФО,Вешкаймский муниципальный район,муниципальный район,K5,K5,K5,стабильный
664,Ульяновская область,ПФО,Инзенский муниципальный район,муниципальный район,K3,K3,K5,снижение
665,Ульяновская область,ПФО,Карсунский муниципальный район,муниципальный район,K5,K5,K5,стабильный
666,Ульяновская область,ПФО,Кузоватовский муниципальный район,муниципальный район,K5,K4,K3,рост
667,Ульяновская область,ПФО,Майнский муниципальный район,муниципальный район,K5,K5,K5,стабильный
668,Ульяновская область,ПФО,Мелекесский муниципальный район,муниципальный район,K4,K4,K1,рост
669,Ульяновская область,ПФО,Николаевский муниципальный район,муниципальный район,K5,K3,K3,рост
670,Ульяновская область,ПФО,Новомалыклинский муниципальный район,муниципальный район,K3,K3,K3,стабильный
671,Ульяновская область,ПФО,Новоспасский муниципальный район,муниципальный район,K3,K3,K1,рост
672,Ульяновская область,ПФО,Павловский муниципальный район,муниципальный район,K5,K5,K5,стабильный
673,Ульяновская область,ПФО,Радищевский муниципальный район,муниципальный район,K5,K5,K5,стабильный
674,Ульяновская область,ПФО,Сенгилеевский муниципальный район,муниципальный район,K4,K3,K4,колебание
675,Ульяновская область,ПФО,Старокулаткинский муниципальный район,муниципальный район,K4,K5,K5,снижение
676,Ульяновская область,ПФО,Старомайнский муниципальный район,муниципальный район,K5,K5,K5,стабильный
677,Ульяновская область,ПФО,Сурский муниципальный район,муниципальный район,K5,K5,K5,стабильный
678,Ульяновская область,ПФО,Тереньгульский муниципальный район,муниципальный район,K3,K5,K5,снижение
679,Ульяновская область,ПФО,Ульяновский муниципальный район,муниципальный район,K3,K3,K4,снижение
680,Ульяновская область,ПФО,Цильнинский муниципальный район,муниципальный район,K4,K4,K3,рост
681,Ульяновская область,ПФО,Чердаклинский муниципальный район,муниципальный район,K4,K4,K2,рост
682,Ульяновская область,ПФО,городской округ город Димитровград,городской округ,K2,K2,K2,стабильный
683,Ульяновская область,ПФО,городской округ город Новоульяновск,городской округ,K2,K4,K4,снижение
684,Ульяновская область,ПФО,городской округ город Ульяновск,городской округ,K2,K2,K2,стабильный
685,Чувашская Республика,ПФО,Алатырский муниципальный округ,муниципальный округ,K5,K5,—,стабильный
686,Чувашская Республика,ПФО,Аликовский муниципальный округ,муниципальный округ,K5,K5,—,стабильный
687,Чувашская Республика,ПФО,Батыревский муниципальный округ,муниципальный округ,K5,K5,—,стабильный
688,Чувашская Республика,ПФО,Вурнарский муниципальный округ,муниципальный округ,K3,K3,—,стабильный
689,Чувашская Республика,ПФО,Ибресинский муниципальный округ,муниципальный округ,K5,K5,—,стабильный
690,Чувашская Республика,ПФО,Канашский муниципальный округ,муниципальный округ,K5,K5,—,стабильный
691,Чувашская Республика,ПФО,Козловский муниципальный округ,муниципальный округ,K4,K5,—,снижение
692,Чувашская Республика,ПФО,Комсомольский муниципальный округ,муниципальный округ,K5,K5,—,стабильный
693,Чувашская Республика,ПФО,Красноармейский муниципальный округ,муниципальный округ,K4,K5,—,снижение
694,Чувашская Республика,ПФО,Красночетайский муниципальный округ,муниципальный округ,K5,K5,—,стабильный
695,Чувашская Республика,ПФО,Мариинско-Посадский муниципальный округ,муниципальный округ,K5,K5,—,стабильный
696,Чувашская Республика,ПФО,Моргаушский муниципальный округ,муниципальный округ,K3,K3,—,стабильный
697,Чувашская Республика,ПФО,Порецкий муниципальный округ,муниципальный округ,K4,K5,—,снижение
698,Чувашская Республика,ПФО,Урмарский муниципальный округ,муниципальный округ,K5,K5,—,стабильный
699,Чувашская Республика,ПФО,Цивильский муниципальный округ,муниципальный округ,K3,K3,—,стабильный
700,Чувашская Республика,ПФО,Чебоксарский муниципальный округ,муниципальный округ,K3,K3,—,стабильный
701,Чувашская Республика,ПФО,Шемуршинский муниципальный округ,муниципальный округ,K5,K5,—,стабильный
702,Чувашская Республика,ПФО,Шумерлинский муниципальный округ,муниципальный округ,K5,K5,—,стабильный
703,Чувашская Республика,ПФО,Ядринский муниципальный округ,муниципальный округ,K5,K3,—,рост
704,Чувашская Республика,ПФО,Яльчикский муниципальный округ,муниципальный округ,K5,K5,—,стабильный
705,Чувашская Республика,ПФО,Янтиковский муниципальный округ,муниципальный округ,K2,K5,—,снижение
706,Чувашская Республика,ПФО,городской округ город Алатырь,городской округ,K4,K4,—,стабильный
707,Чувашская Республика,ПФО,городской округ город Канаш,городской округ,K2,K4,—,снижение
708,Чувашская Республика,ПФО,городской округ город Новочебоксарск,городской округ,K4,K4,—,стабильный
709,Чувашская Республика,ПФО,городской округ город Чебоксары,городской округ,K2,K4,—,снижение
710,Чувашская Республика,ПФО,городской округ город Шумерля,городской округ,K4,K3,—,рост
711,Архангельская область,СЗФО,Вельский муниципальный район,муниципальный район,K4,K4,K4,стабильный
712,Архангельская область,СЗФО,Верхнетоемский муниципальный округ,муниципальный округ,K5,K3,K3,рост
713,Архангельская область,СЗФО,Виноградовский муниципальный округ,муниципальный округ,—,K3,K5,снижение
714,Архангельская область,СЗФО,Коношский муниципальный район,муниципальный район,K5,K5,K3,рост
715,Архангельская область,СЗФО,Котласский муниципальный округ,муниципальный округ,K3,K3,K1,рост
716,Архангельская область,СЗФО,Красноборский муниципальный округ,муниципальный округ,K5,K3,K3,рост
717,Архангельская область,СЗФО,Ленский муниципальный район,муниципальный район,K3,K3,K1,рост
718,Архангельская область,СЗФО,Лешуконский муниципальный округ,муниципальный округ,K3,K5,K5,снижение
719,Архангельская область,СЗФО,Мезенский муниципальный округ,муниципальный округ,K1,K1,K1,стабильный
720,Архангельская область,СЗФО,Няндомский муниципальный округ,муниципальный округ,K4,K3,K3,рост
721,Архангельская область,СЗФО,Онежский муниципальный район,муниципальный район,K3,K3,K4,снижение
722,Архангельская область,СЗФО,Пинежский муниципальный округ,муниципальный округ,K3,K3,K3,стабильный
723,Архангельская область,СЗФО,Плесецкий муниципальный округ,муниципальный округ,K4,K4,K4,стабильный
724,Архангельская область,СЗФО,Приморский муниципальный округ,муниципальный округ,K1,K1,K1,стабильный
725,Архангельская область,СЗФО,Устьянский муниципальный округ,муниципальный округ,K3,K4,K3,колебание
726,Архангельская область,СЗФО,Холмогорский муниципальный округ,муниципальный округ,K3,K3,K3,стабильный
727,Архангельская область,СЗФО,Шенкурский муниципальный округ,муниципальный округ,K5,K3,K5,колебание
728,Архангельская область,СЗФО,городской округ Котлас,городской округ,K2,K4,K2,колебание
729,Архангельская область,СЗФО,городской округ Новая Земля,городской округ,K2,K2,K2,стабильный
730,Архангельская область,СЗФО,городской округ Северодвинск,городской округ,K2,K2,K2,стабильный
731,Архангельская область,СЗФО,городской округ город Архангельск,городской округ,K2,K2,K2,стабильный
732,Архангельская область,СЗФО,городской округ город Коряжма,городской округ,K2,K2,K2,стабильный
733,Архангельская область,СЗФО,городской округ город Новодвинск,городской округ,K4,K2,K2,рост
734,Архангельская область,СЗФО,муниципальный округ Вилегодский,муниципальный округ,K3,K3,K3,стабильный
735,Архангельская область,СЗФО,муниципальный округ Каргопольский,муниципальный округ,K5,K5,K5,стабильный
736,Вологодская область,СЗФО,Бабаевский муниципальный округ,муниципальный округ,K3,K3,—,стабильный
737,Вологодская область,СЗФО,Бабушкинский муниципальный округ,муниципальный округ,K5,K5,—,стабильный
738,Вологодская область,СЗФО,Белозерский муниципальный округ,муниципальный округ,K3,K4,—,снижение
739,Вологодская область,СЗФО,Вашкинский муниципальный округ,муниципальный округ,K3,K3,—,стабильный
740,Вологодская область,СЗФО,Великоустюгский муниципальный округ,муниципальный округ,K3,K3,—,стабильный
741,Вологодская область,СЗФО,Верховажский муниципальный округ,муниципальный округ,K3,K3,—,стабильный
742,Вологодская область,СЗФО,Вожегодский муниципальный округ,муниципальный округ,K5,K3,—,рост
743,Вологодская область,СЗФО,Вологодский муниципальный округ,муниципальный округ,K4,K3,—,рост
744,Вологодская область,СЗФО,Вытегорский муниципальный район,муниципальный район,K3,K4,—,снижение
745,Вологодская область,СЗФО,Грязовецкий муниципальный округ,муниципальный округ,K3,K3,—,стабильный
746,Вологодская область,СЗФО,Кадуйский муниципальный округ,муниципальный округ,K1,K3,—,снижение
747,Вологодская область,СЗФО,Кирилловский муниципальный округ,муниципальный округ,K3,K3,—,стабильный
748,Вологодская область,СЗФО,Кичменгско-Городецкий муниципальный округ,муниципальный округ,K5,K5,—,стабильный
749,Вологодская область,СЗФО,Междуреченский муниципальный округ,муниципальный округ,K3,K3,—,стабильный
750,Вологодская область,СЗФО,Никольский муниципальный округ,муниципальный округ,K4,K5,—,снижение
751,Вологодская область,СЗФО,Нюксенский муниципальный округ,муниципальный округ,K1,K3,—,снижение
752,Вологодская область,СЗФО,Сокольский муниципальный округ,муниципальный округ,K3,K3,—,стабильный
753,Вологодская область,СЗФО,Сямженский муниципальный округ,муниципальный округ,K3,K3,—,стабильный
754,Вологодская область,СЗФО,Тарногский муниципальный округ,муниципальный округ,K5,K5,—,стабильный
755,Вологодская область,СЗФО,Тотемский муниципальный округ,муниципальный округ,K3,K3,—,стабильный
756,Вологодская область,СЗФО,Усть-Кубинский муниципальный округ,муниципальный округ,K4,K5,—,снижение
757,Вологодская область,СЗФО,Устюженский муниципальный округ,муниципальный округ,K5,K4,—,рост
758,Вологодская область,СЗФО,Харовский муниципальный округ,муниципальный округ,K3,K3,—,стабильный
759,Вологодская область,СЗФО,Чагодощенский муниципальный округ,муниципальный округ,K2,K3,—,снижение
760,Вологодская область,СЗФО,Череповецкий муниципальный район,муниципальный район,K3,K3,—,стабильный
761,Вологодская область,СЗФО,Шекснинский муниципальный район,муниципальный район,K3,K3,—,стабильный
762,Вологодская область,СЗФО,городской округ город Вологда,городской округ,K2,K4,—,снижение
763,Вологодская область,СЗФО,городской округ город Череповец,городской округ,K2,K2,—,стабильный
764,Калининградская область,СЗФО,городской округ Балтийский,городской округ,K3,K4,K3,колебание
765,Калининградская область,СЗФО,городской округ Гусевский,городской округ,K3,K3,K4,снижение
766,Калининградская область,СЗФО,городской округ Ладушкинский,городской округ,K4,K5,K4,колебание
767,Калининградская область,СЗФО,городской округ Мамоновский,городской округ,—,K5,K4,рост
768,Калининградская область,СЗФО,городской округ Пионерский,городской округ,K4,K3,K2,рост
769,Калининградская область,СЗФО,городской округ Светловский,городской округ,K1,K2,K2,снижение
770,Калининградская область,СЗФО,городской округ Светлогорский,городской округ,K2,K3,K4,снижение
771,Калининградская область,СЗФО,городской округ Советский,городской округ,—,K3,K3,стабильный
772,Калининградская область,СЗФО,городской округ Янтарный,городской округ,K4,K2,K2,рост
773,Калининградская область,СЗФО,городской округ город Калининград,городской округ,K1,K2,K2,снижение
774,Калининградская область,СЗФО,муниципальный округ Багратионовский,муниципальный округ,K3,K4,K4,снижение
775,Калининградская область,СЗФО,муниципальный округ Гвардейский,муниципальный округ,K5,K4,K3,рост
776,Калининградская область,СЗФО,муниципальный округ Гурьевский,муниципальный округ,K4,K1,K2,колебание
777,Калининградская область,СЗФО,муниципальный округ Зеленоградский,муниципальный округ,K4,K4,K2,рост
778,Калининградская область,СЗФО,муниципальный округ Краснознаменский,муниципальный округ,K5,K5,K3,рост
779,Калининградская область,СЗФО,муниципальный округ Неманский,муниципальный округ,—,K3,K3,стабильный
780,Калининградская область,СЗФО,муниципальный округ Нестеровский,муниципальный округ,K5,K4,K3,рост
781,Калининградская область,СЗФО,муниципальный округ Озерский,муниципальный округ,—,K3,K3,стабильный
782,Калининградская область,СЗФО,муниципальный округ Полесский,муниципальный округ,K3,K4,K4,снижение
783,Калининградская область,СЗФО,муниципальный округ Правдинский,муниципальный округ,K3,K3,K1,рост
784,Калининградская область,СЗФО,муниципальный округ Славский,муниципальный округ,K5,K3,K5,колебание
785,Калининградская область,СЗФО,муниципальный округ Черняховский,муниципальный округ,K3,K3,K1,рост
786,Ленинградская область,СЗФО,Бокситогорский муниципальный район,муниципальный район,K4,K1,K4,колебание
787,Ленинградская область,СЗФО,Волосовский муниципальный район,муниципальный район,K3,K4,K4,снижение
788,Ленинградская область,СЗФО,Волховский муниципальный район,муниципальный район,K3,K1,K1,рост
789,Ленинградская область,СЗФО,Всеволожский муниципальный район,муниципальный район,K2,K1,K2,колебание
790,Ленинградская область,СЗФО,Выборгский муниципальный район,муниципальный район,K2,K2,K2,стабильный
791,Ленинградская область,СЗФО,Гатчинский муниципальный район,муниципальный район,K4,K2,K2,рост
792,Ленинградская область,СЗФО,Кингисеппский муниципальный район,муниципальный район,K1,K2,K2,снижение
793,Ленинградская область,СЗФО,Киришский муниципальный район,муниципальный район,K2,K2,K2,стабильный
794,Ленинградская область,СЗФО,Кировский муниципальный район,муниципальный район,K2,K2,K2,стабильный
795,Ленинградская область,СЗФО,Лодейнопольский муниципальный район,муниципальный район,K3,K4,K4,снижение
796,Ленинградская область,СЗФО,Ломоносовский муниципальный район,муниципальный район,K2,K2,K2,стабильный
797,Ленинградская область,СЗФО,Лужский муниципальный район,муниципальный район,K4,K4,K3,рост
798,Ленинградская область,СЗФО,Подпорожский муниципальный район,муниципальный район,K3,K3,K3,стабильный
799,Ленинградская область,СЗФО,Приозерский муниципальный район,муниципальный район,K4,K4,K2,рост
800,Ленинградская область,СЗФО,Сланцевский муниципальный район,муниципальный район,K4,K4,K4,стабильный
801,Ленинградская область,СЗФО,Тихвинский муниципальный район,муниципальный район,K1,K1,K2,снижение
802,Ленинградская область,СЗФО,Тосненский муниципальный район,муниципальный район,K4,K4,K2,рост
803,Ленинградская область,СЗФО,городской округ Сосновоборский,городской округ,K2,K2,K2,стабильный
804,Мурманская область,СЗФО,Кандалакшский муниципальный район,муниципальный район,K3,—,—,нет данных
805,Мурманская область,СЗФО,Ковдорский муниципальный округ,муниципальный округ,K2,K2,—,стабильный
806,Мурманская область,СЗФО,Ловозерский муниципальный район,муниципальный район,K3,—,—,нет данных
807,Мурманская область,СЗФО,Печенгский муниципальный округ,муниципальный округ,K2,—,—,нет данных
808,Мурманская область,СЗФО,Терский муниципальный район,муниципальный район,K3,—,—,нет данных
809,Мурманская область,СЗФО,городской округ город Мурманск,городской округ,K2,K2,—,стабильный
810,Мурманская область,СЗФО,муниципальный округ город Апатиты,муниципальный округ,K2,K2,—,стабильный
811,Мурманская область,СЗФО,муниципальный округ город Кировск,муниципальный округ,K2,K2,—,стабильный
812,Мурманская область,СЗФО,муниципальный округ город Мончегорск,муниципальный округ,K2,K2,—,стабильный
813,Мурманская область,СЗФО,муниципальный округ город Оленегорск,муниципальный округ,K2,K1,—,рост
814,Мурманская область,СЗФО,муниципальный округ город Полярные Зори,муниципальный округ,K2,K1,—,рост
815,Ненецкий автономный округ,СЗФО,городской округ город Нарьян-Мар,городской округ,K1,K2,K1,колебание
816,Ненецкий автономный округ,СЗФО,муниципальный район Заполярный район,муниципальный район,K1,K2,K2,снижение
817,Новгородская область,СЗФО,Батецкий муниципальный район,муниципальный район,K4,K3,K5,колебание
818,Новгородская область,СЗФО,Боровичский муниципальный район,муниципальный район,K4,K4,K4,стабильный
819,Новгородская область,СЗФО,Валдайский муниципальный район,муниципальный район,K4,K4,K1,рост
820,Новгородская область,СЗФО,Любытинский муниципальный район,муниципальный район,K4,K3,K3,рост
821,Новгородская область,СЗФО,Маловишерский муниципальный район,муниципальный район,K3,K3,K3,стабильный
822,Новгородская область,СЗФО,Новгородский муниципальный район,муниципальный район,K2,K4,K2,колебание
823,Новгородская область,СЗФО,Окуловский муниципальный район,муниципальный район,K3,K4,K1,колебание
824,Новгородская область,СЗФО,Парфинский муниципальный район,муниципальный район,K4,K3,K3,рост
825,Новгородская область,СЗФО,Поддорский муниципальный район,муниципальный район,K4,K5,K5,снижение
826,Новгородская область,СЗФО,Старорусский муниципальный район,муниципальный район,K4,K4,K3,рост
827,Новгородская область,СЗФО,Холмский муниципальный район,муниципальный район,K4,K5,K5,снижение
828,Новгородская область,СЗФО,Чудовский муниципальный район,муниципальный район,K2,K2,K3,снижение
829,Новгородская область,СЗФО,Шимский муниципальный район,муниципальный район,K4,K5,K5,снижение
830,Новгородская область,СЗФО,городской округ Великий Новгород,городской округ,K2,K2,K1,рост
831,Новгородская область,СЗФО,муниципальный округ Волотовский,муниципальный округ,K4,K5,K5,снижение
832,Новгородская область,СЗФО,муниципальный округ Демянский,муниципальный округ,K4,K5,K5,снижение
833,Новгородская область,СЗФО,муниципальный округ Крестецкий,муниципальный округ,K4,K2,K1,рост
834,Новгородская область,СЗФО,муниципальный округ Марёвский,муниципальный округ,K4,K5,K5,снижение
835,Новгородская область,СЗФО,муниципальный округ Мошенской,муниципальный округ,K4,K5,K5,снижение
836,Новгородская область,СЗФО,муниципальный округ Пестовский,муниципальный округ,K4,K4,K3,рост
837,Новгородская область,СЗФО,муниципальный округ Солецкий,муниципальный округ,K4,K5,K3,колебание
838,Новгородская область,СЗФО,муниципальный округ Хвойнинский,муниципальный округ,K4,K4,K3,рост
839,Псковская область,СЗФО,Бежаницкий муниципальный район,муниципальный район,K3,K3,K3,стабильный
840,Псковская область,СЗФО,Великолукский муниципальный район,муниципальный район,K3,K3,K3,стабильный
841,Псковская область,СЗФО,Гдовский муниципальный район,муниципальный район,K5,K5,K4,рост
842,Псковская область,СЗФО,Дедовичский муниципальный район,муниципальный район,K5,K3,K3,рост
843,Псковская область,СЗФО,Дновский муниципальный район,муниципальный район,K3,K3,K3,стабильный
844,Псковская область,СЗФО,Куньинский муниципальный район,муниципальный район,K5,K3,K5,колебание
845,Псковская область,СЗФО,Новосокольнический муниципальный район,муниципальный район,K3,K3,K3,стабильный
846,Псковская область,СЗФО,Островский муниципальный район,муниципальный район,K3,K3,K3,стабильный
847,Псковская область,СЗФО,Палкинский муниципальный район,муниципальный район,K5,K5,K3,рост
848,Псковская область,СЗФО,Плюсский муниципальный район,муниципальный район,K3,K3,K3,стабильный
849,Псковская область,СЗФО,Порховский муниципальный район,муниципальный район,K4,K3,K3,рост
850,Псковская область,СЗФО,Псковский муниципальный район,муниципальный район,K3,K3,K3,стабильный
851,Псковская область,СЗФО,Пустошкинский муниципальный район,муниципальный район,K5,K5,K5,стабильный
852,Псковская область,СЗФО,Пушкиногорский муниципальный район,муниципальный район,K3,K3,K3,стабильный
853,Псковская область,СЗФО,Себежский муниципальный район,муниципальный район,K5,K5,K5,стабильный
854,Псковская область,СЗФО,Усвятский муниципальный район,муниципальный район,K3,K5,K5,снижение
855,Псковская область,СЗФО,городской округ город Великие Луки,городской округ,K4,K3,K1,рост
856,Псковская область,СЗФО,городской округ город Псков,городской округ,K4,K3,K1,рост
857,Псковская область,СЗФО,муниципальный округ Красногородский,муниципальный округ,K5,K3,K5,колебание
858,Псковская область,СЗФО,муниципальный округ Локнянский,муниципальный округ,K5,K5,K5,стабильный
859,Псковская область,СЗФО,муниципальный округ Невельский,муниципальный округ,K3,K3,K4,снижение
860,Псковская область,СЗФО,муниципальный округ Новоржевский,муниципальный округ,K5,K5,K3,рост
861,Псковская область,СЗФО,муниципальный округ Опочецкий,муниципальный округ,K5,K5,K5,стабильный
862,Псковская область,СЗФО,муниципальный округ Печорский,муниципальный округ,K4,K3,K3,рост
863,Псковская область,СЗФО,муниципальный округ Пыталовский,муниципальный округ,K5,K5,K3,рост
864,Псковская область,СЗФО,муниципальный округ Струго-Красненский,муниципальный округ,K5,K5,K5,стабильный
865,Республика Карелия,СЗФО,Беломорский муниципальный округ,муниципальный округ,—,K4,K2,рост
866,Республика Карелия,СЗФО,Калевальский муниципальный район,муниципальный район,—,K5,K5,стабильный
867,Республика Карелия,СЗФО,Кемский муниципальный район,муниципальный район,—,K4,K2,рост
868,Республика Карелия,СЗФО,Кондопожский муниципальный район,муниципальный район,—,K2,K2,стабильный
869,Республика Карелия,СЗФО,Лахденпохский муниципальный район,муниципальный район,—,K4,K4,стабильный
870,Республика Карелия,СЗФО,Лоухский муниципальный район,муниципальный район,—,K4,K4,стабильный
871,Республика Карелия,СЗФО,Медвежьегорский муниципальный район,муниципальный район,—,K4,K4,стабильный
872,Республика Карелия,СЗФО,Муезерский муниципальный район,муниципальный район,—,K5,K5,стабильный
873,Республика Карелия,СЗФО,Олонецкий муниципальный район,муниципальный район,—,K3,K4,снижение
874,Республика Карелия,СЗФО,Питкярантский муниципальный округ,муниципальный округ,—,K4,K2,рост
875,Республика Карелия,СЗФО,Прионежский муниципальный район,муниципальный район,—,K4,K2,рост
876,Республика Карелия,СЗФО,Пряжинский муниципальный район,муниципальный район,—,K4,K2,рост
877,Республика Карелия,СЗФО,Пудожский муниципальный район,муниципальный район,—,K4,K3,рост
878,Республика Карелия,СЗФО,Сегежский муниципальный округ,муниципальный округ,—,K2,K2,стабильный
879,Республика Карелия,СЗФО,Сортавальский муниципальный район,муниципальный район,—,K2,K2,стабильный
880,Республика Карелия,СЗФО,Суоярвский муниципальный округ,муниципальный округ,—,K4,K4,стабильный
881,Республика Карелия,СЗФО,городской округ Костомукшский,городской округ,K2,K2,K2,стабильный
882,Республика Карелия,СЗФО,городской округ Петрозаводский,городской округ,K2,K2,K4,снижение
883,Республика Коми,СЗФО,Ижемский муниципальный район,муниципальный район,K3,K3,K3,стабильный
884,Республика Коми,СЗФО,Княжпогостский муниципальный район,муниципальный район,K3,K1,K1,рост
885,Республика Коми,СЗФО,Койгородский муниципальный район,муниципальный район,K3,K3,K3,стабильный
886,Республика Коми,СЗФО,Корткеросский муниципальный район,муниципальный район,K3,K3,K3,стабильный
887,Республика Коми,СЗФО,Прилузский муниципальный район,муниципальный район,K3,K3,K3,стабильный
888,Республика Коми,СЗФО,Сыктывдинский муниципальный район,муниципальный район,K3,K4,K3,колебание
889,Республика Коми,СЗФО,Сысольский муниципальный район,муниципальный район,K3,K3,K3,стабильный
890,Республика Коми,СЗФО,Троицко-Печорский муниципальный район,муниципальный район,K3,K3,K3,стабильный
891,Республика Коми,СЗФО,Удорский муниципальный район,муниципальный район,K3,K3,K3,стабильный
892,Республика Коми,СЗФО,Усть-Вымский муниципальный район,муниципальный район,K3,K4,K4,снижение
893,Республика Коми,СЗФО,Усть-Куломский муниципальный район,муниципальный район,K3,K3,K3,стабильный
894,Республика Коми,СЗФО,Усть-Цилемский муниципальный район,муниципальный район,K3,K3,K3,стабильный
895,Республика Коми,СЗФО,городской округ Воркута,городской округ,K1,K1,K1,стабильный
896,Республика Коми,СЗФО,городской округ Инта,городской округ,K1,K3,K3,снижение
897,Республика Коми,СЗФО,городской округ Сыктывкар,городской округ,K2,K2,K2,стабильный
898,Республика Коми,СЗФО,городской округ Ухта,городской округ,K2,K2,K1,рост
899,Республика Коми,СЗФО,муниципальный округ Вуктыл,муниципальный округ,K1,K1,K1,стабильный
900,Республика Коми,СЗФО,муниципальный округ Усинск,муниципальный округ,K2,K2,K2,стабильный
901,Республика Коми,СЗФО,муниципальный район Печора,муниципальный район,K1,K2,K2,снижение
902,Республика Коми,СЗФО,муниципальный район Сосногорск,муниципальный район,K1,K2,K1,колебание
903,Кабардино-Балкарская Республика,СКФО,Баксанский муниципальный район,муниципальный район,K5,K5,K2,рост
904,Кабардино-Балкарская Республика,СКФО,Зольский муниципальный район,муниципальный район,—,—,K4,нет данных
905,Кабардино-Балкарская Республика,СКФО,Лескенский муниципальный район,муниципальный район,—,K5,K2,рост
906,Кабардино-Балкарская Республика,СКФО,Майский муниципальный район,муниципальный район,K4,K2,K4,колебание
907,Кабардино-Балкарская Республика,СКФО,Прохладненский муниципальный район,муниципальный район,—,K4,K4,стабильный
908,Кабардино-Балкарская Республика,СКФО,Терский муниципальный район,муниципальный район,—,K4,K4,стабильный
909,Кабардино-Балкарская Республика,СКФО,Урванский муниципальный район,муниципальный район,—,K4,K3,рост
910,Кабардино-Балкарская Республика,СКФО,Чегемский муниципальный район,муниципальный район,K2,K5,K2,колебание
911,Кабардино-Балкарская Республика,СКФО,Черекский муниципальный район,муниципальный район,K4,—,K5,снижение
912,Кабардино-Балкарская Республика,СКФО,Эльбрусский муниципальный район,муниципальный район,K4,—,K4,стабильный
913,Кабардино-Балкарская Республика,СКФО,городской округ Баксан,городской округ,K4,K5,K2,колебание
914,Кабардино-Балкарская Республика,СКФО,городской округ Нальчик,городской округ,K2,K2,K4,снижение
915,Кабардино-Балкарская Республика,СКФО,городской округ Прохладный,городской округ,—,K4,K4,стабильный
916,Карачаево-Черкесская Республика,СКФО,Абазинский муниципальный район,муниципальный район,—,—,K4,нет данных
917,Карачаево-Черкесская Республика,СКФО,Адыге-Хабльский муниципальный район,муниципальный район,—,K3,—,нет данных
918,Карачаево-Черкесская Республика,СКФО,Зеленчукский муниципальный район,муниципальный район,—,K4,K4,стабильный
919,Карачаево-Черкесская Республика,СКФО,Карачаевский муниципальный район,муниципальный район,—,K4,K4,стабильный
920,Карачаево-Черкесская Республика,СКФО,Малокарачаевский муниципальный район,муниципальный район,—,K5,K2,рост
921,Карачаево-Черкесская Республика,СКФО,Ногайский муниципальный район,муниципальный район,—,K5,K2,рост
922,Карачаево-Черкесская Республика,СКФО,Прикубанский муниципальный район,муниципальный район,—,K4,K4,стабильный
923,Карачаево-Черкесская Республика,СКФО,Урупский муниципальный район,муниципальный район,—,—,K4,нет данных
924,Карачаево-Черкесская Республика,СКФО,Усть-Джегутинский муниципальный район,муниципальный район,—,K4,K3,рост
925,Карачаево-Черкесская Республика,СКФО,Хабезский муниципальный район,муниципальный район,—,K5,K4,рост
926,Карачаево-Черкесская Республика,СКФО,городской округ Карачаевский,городской округ,K5,K4,K4,рост
927,Карачаево-Черкесская Республика,СКФО,городской округ Черкесский,городской округ,K2,K4,K2,колебание
928,Республика Ингушетия,СКФО,Малгобекский муниципальный район,муниципальный район,K4,—,—,нет данных
929,Республика Ингушетия,СКФО,городской округ город Карабулак,городской округ,K5,—,—,нет данных
930,Республика Ингушетия,СКФО,городской округ город Малгобек,городской округ,K5,—,—,нет данных
931,Республика Северная Осетия — Алания,СКФО,Алагирский муниципальный район,муниципальный район,K3,K4,—,снижение
932,Республика Северная Осетия — Алания,СКФО,Ардонский муниципальный район,муниципальный район,K5,K4,—,рост
933,Республика Северная Осетия — Алания,СКФО,Дигорский муниципальный район,муниципальный район,K5,—,—,нет данных
934,Республика Северная Осетия — Алания,СКФО,Ирафский муниципальный район,муниципальный район,K5,—,—,нет данных
935,Республика Северная Осетия — Алания,СКФО,Кировский муниципальный район,муниципальный район,K5,K5,—,стабильный
936,Республика Северная Осетия — Алания,СКФО,Моздокский муниципальный район,муниципальный район,K4,K5,—,снижение
937,Республика Северная Осетия — Алания,СКФО,Правобережный муниципальный район,муниципальный район,K4,K5,—,снижение
938,Республика Северная Осетия — Алания,СКФО,Пригородный муниципальный район,муниципальный район,K5,K5,—,стабильный
939,Республика Северная Осетия — Алания,СКФО,городской округ город Владикавказ,городской округ,K2,K2,—,стабильный
940,Ставропольский край,СКФО,Александровский муниципальный округ,муниципальный округ,K5,K5,K5,стабильный
941,Ставропольский край,СКФО,Андроповский муниципальный округ,муниципальный округ,K5,K5,K5,стабильный
942,Ставропольский край,СКФО,Апанасенковский муниципальный округ,муниципальный округ,K4,K4,K4,стабильный
943,Ставропольский край,СКФО,Арзгирский муниципальный округ,муниципальный округ,K5,K4,K5,колебание
944,Ставропольский край,СКФО,Благодарненский муниципальный округ,муниципальный округ,K4,K3,—,рост
945,Ставропольский край,СКФО,Грачёвский муниципальный округ,муниципальный округ,K5,K4,K3,рост
946,Ставропольский край,СКФО,Изобильненский муниципальный округ,муниципальный округ,K2,K4,—,снижение
947,Ставропольский край,СКФО,Ипатовский муниципальный округ,муниципальный округ,K4,K4,—,стабильный
948,Ставропольский край,СКФО,Кировский муниципальный округ,муниципальный округ,K3,K3,—,стабильный
949,Ставропольский край,СКФО,Кочубеевский муниципальный округ,муниципальный округ,K4,K4,K4,стабильный
950,Ставропольский край,СКФО,Красногвардейский муниципальный округ,муниципальный округ,K4,K4,K4,стабильный
951,Ставропольский край,СКФО,Курский муниципальный округ,муниципальный округ,K3,K5,K5,снижение
952,Ставропольский край,СКФО,Левокумский муниципальный округ,муниципальный округ,K3,K5,K3,колебание
953,Ставропольский край,СКФО,Минераловодский муниципальный округ,муниципальный округ,K2,K4,—,снижение
954,Ставропольский край,СКФО,Нефтекумский муниципальный округ,муниципальный округ,K4,K4,—,стабильный
955,Ставропольский край,СКФО,Новоалександровский муниципальный округ,муниципальный округ,K4,K4,—,стабильный
956,Ставропольский край,СКФО,Новоселицкий муниципальный округ,муниципальный округ,K4,K4,K3,рост
957,Ставропольский край,СКФО,Петровский муниципальный округ,муниципальный округ,K4,K4,—,стабильный
958,Ставропольский край,СКФО,Советский муниципальный округ,муниципальный округ,K4,K4,—,стабильный
959,Ставропольский край,СКФО,Степновский муниципальный округ,муниципальный округ,K5,K5,K5,стабильный
960,Ставропольский край,СКФО,Труновский муниципальный округ,муниципальный округ,K4,K3,K4,колебание
961,Ставропольский край,СКФО,Туркменский муниципальный округ,муниципальный округ,K5,K5,K5,стабильный
962,Ставропольский край,СКФО,Шпаковский муниципальный округ,муниципальный округ,K4,K3,K4,колебание
963,Ставропольский край,СКФО,городской округ город Лермонтов,городской округ,K4,K4,K3,рост
964,Ставропольский край,СКФО,городской округ город Невинномысск,городской округ,K2,K1,K1,рост
965,Ставропольский край,СКФО,городской округ город Ставрополь,городской округ,K2,K2,K4,снижение
966,Ставропольский край,СКФО,городской округ город-курорт Ессентуки,городской округ,K4,K4,K4,стабильный
967,Ставропольский край,СКФО,городской округ город-курорт Железноводск,городской округ,K4,K3,K3,рост
968,Ставропольский край,СКФО,городской округ город-курорт Пятигорск,городской округ,K2,K4,K4,снижение
969,Чеченская Республика,СКФО,Веденский муниципальный район,муниципальный район,—,K5,K5,стабильный
970,Чеченская Республика,СКФО,Итум-Калинский муниципальный район,муниципальный район,—,K5,K3,рост
971,Чеченская Республика,СКФО,Надтеречный муниципальный район,муниципальный район,—,K5,K5,стабильный
972,Чеченская Республика,СКФО,Наурский муниципальный район,муниципальный район,—,K5,K5,стабильный
973,Чеченская Республика,СКФО,Ножай-Юртовский муниципальный район,муниципальный район,—,K5,K5,стабильный
974,Чеченская Республика,СКФО,Шалинский муниципальный район,муниципальный район,—,K4,K3,рост
975,Чеченская Республика,СКФО,Шаройский муниципальный район,муниципальный район,—,K4,K5,снижение
976,Чеченская Республика,СКФО,Шелковской муниципальный район,муниципальный район,—,K5,K4,рост
977,Алтайский край,СФО,Алейский муниципальный район,муниципальный район,K4,K4,K4,стабильный
978,Алтайский край,СФО,Алтайский муниципальный район,муниципальный район,K4,K4,K4,стабильный
979,Алтайский край,СФО,Баевский муниципальный район,муниципальный район,K4,K5,K5,снижение
980,Алтайский край,СФО,Бийский муниципальный район,муниципальный район,K4,K4,K4,стабильный
981,Алтайский край,СФО,Благовещенский муниципальный район,муниципальный район,K2,K2,K4,снижение
982,Алтайский край,СФО,Бурлинский муниципальный район,муниципальный район,K4,K5,K5,снижение
983,Алтайский край,СФО,Быстроистокский муниципальный район,муниципальный район,K5,K5,K4,рост
984,Алтайский край,СФО,Волчихинский муниципальный район,муниципальный район,K4,K4,K4,стабильный
985,Алтайский край,СФО,Егорьевский муниципальный район,муниципальный район,K4,K5,K4,колебание
986,Алтайский край,СФО,Ельцовский муниципальный район,муниципальный район,K5,K5,K5,стабильный
987,Алтайский край,СФО,Завьяловский муниципальный район,муниципальный район,K2,K4,K4,снижение
988,Алтайский край,СФО,Залесовский муниципальный округ,муниципальный округ,K4,K5,K5,снижение
989,Алтайский край,СФО,Заринский муниципальный район,муниципальный район,K4,K4,K4,стабильный
990,Алтайский край,СФО,Змеиногорский муниципальный район,муниципальный район,K2,K4,K2,колебание
991,Алтайский край,СФО,Зональный муниципальный район,муниципальный район,K2,K2,K4,снижение
992,Алтайский край,СФО,Калманский муниципальный район,муниципальный район,K4,K3,K3,рост
993,Алтайский край,СФО,Ключевский муниципальный район,муниципальный район,K4,K4,K4,стабильный
994,Алтайский край,СФО,Косихинский муниципальный район,муниципальный район,K4,K5,K4,колебание
995,Алтайский край,СФО,Красногорский муниципальный район,муниципальный район,K5,K4,K4,рост
996,Алтайский край,СФО,Краснощёковский муниципальный район,муниципальный район,K4,K4,K3,рост
997,Алтайский край,СФО,Крутихинский муниципальный район,муниципальный район,K4,K5,K5,снижение
998,Алтайский край,СФО,Кулундинский муниципальный район,муниципальный район,K5,K4,K5,колебание
999,Алтайский край,СФО,Курьинский муниципальный район,муниципальный район,K5,K4,K4,рост
1000,Алтайский край,СФО,Кытмановский муниципальный район,муниципальный район,K4,K4,K4,стабильный
1001,Алтайский край,СФО,Локтевский муниципальный район,муниципальный район,K4,K5,K4,колебание
1002,Алтайский край,СФО,Мамонтовский муниципальный район,муниципальный район,K4,K4,K4,стабильный
1003,Алтайский край,СФО,Михайловский муниципальный район,муниципальный район,K4,K4,K4,стабильный
1004,Алтайский край,СФО,Немецкий национальный муниципальный район,муниципальный район,K4,K4,K3,рост
1005,Алтайский край,СФО,Новичихинский муниципальный район,муниципальный район,K4,K4,K4,стабильный
1006,Алтайский край,СФО,Павловский муниципальный район,муниципальный район,K2,K2,K2,стабильный
1007,Алтайский край,СФО,Панкрушихинский муниципальный район,муниципальный район,K4,K5,K4,колебание
1008,Алтайский край,СФО,Первомайский муниципальный район,муниципальный район,K4,K4,K4,стабильный
1009,Алтайский край,СФО,Петропавловский муниципальный район,муниципальный район,K3,K3,K4,снижение
1010,Алтайский край,СФО,Поспелихинский муниципальный район,муниципальный район,K4,K4,K2,рост
1011,Алтайский край,СФО,Ребрихинский муниципальный район,муниципальный район,K4,K4,K3,рост
1012,Алтайский край,СФО,Родинский муниципальный район,муниципальный район,K4,K5,K4,колебание
1013,Алтайский край,СФО,Романовский муниципальный район,муниципальный район,K4,K4,K3,рост
1014,Алтайский край,СФО,Рубцовский муниципальный район,муниципальный район,K3,K2,K2,рост
1015,Алтайский край,СФО,Смоленский муниципальный район,муниципальный район,K4,K4,K4,стабильный
1016,Алтайский край,СФО,Советский муниципальный район,муниципальный район,K4,K4,K4,стабильный
1017,Алтайский край,СФО,Солонешенский муниципальный район,муниципальный район,K5,K5,K5,стабильный
1018,Алтайский край,СФО,Солтонский муниципальный район,муниципальный район,K5,K5,K5,стабильный
1019,Алтайский край,СФО,Табунский муниципальный район,муниципальный район,K4,K4,K4,стабильный
1020,Алтайский край,СФО,Тальменский муниципальный район,муниципальный район,K2,K4,K4,снижение
1021,Алтайский край,СФО,Тогульский муниципальный район,муниципальный район,K2,K4,K4,снижение
1022,Алтайский край,СФО,Топчихинский муниципальный район,муниципальный район,K2,K4,K4,снижение
1023,Алтайский край,СФО,Третьяковский муниципальный район,муниципальный район,K3,K4,K4,снижение
1024,Алтайский край,СФО,Троицкий муниципальный район,муниципальный район,K4,K4,K4,стабильный
1025,Алтайский край,СФО,Тюменцевский муниципальный район,муниципальный район,K4,K4,K4,стабильный
1026,Алтайский край,СФО,Угловский муниципальный район,муниципальный район,K5,K5,K5,стабильный
1027,Алтайский край,СФО,Усть-Калманский муниципальный район,муниципальный район,K4,K4,K4,стабильный
1028,Алтайский край,СФО,Усть-Пристанский муниципальный район,муниципальный район,K5,K5,K4,рост
1029,Алтайский край,СФО,Хабарский муниципальный район,муниципальный район,K4,K4,K4,стабильный
1030,Алтайский край,СФО,Целинный муниципальный район,муниципальный район,K4,K4,K3,рост
1031,Алтайский край,СФО,Шелаболихинский муниципальный район,муниципальный район,K4,K4,K4,стабильный
1032,Алтайский край,СФО,Шипуновский муниципальный район,муниципальный район,K5,K4,K4,рост
1033,Алтайский край,СФО,городской округ ЗАТО Сибирский,городской округ,—,K5,—,нет данных
1034,Алтайский край,СФО,городской округ город Алейск,городской округ,K4,K4,K4,стабильный
1035,Алтайский край,СФО,городской округ город Барнаул,городской округ,K2,K2,K2,стабильный
1036,Алтайский край,СФО,городской округ город Белокуриха,городской округ,K2,K4,K2,колебание
1037,Алтайский край,СФО,городской округ город Бийск,городской округ,K4,K4,K2,рост
1038,Алтайский край,СФО,городской округ город Заринск,городской округ,K2,K2,K1,рост
1039,Алтайский край,СФО,городской округ город Новоалтайск,городской округ,K2,K2,K2,стабильный
1040,Алтайский край,СФО,городской округ город Рубцовск,городской округ,K4,K4,K4,стабильный
1041,Алтайский край,СФО,городской округ город Яровое,городской округ,K4,K5,K3,колебание
1042,Алтайский край,СФО,муниципальный округ Суетский район,муниципальный округ,K4,K4,K1,рост
1043,Алтайский край,СФО,муниципальный округ Чарышский район,муниципальный округ,K5,K5,K5,стабильный
1044,Иркутская область,СФО,Аларский муниципальный район,муниципальный район,K5,K4,K5,колебание
1045,Иркутская область,СФО,Балаганский муниципальный район,муниципальный район,K3,K5,K5,снижение
1046,Иркутская область,СФО,Баяндаевский муниципальный район,муниципальный район,K5,K5,K5,стабильный
1047,Иркутская область,СФО,Бодайбинский муниципальный район,муниципальный район,K2,K2,K2,стабильный
1048,Иркутская область,СФО,Боханский муниципальный район,муниципальный район,K5,K5,K5,стабильный
1049,Иркутская область,СФО,Братский муниципальный район,муниципальный район,K2,K1,K4,колебание
1050,Иркутская область,СФО,Жигаловский муниципальный район,муниципальный район,K4,K1,K1,рост
1051,Иркутская область,СФО,Заларинский муниципальный район,муниципальный район,K3,K4,K4,снижение
1052,Иркутская область,СФО,Зиминский муниципальный район,муниципальный район,K3,K3,K3,стабильный
1053,Иркутская область,СФО,Иркутский муниципальный район,муниципальный район,K4,K3,K4,колебание
1054,Иркутская область,СФО,Казачинско-Ленский муниципальный район,муниципальный район,K1,K1,K2,снижение
1055,Иркутская область,СФО,Катангский муниципальный район,муниципальный район,K2,K2,K2,стабильный
1056,Иркутская область,СФО,Качугский муниципальный район,муниципальный район,K5,—,K5,стабильный
1057,Иркутская область,СФО,Киренский муниципальный район,муниципальный район,K2,K1,K2,колебание
1058,Иркутская область,СФО,Куйтунский муниципальный район,муниципальный район,K4,K4,K5,снижение
1059,Иркутская область,СФО,Мамско-Чуйский муниципальный район,муниципальный район,K3,K3,K3,стабильный
1060,Иркутская область,СФО,Нижнеилимский муниципальный район,муниципальный район,K2,K2,K2,стабильный
1061,Иркутская область,СФО,Нижнеудинский муниципальный район,муниципальный район,K4,K4,K4,стабильный
1062,Иркутская область,СФО,Нукутский муниципальный район,муниципальный район,K3,K3,K3,стабильный
1063,Иркутская область,СФО,Ольхонский муниципальный район,муниципальный район,—,K5,K5,стабильный
1064,Иркутская область,СФО,Осинский муниципальный район,муниципальный район,K5,K5,K5,стабильный
1065,Иркутская область,СФО,Слюдянский муниципальный район,муниципальный район,K4,K4,K3,рост
1066,Иркутская область,СФО,Тайшетский муниципальный район,муниципальный район,K2,K4,K2,колебание
1067,Иркутская область,СФО,Тулунский муниципальный район,муниципальный район,K4,K3,K3,рост
1068,Иркутская область,СФО,Усольский муниципальный район,муниципальный район,K4,K4,K2,рост
1069,Иркутская область,СФО,Усть-Илимский муниципальный район,муниципальный район,K2,K2,K1,рост
1070,Иркутская область,СФО,Усть-Кутский муниципальный район,муниципальный район,K2,K2,K2,стабильный
1071,Иркутская область,СФО,Усть-Удинский муниципальный район,муниципальный район,K5,K5,K5,стабильный
1072,Иркутская область,СФО,Черемховский муниципальный район,муниципальный район,K5,K3,K3,рост
1073,Иркутская область,СФО,Чунский муниципальный район,муниципальный район,K4,K3,K5,колебание
1074,Иркутская область,СФО,Шелеховский муниципальный район,муниципальный район,K2,K2,K2,стабильный
1075,Иркутская область,СФО,Эхирит-Булагатский муниципальный район,муниципальный район,—,K5,K5,стабильный
1076,Иркутская область,СФО,городской округ Ангарский,городской округ,K2,K2,K2,стабильный
1077,Иркутская область,СФО,городской округ Зима,городской округ,K3,K4,K3,колебание
1078,Иркутская область,СФО,городской округ город Братск,городской округ,K2,K2,K1,рост
1079,Иркутская область,СФО,городской округ город Иркутск,городской округ,K2,K2,K2,стабильный
1080,Иркутская область,СФО,городской округ город Саянск,городской округ,K2,K1,K4,колебание
1081,Иркутская область,СФО,городской округ город Свирск,городской округ,K3,K3,K2,рост
1082,Иркутская область,СФО,городской округ город Тулун,городской округ,K4,K3,K4,колебание
1083,Иркутская область,СФО,городской округ город Усолье-Сибирское,городской округ,K4,K4,K4,стабильный
1084,Иркутская область,СФО,городской округ город Усть-Илимск,городской округ,K2,K2,K1,рост
1085,Иркутская область,СФО,городской округ город Черемхово,городской округ,K3,K3,K3,стабильный
1086,Кемеровская область,СФО,Беловский муниципальный округ,муниципальный округ,K2,K2,—,стабильный
1087,Кемеровская область,СФО,Гурьевский муниципальный округ,муниципальный округ,K3,K3,—,стабильный
1088,Кемеровская область,СФО,Ижморский муниципальный округ,муниципальный округ,K5,K5,—,стабильный
1089,Кемеровская область,СФО,Кемеровский муниципальный округ,муниципальный округ,K1,K1,—,стабильный
1090,Кемеровская область,СФО,Крапивинский муниципальный округ,муниципальный округ,K5,K5,—,стабильный
1091,Кемеровская область,СФО,Ленинск-Кузнецкий муниципальный округ,муниципальный округ,K3,K3,—,стабильный
1092,Кемеровская область,СФО,Мариинский муниципальный округ,муниципальный округ,K3,K3,—,стабильный
1093,Кемеровская область,СФО,Новокузнецкий муниципальный округ,муниципальный округ,K1,K2,—,снижение
1094,Кемеровская область,СФО,Промышленновский муниципальный округ,муниципальный округ,K3,K3,—,стабильный
1095,Кемеровская область,СФО,Таштагольский муниципальный район,муниципальный район,K3,K3,—,стабильный
1096,Кемеровская область,СФО,Тисульский муниципальный округ,муниципальный округ,K3,K3,—,стабильный
1097,Кемеровская область,СФО,Топкинский муниципальный округ,муниципальный округ,K3,K3,—,стабильный
1098,Кемеровская область,СФО,Тяжинский муниципальный округ,муниципальный округ,K3,K3,—,стабильный
1099,Кемеровская область,СФО,Чебулинский муниципальный округ,муниципальный округ,K3,K3,—,стабильный
1100,Кемеровская область,СФО,Юргинский муниципальный округ,муниципальный округ,K5,K5,—,стабильный
1101,Кемеровская область,СФО,Яйский муниципальный округ,муниципальный округ,K3,K5,—,снижение
1102,Кемеровская область,СФО,Яшкинский муниципальный округ,муниципальный округ,K3,K3,—,стабильный
1103,Кемеровская область,СФО,городской округ Анжеро-Судженский,городской округ,K3,K1,—,рост
1104,Кемеровская область,СФО,городской округ Беловский,городской округ,K1,K1,—,стабильный
1105,Кемеровская область,СФО,городской округ Березовский,городской округ,K3,K3,—,стабильный
1106,Кемеровская область,СФО,городской округ Калтанский,городской округ,K3,K3,—,стабильный
1107,Кемеровская область,СФО,городской округ Кемеровский,городской округ,K1,K1,—,стабильный
1108,Кемеровская область,СФО,городской округ Киселевский,городской округ,K4,K1,—,рост
1109,Кемеровская область,СФО,городской округ Ленинск-Кузнецкий,городской округ,K1,K1,—,стабильный
1110,Кемеровская область,СФО,городской округ Междуреченский,городской округ,K2,K2,—,стабильный
1111,Кемеровская область,СФО,городской округ Мысковский,городской округ,K2,K2,—,стабильный
1112,Кемеровская область,СФО,городской округ Новокузнецкий,городской округ,K1,K1,—,стабильный
1113,Кемеровская область,СФО,городской округ Осинниковский,городской округ,K3,K3,—,стабильный
1114,Кемеровская область,СФО,городской округ Полысаевский,городской округ,K1,K1,—,стабильный
1115,Кемеровская область,СФО,городской округ Прокопьевский,городской округ,K3,K3,—,стабильный
1116,Кемеровская область,СФО,городской округ Тайгинский,городской округ,K3,K3,—,стабильный
1117,Кемеровская область,СФО,городской округ Юргинский,городской округ,K4,K3,—,рост
1118,Красноярский край,СФО,Абанский муниципальный район,муниципальный район,—,K5,K5,стабильный
1119,Красноярский край,СФО,Ачинский муниципальный район,муниципальный район,K3,K4,K3,колебание
1120,Красноярский край,СФО,Балахтинский муниципальный район,муниципальный район,K3,K3,K3,стабильный
1121,Красноярский край,СФО,Березовский муниципальный район,муниципальный район,K4,K4,K4,стабильный
1122,Красноярский край,СФО,Бирилюсский муниципальный район,муниципальный район,K5,K5,K5,стабильный
1123,Красноярский край,СФО,Боготольский муниципальный район,муниципальный район,K5,K5,K5,стабильный
1124,Красноярский край,СФО,Богучанский муниципальный район,муниципальный район,K1,K1,K1,стабильный
1125,Красноярский край,СФО,Большемуртинский муниципальный район,муниципальный район,K3,K3,K3,стабильный
1126,Красноярский край,СФО,Большеулуйский муниципальный район,муниципальный район,K1,K1,K1,стабильный
1127,Красноярский край,СФО,Дзержинский муниципальный район,муниципальный район,K5,K5,K3,рост
1128,Красноярский край,СФО,Емельяновский муниципальный район,муниципальный район,K2,K4,K2,колебание
1129,Красноярский край,СФО,Енисейский муниципальный район,муниципальный район,K3,K5,K3,колебание
1130,Красноярский край,СФО,Ермаковский муниципальный район,муниципальный район,K5,K5,K5,стабильный
1131,Красноярский край,СФО,Идринский муниципальный район,муниципальный район,K5,K5,K5,стабильный
1132,Красноярский край,СФО,Иланский муниципальный район,муниципальный район,—,K3,K3,стабильный
1133,Красноярский край,СФО,Ирбейский муниципальный район,муниципальный район,K4,K3,K3,рост
1134,Красноярский край,СФО,Казачинский муниципальный район,муниципальный район,K5,K5,K5,стабильный
1135,Красноярский край,СФО,Канский муниципальный район,муниципальный район,K4,K3,K3,рост
1136,Красноярский край,СФО,Каратузский муниципальный район,муниципальный район,K5,K5,K3,рост
1137,Красноярский край,СФО,Кежемский муниципальный район,муниципальный район,K1,K1,K2,снижение
1138,Красноярский край,СФО,Козульский муниципальный район,муниципальный район,K3,K3,K5,снижение
1139,Красноярский край,СФО,Краснотуранский муниципальный район,муниципальный район,K3,K3,K3,стабильный
1140,Красноярский край,СФО,Курагинский муниципальный район,муниципальный район,K3,K3,K3,стабильный
1141,Красноярский край,СФО,Манский муниципальный район,муниципальный район,K3,K5,K5,снижение
1142,Красноярский край,СФО,Минусинский муниципальный район,муниципальный район,K3,K3,K3,стабильный
1143,Красноярский край,СФО,Мотыгинский муниципальный район,муниципальный район,K1,K1,K2,снижение
1144,Красноярский край,СФО,Назаровский муниципальный район,муниципальный район,K3,K3,K3,стабильный
1145,Красноярский край,СФО,Нижнеингашский муниципальный район,муниципальный район,K3,K3,K3,стабильный
1146,Красноярский край,СФО,Новоселовский муниципальный район,муниципальный район,K3,K3,K3,стабильный
1147,Красноярский край,СФО,Партизанский муниципальный район,муниципальный район,K3,K3,K3,стабильный
1148,Красноярский край,СФО,Пировский муниципальный округ,муниципальный округ,K5,K5,—,стабильный
1149,Красноярский край,СФО,Рыбинский муниципальный район,муниципальный район,K4,K3,K3,рост
1150,Красноярский край,СФО,Саянский муниципальный район,муниципальный район,K3,K5,K5,снижение
1151,Красноярский край,СФО,Северо-Енисейский муниципальный район,муниципальный район,K2,K2,K2,стабильный
1152,Красноярский край,СФО,Сухобузимский муниципальный район,муниципальный район,K3,K3,K3,стабильный
1153,Красноярский край,СФО,Таймырский Долгано-Ненецкий муниципальный район,муниципальный район,K1,K1,K1,стабильный
1154,Красноярский край,СФО,Тасеевский муниципальный район,муниципальный район,K5,K5,K5,стабильный
1155,Красноярский край,СФО,Туруханский муниципальный район,муниципальный район,—,K1,K2,снижение
1156,Красноярский край,СФО,Тюхтетский муниципальный округ,муниципальный округ,K5,K5,—,стабильный
1157,Красноярский край,СФО,Ужурский муниципальный район,муниципальный район,K3,K3,K3,стабильный
1158,Красноярский край,СФО,Уярский муниципальный район,муниципальный район,K3,K3,K3,стабильный
1159,Красноярский край,СФО,Шарыповский муниципальный округ,муниципальный округ,K2,K2,—,стабильный
1160,Красноярский край,СФО,Шушенский муниципальный район,муниципальный район,K3,K3,K3,стабильный
1161,Красноярский край,СФО,Эвенкийский муниципальный район,муниципальный район,K1,K1,K1,стабильный
1162,Красноярский край,СФО,городской округ город Ачинск,городской округ,K2,K4,K1,колебание
1163,Красноярский край,СФО,городской округ город Боготол,городской округ,K4,K4,K4,стабильный
1164,Красноярский край,СФО,городской округ город Бородино,городской округ,K2,K4,K4,снижение
1165,Красноярский край,СФО,городской округ город Дивногорск,городской округ,K2,K1,K1,рост
1166,Красноярский край,СФО,городской округ город Енисейск,городской округ,K2,K3,K3,снижение
1167,Красноярский край,СФО,городской округ город Канск,городской округ,K4,K4,K4,стабильный
1168,Красноярский край,СФО,городской округ город Красноярск,городской округ,K2,K2,K2,стабильный
1169,Красноярский край,СФО,городской округ город Лесосибирск,городской округ,K2,K4,K3,колебание
1170,Красноярский край,СФО,городской округ город Минусинск,городской округ,K4,K3,K4,колебание
1171,Красноярский край,СФО,городской округ город Назарово,городской округ,K4,K4,K4,стабильный
1172,Красноярский край,СФО,городской округ город Норильск,городской округ,K2,K2,K2,стабильный
1173,Красноярский край,СФО,городской округ город Сосновоборск,городской округ,K4,K4,K3,рост
1174,Красноярский край,СФО,городской округ город Шарыпово,городской округ,K4,K5,K3,колебание
1175,Красноярский край,СФО,городской округ поселок Кедровый,городской округ,—,K5,K5,стабильный
1176,Новосибирская область,СФО,Баганский муниципальный район,муниципальный район,K3,K3,—,стабильный
1177,Новосибирская область,СФО,Барабинский муниципальный район,муниципальный район,K3,K3,—,стабильный
1178,Новосибирская область,СФО,Болотнинский муниципальный район,муниципальный район,K5,K3,—,рост
1179,Новосибирская область,СФО,Венгеровский муниципальный район,муниципальный район,K3,K3,—,стабильный
1180,Новосибирская область,СФО,Доволенский муниципальный район,муниципальный район,K5,K5,—,стабильный
1181,Новосибирская область,СФО,Здвинский муниципальный район,муниципальный район,K5,K5,—,стабильный
1182,Новосибирская область,СФО,Искитимский муниципальный район,муниципальный район,K4,K1,—,рост
1183,Новосибирская область,СФО,Карасукский муниципальный район,муниципальный район,K3,K3,—,стабильный
1184,Новосибирская область,СФО,Каргатский муниципальный район,муниципальный район,K3,K3,—,стабильный
1185,Новосибирская область,СФО,Колыванский муниципальный район,муниципальный район,K5,K3,—,рост
1186,Новосибирская область,СФО,Коченевский муниципальный район,муниципальный район,K3,K3,—,стабильный
1187,Новосибирская область,СФО,Кочковский муниципальный район,муниципальный район,K3,K5,—,снижение
1188,Новосибирская область,СФО,Краснозерский муниципальный район,муниципальный район,K5,K3,—,рост
1189,Новосибирская область,СФО,Куйбышевский муниципальный район,муниципальный район,K5,K4,—,рост
1190,Новосибирская область,СФО,Купинский муниципальный район,муниципальный район,K3,K3,—,стабильный
1191,Новосибирская область,СФО,Кыштовский муниципальный район,муниципальный район,K5,K5,—,стабильный
1192,Новосибирская область,СФО,Маслянинский муниципальный район,муниципальный район,K3,K3,—,стабильный
1193,Новосибирская область,СФО,Мошковский муниципальный район,муниципальный район,K5,K3,—,рост
1194,Новосибирская область,СФО,Новосибирский муниципальный район,муниципальный район,K4,K1,—,рост
1195,Новосибирская область,СФО,Ордынский муниципальный район,муниципальный район,K3,K3,—,стабильный
1196,Новосибирская область,СФО,Северный муниципальный район,муниципальный район,K3,K3,—,стабильный
1197,Новосибирская область,СФО,Сузунский муниципальный район,муниципальный район,K3,K3,—,стабильный
1198,Новосибирская область,СФО,Татарский муниципальный район,муниципальный район,K3,K3,—,стабильный
1199,Новосибирская область,СФО,Тогучинский муниципальный район,муниципальный район,K4,K3,—,рост
1200,Новосибирская область,СФО,Убинский муниципальный район,муниципальный район,K5,K5,—,стабильный
1201,Новосибирская область,СФО,Усть-Таркский муниципальный район,муниципальный район,K3,K3,—,стабильный
1202,Новосибирская область,СФО,Чановский муниципальный район,муниципальный район,K3,K3,—,стабильный
1203,Новосибирская область,СФО,Черепановский муниципальный район,муниципальный район,K3,K3,—,стабильный
1204,Новосибирская область,СФО,Чистоозерный муниципальный район,муниципальный район,K5,K5,—,стабильный
1205,Новосибирская область,СФО,Чулымский муниципальный район,муниципальный район,K4,K3,—,рост
1206,Новосибирская область,СФО,городской округ город Бердск,городской округ,K4,K4,—,стабильный
1207,Новосибирская область,СФО,городской округ город Искитим,городской округ,K4,K4,—,стабильный
1208,Новосибирская область,СФО,городской округ город Новосибирск,городской округ,K2,K2,—,стабильный
1209,Новосибирская область,СФО,городской округ город Обь,городской округ,—,K1,—,нет данных
1210,Новосибирская область,СФО,городской округ рабочий поселок Кольцово,городской округ,K1,K1,—,стабильный
1211,Омская область,СФО,Азовский немецкий национальный муниципальный район,муниципальный район,K3,K3,K3,стабильный
1212,Омская область,СФО,Большереченский муниципальный район,муниципальный район,K5,K3,K5,колебание
1213,Омская область,СФО,Большеуковский муниципальный район,муниципальный район,K5,K5,K5,стабильный
1214,Омская область,СФО,Горьковский муниципальный район,муниципальный район,K5,K5,K5,стабильный
1215,Омская область,СФО,Знаменский муниципальный район,муниципальный район,K5,K5,K5,стабильный
1216,Омская область,СФО,Исилькульский муниципальный район,муниципальный район,K3,K3,K3,стабильный
1217,Омская область,СФО,Калачинский муниципальный район,муниципальный район,K3,K3,K3,стабильный
1218,Омская область,СФО,Колосовский муниципальный район,муниципальный район,K5,K5,K5,стабильный
1219,Омская область,СФО,Кормиловский муниципальный район,муниципальный район,K3,K3,K3,стабильный
1220,Омская область,СФО,Крутинский муниципальный район,муниципальный район,K3,K5,K3,колебание
1221,Омская область,СФО,Любинский муниципальный район,муниципальный район,K3,K3,K3,стабильный
1222,Омская область,СФО,Марьяновский муниципальный район,муниципальный район,K5,K3,K3,рост
1223,Омская область,СФО,Москаленский муниципальный район,муниципальный район,K3,K5,K3,колебание
1224,Омская область,СФО,Муромцевский муниципальный район,муниципальный район,K5,K5,K5,стабильный
1225,Омская область,СФО,Называевский муниципальный район,муниципальный район,K5,K5,K5,стабильный
1226,Омская область,СФО,Нижнеомский муниципальный район,муниципальный район,K5,K5,K5,стабильный
1227,Омская область,СФО,Нововаршавский муниципальный район,муниципальный район,K5,K3,K3,рост
1228,Омская область,СФО,Одесский муниципальный район,муниципальный район,K5,K3,K3,рост
1229,Омская область,СФО,Оконешниковский муниципальный район,муниципальный район,K5,K5,K5,стабильный
1230,Омская область,СФО,Омский муниципальный район,муниципальный район,K3,K3,K3,стабильный
1231,Омская область,СФО,Павлоградский муниципальный район,муниципальный район,K3,K3,K3,стабильный
1232,Омская область,СФО,Полтавский муниципальный район,муниципальный район,K3,K3,K3,стабильный
1233,Омская область,СФО,Русско-Полянский муниципальный район,муниципальный район,K3,K3,K3,стабильный
1234,Омская область,СФО,Саргатский муниципальный район,муниципальный район,K5,K5,K5,стабильный
1235,Омская область,СФО,Седельниковский муниципальный район,муниципальный район,K5,K5,K5,стабильный
1236,Омская область,СФО,Таврический муниципальный район,муниципальный район,K3,K5,K5,снижение
1237,Омская область,СФО,Тарский муниципальный район,муниципальный район,K3,K3,K3,стабильный
1238,Омская область,СФО,Тевризский муниципальный район,муниципальный район,K5,K5,K5,стабильный
1239,Омская область,СФО,Тюкалинский муниципальный район,муниципальный район,K5,K5,K3,рост
1240,Омская область,СФО,Усть-Ишимский муниципальный район,муниципальный район,K5,K5,K5,стабильный
1241,Омская область,СФО,Черлакский муниципальный район,муниципальный район,K5,K5,K5,стабильный
1242,Омская область,СФО,Шербакульский муниципальный район,муниципальный район,K3,K5,K5,снижение
1243,Омская область,СФО,городской округ город Омск,городской округ,K2,K2,K2,стабильный
1244,Республика Алтай,СФО,Кош-Агачский муниципальный район,муниципальный район,K3,K5,K5,снижение
1245,Республика Алтай,СФО,Майминский муниципальный район,муниципальный район,K3,K4,K2,колебание
1246,Республика Алтай,СФО,Онгудайский муниципальный район,муниципальный район,K3,K3,K3,стабильный
1247,Республика Алтай,СФО,Турочакский муниципальный район,муниципальный район,K5,K5,K4,рост
1248,Республика Алтай,СФО,Улаганский муниципальный район,муниципальный район,K5,K5,K5,стабильный
1249,Республика Алтай,СФО,Усть-Канский муниципальный район,муниципальный район,K5,K5,K5,стабильный
1250,Республика Алтай,СФО,Усть-Коксинский муниципальный район,муниципальный район,K5,K3,K5,колебание
1251,Республика Алтай,СФО,Чемальский муниципальный район,муниципальный район,—,K4,K4,стабильный
1252,Республика Алтай,СФО,Чойский муниципальный район,муниципальный район,K3,K5,K3,колебание
1253,Республика Алтай,СФО,Шебалинский муниципальный район,муниципальный район,K5,K5,K5,стабильный
1254,Республика Алтай,СФО,городской округ город Горно-Алтайск,городской округ,K4,K4,K2,рост
1255,Республика Тыва,СФО,Бай-Тайгинский муниципальный район,муниципальный район,—,K5,K5,стабильный
1256,Республика Тыва,СФО,Барун-Хемчикский муниципальный район,муниципальный район,—,K5,K5,стабильный
1257,Республика Тыва,СФО,Дзун-Хемчикский муниципальный район,муниципальный район,—,K5,K5,стабильный
1258,Республика Тыва,СФО,Каа-Хемский муниципальный район,муниципальный район,—,K3,K4,снижение
1259,Республика Тыва,СФО,Кызылский муниципальный район,муниципальный район,—,K4,K5,снижение
1260,Республика Тыва,СФО,Монгун-Тайгинский муниципальный район,муниципальный район,—,K5,—,нет данных
1261,Республика Тыва,СФО,Овюрский муниципальный район,муниципальный район,—,K5,K5,стабильный
1262,Республика Тыва,СФО,Пий-Хемский муниципальный район,муниципальный район,—,K5,K3,рост
1263,Республика Тыва,СФО,Сут-Хольский муниципальный район,муниципальный район,—,K5,K5,стабильный
1264,Республика Тыва,СФО,Тандинский муниципальный район,муниципальный район,—,K4,K5,снижение
1265,Республика Тыва,СФО,Тере-Хольский муниципальный район,муниципальный район,—,K5,K3,рост
1266,Республика Тыва,СФО,Тес-Хемский муниципальный район,муниципальный район,—,K5,K5,стабильный
1267,Республика Тыва,СФО,Тоджинский муниципальный район,муниципальный район,—,K2,K1,рост
1268,Республика Тыва,СФО,Улуг-Хемский муниципальный район,муниципальный район,—,K5,K5,стабильный
1269,Республика Тыва,СФО,Чаа-Хольский муниципальный район,муниципальный район,—,K5,K5,стабильный
1270,Республика Тыва,СФО,Чеди-Хольский муниципальный район,муниципальный район,—,K5,K2,рост
1271,Республика Тыва,СФО,Эрзинский муниципальный район,муниципальный район,—,K5,—,нет данных
1272,Республика Тыва,СФО,городской округ город Ак-Довурак,городской округ,—,K5,K5,стабильный
1273,Республика Тыва,СФО,городской округ город Кызыл,городской округ,—,K2,K2,стабильный
1274,Республика Хакасия,СФО,Алтайский муниципальный район,муниципальный район,K4,K1,K1,рост
1275,Республика Хакасия,СФО,Аскизский муниципальный район,муниципальный район,K3,K3,K3,стабильный
1276,Республика Хакасия,СФО,Бейский муниципальный район,муниципальный район,K3,K4,K3,колебание
1277,Республика Хакасия,СФО,Боградский муниципальный район,муниципальный район,K5,K5,K5,стабильный
1278,Республика Хакасия,СФО,Орджоникидзевский муниципальный район,муниципальный район,K3,K5,K5,снижение
1279,Республика Хакасия,СФО,Таштыпский муниципальный район,муниципальный район,K3,K3,K3,стабильный
1280,Республика Хакасия,СФО,Усть-Абаканский муниципальный район,муниципальный район,K3,K4,K3,колебание
1281,Республика Хакасия,СФО,Ширинский муниципальный район,муниципальный район,K3,K3,K3,стабильный
1282,Республика Хакасия,СФО,городской округ город Абаза,городской округ,K4,K3,K3,рост
1283,Республика Хакасия,СФО,городской округ город Абакан,городской округ,K2,K2,K2,стабильный
1284,Республика Хакасия,СФО,городской округ город Саяногорск,городской округ,K2,K1,K1,рост
1285,Республика Хакасия,СФО,городской округ город Сорск,городской округ,K3,K3,K3,стабильный
1286,Республика Хакасия,СФО,городской округ город Черногорск,городской округ,K4,K4,K1,рост
1287,Томская область,СФО,Александровский муниципальный район,муниципальный район,K1,K1,K1,стабильный
1288,Томская область,СФО,Асиновский муниципальный район,муниципальный район,K3,K3,K3,стабильный
1289,Томская область,СФО,Бакчарский муниципальный район,муниципальный район,K5,K5,K5,стабильный
1290,Томская область,СФО,Верхнекетский муниципальный район,муниципальный район,K5,K5,K5,стабильный
1291,Томская область,СФО,Зырянский муниципальный район,муниципальный район,K5,K3,K5,колебание
1292,Томская область,СФО,Каргасокский муниципальный район,муниципальный район,K1,K1,K1,стабильный
1293,Томская область,СФО,Кожевниковский муниципальный район,муниципальный район,K3,K3,K3,стабильный
1294,Томская область,СФО,Колпашевский муниципальный район,муниципальный район,K3,K5,K3,колебание
1295,Томская область,СФО,Кривошеинский муниципальный район,муниципальный район,K3,K3,K3,стабильный
1296,Томская область,СФО,Молчановский муниципальный район,муниципальный район,K5,K5,K3,рост
1297,Томская область,СФО,Парабельский муниципальный район,муниципальный район,K1,K1,K1,стабильный
1298,Томская область,СФО,Первомайский муниципальный район,муниципальный район,K3,K3,K3,стабильный
1299,Томская область,СФО,Тегульдетский муниципальный район,муниципальный район,K3,K3,K3,стабильный
1300,Томская область,СФО,Томский муниципальный район,муниципальный район,K3,K3,K3,стабильный
1301,Томская область,СФО,Чаинский муниципальный район,муниципальный район,K5,K5,K5,стабильный
1302,Томская область,СФО,Шегарский муниципальный район,муниципальный район,K3,K3,K3,стабильный
1303,Томская область,СФО,городской округ город Кедровый,городской округ,K5,—,K5,стабильный
1304,Томская область,СФО,городской округ город Стрежевой,городской округ,K1,K1,K1,стабильный
1305,Томская область,СФО,городской округ город Томск,городской округ,K2,K4,K1,колебание
1306,Курганская область,УФО,Альменевский муниципальный округ,муниципальный округ,K5,K5,K5,стабильный
1307,Курганская область,УФО,Белозерский муниципальный округ,муниципальный округ,K5,K2,K5,колебание
1308,Курганская область,УФО,Варгашинский муниципальный округ,муниципальный округ,K5,K3,K3,рост
1309,Курганская область,УФО,Далматовский муниципальный округ,муниципальный округ,K3,K3,K3,стабильный
1310,Курганская область,УФО,Звериноголовский муниципальный округ,муниципальный округ,K5,K5,K5,стабильный
1311,Курганская область,УФО,Каргапольский муниципальный округ,муниципальный округ,K3,K5,K3,колебание
1312,Курганская область,УФО,Катайский муниципальный округ,муниципальный округ,K3,K5,K3,колебание
1313,Курганская область,УФО,Кетовский муниципальный округ,муниципальный округ,K5,K5,K3,рост
1314,Курганская область,УФО,Куртамышский муниципальный округ,муниципальный округ,K5,K5,K3,рост
1315,Курганская область,УФО,Лебяжьевский муниципальный округ,муниципальный округ,K5,K5,K5,стабильный
1316,Курганская область,УФО,Мишкинский муниципальный округ,муниципальный округ,K5,K3,K3,рост
1317,Курганская область,УФО,Мокроусовский муниципальный округ,муниципальный округ,K5,K5,K5,стабильный
1318,Курганская область,УФО,Петуховский муниципальный округ,муниципальный округ,K5,K5,K5,стабильный
1319,Курганская область,УФО,Половинский муниципальный округ,муниципальный округ,K5,K5,K5,стабильный
1320,Курганская область,УФО,Притобольный муниципальный округ,муниципальный округ,K5,K5,K5,стабильный
1321,Курганская область,УФО,Сафакулевский муниципальный округ,муниципальный округ,K5,K3,K3,рост
1322,Курганская область,УФО,Целинный муниципальный округ,муниципальный округ,K5,K2,K5,колебание
1323,Курганская область,УФО,Частоозерский муниципальный округ,муниципальный округ,K5,K5,K5,стабильный
1324,Курганская область,УФО,Шадринский муниципальный округ,муниципальный округ,K5,K5,K3,рост
1325,Курганская область,УФО,Шатровский муниципальный округ,муниципальный округ,K3,K2,K5,колебание
1326,Курганская область,УФО,Щучанский муниципальный округ,муниципальный округ,K2,K3,K3,снижение
1327,Курганская область,УФО,Юргамышский муниципальный округ,муниципальный округ,K3,K3,K3,стабильный
1328,Курганская область,УФО,городской округ город Курган,городской округ,K2,K4,K1,колебание
1329,Курганская область,УФО,городской округ город Шадринск,городской округ,K4,K3,K3,рост
1330,Курганская область,УФО,муниципальный округ Макушинский,муниципальный округ,K5,K5,K5,стабильный
1331,Курганская область,УФО,муниципальный округ Шумихинский,муниципальный округ,K5,K5,K3,рост
1332,Свердловская область,УФО,Байкаловский муниципальный район,муниципальный район,K3,K3,K3,стабильный
1333,Свердловская область,УФО,Камышловский муниципальный район,муниципальный район,K3,K3,K3,стабильный
1334,Свердловская область,УФО,Нижнесергинский муниципальный район,муниципальный район,K3,K3,K3,стабильный
1335,Свердловская область,УФО,Слободо-Туринский муниципальный район,муниципальный район,K5,K5,K5,стабильный
1336,Свердловская область,УФО,Таборинский муниципальный район,муниципальный район,K2,K5,K5,снижение
1337,Свердловская область,УФО,городской округ Алапаевское,городской округ,K3,K3,K3,стабильный
1338,Свердловская область,УФО,городской округ Арамильский,городской округ,—,K3,K1,рост
1339,Свердловская область,УФО,городской округ Артемовский,городской округ,K3,K3,K3,стабильный
1340,Свердловская область,УФО,городской округ Артинский,городской округ,K5,K5,K3,рост
1341,Свердловская область,УФО,городской округ Асбестовский,городской округ,K4,K4,K1,рост
1342,Свердловская область,УФО,городской округ Ачитский,городской округ,K5,K5,K3,рост
1343,Свердловская область,УФО,городской округ Белоярский,городской округ,K3,K4,K4,снижение
1344,Свердловская область,УФО,городской округ Березовский,городской округ,K4,K1,K1,рост
1345,Свердловская область,УФО,городской округ Бисертский,городской округ,K5,K5,K5,стабильный
1346,Свердловская область,УФО,городской округ Богданович,городской округ,K3,K3,K3,стабильный
1347,Свердловская область,УФО,городской округ Верх-Нейвинский,городской округ,K2,K1,K2,колебание
1348,Свердловская область,УФО,городской округ Верхнее Дуброво,городской округ,K4,K3,K3,рост
1349,Свердловская область,УФО,городской округ Верхнесалдинский,городской округ,K1,K1,K1,стабильный
1350,Свердловская область,УФО,городской округ Верхний Тагил,городской округ,K1,K3,K3,снижение
1351,Свердловская область,УФО,городской округ Верхняя Пышма,городской округ,K1,K1,K1,стабильный
1352,Свердловская область,УФО,городской округ Верхняя Тура,городской округ,K3,K3,K3,стабильный
1353,Свердловская область,УФО,городской округ Верхотурский,городской округ,K5,K5,K3,рост
1354,Свердловская область,УФО,городской округ Волчанский,городской округ,K3,K5,K3,колебание
1355,Свердловская область,УФО,городской округ Гаринский,городской округ,K5,K3,K3,рост
1356,Свердловская область,УФО,городской округ Горноуральский,городской округ,K5,K5,K3,рост
1357,Свердловская область,УФО,городской округ Дегтярск,городской округ,K5,K5,K5,стабильный
1358,Свердловская область,УФО,городской округ Заречный,городской округ,K1,K1,K1,стабильный
1359,Свердловская область,УФО,городской округ Ивдельский,городской округ,K3,K4,K1,колебание
1360,Свердловская область,УФО,городской округ Ирбитское,городской округ,K3,K3,K3,стабильный
1361,Свердловская область,УФО,городской округ Каменский,городской округ,K4,K3,K3,рост
1362,Свердловская область,УФО,городской округ Камышловский,городской округ,K3,K3,K3,стабильный
1363,Свердловская область,УФО,городской округ Карпинск,городской округ,K3,K3,K3,стабильный
1364,Свердловская область,УФО,городской округ Качканарский,городской округ,K2,K1,K1,рост
1365,Свердловская область,УФО,городской округ Кировградский,городской округ,K3,K3,K3,стабильный
1366,Свердловская область,УФО,городской округ Краснотурьинск,городской округ,K1,K3,K1,колебание
1367,Свердловская область,УФО,городской округ Красноуральск,городской округ,K3,K1,K1,рост
1368,Свердловская область,УФО,городской округ Красноуфимск,городской округ,K3,K3,K3,стабильный
1369,Свердловская область,УФО,городской округ Красноуфимский округ,городской округ,K3,K5,K3,колебание
1370,Свердловская область,УФО,городской округ Кушвинский,городской округ,K3,K3,K1,рост
1371,Свердловская область,УФО,городской округ Малышевский,городской округ,K5,K3,K3,рост
1372,Свердловская область,УФО,городской округ Махнёвское,городской округ,K4,K5,K5,снижение
1373,Свердловская область,УФО,городской округ Невьянский,городской округ,K3,K3,K3,стабильный
1374,Свердловская область,УФО,городской округ Нижнетуринский,городской округ,K1,K3,K3,снижение
1375,Свердловская область,УФО,городской округ Нижняя Салда,городской округ,K2,K3,K3,снижение
1376,Свердловская область,УФО,городской округ Новолялинский,городской округ,K5,K5,K5,стабильный
1377,Свердловская область,УФО,городской округ Пелым,городской округ,K2,K3,K3,снижение
1378,Свердловская область,УФО,городской округ Первоуральск,городской округ,K4,K2,K1,рост
1379,Свердловская область,УФО,городской округ Полевской,городской округ,K1,K1,K1,стабильный
1380,Свердловская область,УФО,городской округ Пышминский,городской округ,K3,K3,K3,стабильный
1381,Свердловская область,УФО,городской округ Ревда,городской округ,K4,K1,K1,рост
1382,Свердловская область,УФО,городской округ Режевской,городской округ,K3,K3,K3,стабильный
1383,Свердловская область,УФО,городской округ Рефтинский,городской округ,K2,K1,K1,рост
1384,Свердловская область,УФО,городской округ Североуральский,городской округ,K1,K3,K1,колебание
1385,Свердловская область,УФО,городской округ Серовский,городской округ,K4,K3,K3,рост
1386,Свердловская область,УФО,городской округ Сосьвинский,городской округ,K5,K5,K3,рост
1387,Свердловская область,УФО,городской округ Среднеуральск,городской округ,K2,K1,K1,рост
1388,Свердловская область,УФО,городской округ Староуткинск,городской округ,K5,K5,K5,стабильный
1389,Свердловская область,УФО,городской округ Сухой Лог,городской округ,K3,K3,K1,рост
1390,Свердловская область,УФО,городской округ Сысертский,городской округ,K4,K4,K4,стабильный
1391,Свердловская область,УФО,городской округ Тавдинский,городской округ,K5,K5,K5,стабильный
1392,Свердловская область,УФО,городской округ Талицкий,городской округ,K3,K3,K3,стабильный
1393,Свердловская область,УФО,городской округ Тугулымский,городской округ,K5,K5,K5,стабильный
1394,Свердловская область,УФО,городской округ Туринский,городской округ,K3,K3,K3,стабильный
1395,Свердловская область,УФО,городской округ Шалинский,городской округ,K4,K5,K5,снижение
1396,Свердловская область,УФО,городской округ город Алапаевск,городской округ,K3,K3,K3,стабильный
1397,Свердловская область,УФО,городской округ город Екатеринбург,городской округ,K2,K2,K2,стабильный
1398,Свердловская область,УФО,городской округ город Ирбит,городской округ,K3,K3,K3,стабильный
1399,Свердловская область,УФО,городской округ город Каменск-Уральский,городской округ,K2,K1,K1,рост
1400,Свердловская область,УФО,городской округ город Нижний Тагил,городской округ,K2,K1,K1,рост
1401,Тюменская область,УФО,Абатский муниципальный район,муниципальный район,K3,K5,K5,снижение
1402,Тюменская область,УФО,Армизонский муниципальный район,муниципальный район,K5,K5,K5,стабильный
1403,Тюменская область,УФО,Аромашевский муниципальный район,муниципальный район,K5,K5,K5,стабильный
1404,Тюменская область,УФО,Бердюжский муниципальный район,муниципальный район,K3,K3,K3,стабильный
1405,Тюменская область,УФО,Вагайский муниципальный район,муниципальный район,K3,K5,K3,колебание
1406,Тюменская область,УФО,Викуловский муниципальный район,муниципальный район,K3,K5,K5,снижение
1407,Тюменская область,УФО,Исетский муниципальный район,муниципальный район,K3,K3,K3,стабильный
1408,Тюменская область,УФО,Ишимский муниципальный район,муниципальный район,K3,K3,K3,стабильный
1409,Тюменская область,УФО,Казанский муниципальный район,муниципальный район,K3,K3,K3,стабильный
1410,Тюменская область,УФО,Нижнетавдинский муниципальный район,муниципальный район,K3,K3,K3,стабильный
1411,Тюменская область,УФО,Омутинский муниципальный район,муниципальный район,K3,K3,K3,стабильный
1412,Тюменская область,УФО,Сладковский муниципальный район,муниципальный район,K3,K3,K3,стабильный
1413,Тюменская область,УФО,Сорокинский муниципальный район,муниципальный район,K3,K3,K5,снижение
1414,Тюменская область,УФО,Тобольский муниципальный район,муниципальный район,K3,K3,K3,стабильный
1415,Тюменская область,УФО,Тюменский муниципальный район,муниципальный район,K3,K3,K3,стабильный
1416,Тюменская область,УФО,Уватский муниципальный район,муниципальный район,K1,K1,K1,стабильный
1417,Тюменская область,УФО,Упоровский муниципальный район,муниципальный район,K3,K3,K3,стабильный
1418,Тюменская область,УФО,Юргинский муниципальный район,муниципальный район,K5,K5,K5,стабильный
1419,Тюменская область,УФО,Ялуторовский муниципальный район,муниципальный район,K3,K3,K3,стабильный
1420,Тюменская область,УФО,Ярковский муниципальный район,муниципальный район,K3,K3,K3,стабильный
1421,Тюменская область,УФО,городской округ Заводоуковский,городской округ,K3,K3,K3,стабильный
1422,Тюменская область,УФО,городской округ город Ишим,городской округ,K3,K3,K3,стабильный
1423,Тюменская область,УФО,городской округ город Тобольск,городской округ,K3,K1,K1,рост
1424,Тюменская область,УФО,городской округ город Тюмень,городской округ,K1,K1,K2,снижение
1425,Тюменская область,УФО,городской округ город Ялуторовск,городской округ,K3,K3,K3,стабильный
1426,Ханты-Мансийский автономный округ — Югра,УФО,Белоярский муниципальный район,муниципальный район,K1,K1,K1,стабильный
1427,Ханты-Мансийский автономный округ — Югра,УФО,Березовский муниципальный район,муниципальный район,K1,K3,K3,снижение
1428,Ханты-Мансийский автономный округ — Югра,УФО,Кондинский муниципальный район,муниципальный район,K1,K1,K1,стабильный
1429,Ханты-Мансийский автономный округ — Югра,УФО,Нефтеюганский муниципальный район,муниципальный район,K1,K2,K1,колебание
1430,Ханты-Мансийский автономный округ — Югра,УФО,Нижневартовский муниципальный район,муниципальный район,K1,K1,K2,снижение
1431,Ханты-Мансийский автономный округ — Югра,УФО,Октябрьский муниципальный район,муниципальный район,K1,K1,K1,стабильный
1432,Ханты-Мансийский автономный округ — Югра,УФО,Советский муниципальный район,муниципальный район,K1,K1,K1,стабильный
1433,Ханты-Мансийский автономный округ — Югра,УФО,Сургутский муниципальный район,муниципальный район,K2,K2,K1,рост
1434,Ханты-Мансийский автономный округ — Югра,УФО,Ханты-Мансийский муниципальный район,муниципальный район,K1,K1,K1,стабильный
1435,Ханты-Мансийский автономный округ — Югра,УФО,городской округ город Когалым,городской округ,K2,K2,K1,рост
1436,Ханты-Мансийский автономный округ — Югра,УФО,городской округ город Лангепас,городской округ,K1,K1,K1,стабильный
1437,Ханты-Мансийский автономный округ — Югра,УФО,городской округ город Мегион,городской округ,K1,K1,K1,стабильный
1438,Ханты-Мансийский автономный округ — Югра,УФО,городской округ город Нефтеюганск,городской округ,K1,K2,K2,снижение
1439,Ханты-Мансийский автономный округ — Югра,УФО,городской округ город Нижневартовск,городской округ,K2,K1,K1,рост
1440,Ханты-Мансийский автономный округ — Югра,УФО,городской округ город Нягань,городской округ,K1,K1,K1,стабильный
1441,Ханты-Мансийский автономный округ — Югра,УФО,городской округ город Покачи,городской округ,K1,K1,K1,стабильный
1442,Ханты-Мансийский автономный округ — Югра,УФО,городской округ город Пыть-Ях,городской округ,K1,K2,K1,колебание
1443,Ханты-Мансийский автономный округ — Югра,УФО,городской округ город Радужный,городской округ,K1,K1,K1,стабильный
1444,Ханты-Мансийский автономный округ — Югра,УФО,городской округ город Сургут,городской округ,K2,K2,K2,стабильный
1445,Ханты-Мансийский автономный округ — Югра,УФО,городской округ город Урай,городской округ,K1,K1,K1,стабильный
1446,Ханты-Мансийский автономный округ — Югра,УФО,городской округ город Ханты-Мансийск,городской округ,K1,K1,K1,стабильный
1447,Ханты-Мансийский автономный округ — Югра,УФО,городской округ город Югорск,городской округ,K1,K1,K1,стабильный
1448,Челябинская область,УФО,Агаповский муниципальный район,муниципальный район,K3,K3,K3,стабильный
1449,Челябинская область,УФО,Аргаяшский муниципальный район,муниципальный район,K3,K3,K3,стабильный
1450,Челябинская область,УФО,Ашинский муниципальный район,муниципальный район,K3,K3,K3,стабильный
1451,Челябинская область,УФО,Брединский муниципальный район,муниципальный район,K5,K4,K5,колебание
1452,Челябинская область,УФО,Варненский муниципальный район,муниципальный район,K4,K2,K1,рост
1453,Челябинская область,УФО,Верхнеуральский муниципальный район,муниципальный район,K3,K4,K3,колебание
1454,Челябинская область,УФО,Еманжелинский муниципальный район,муниципальный район,K3,K3,K3,стабильный
1455,Челябинская область,УФО,Еткульский муниципальный район,муниципальный район,K3,K4,K3,колебание
1456,Челябинская область,УФО,Карталинский муниципальный район,муниципальный район,K3,K3,K3,стабильный
1457,Челябинская область,УФО,Каслинский муниципальный район,муниципальный район,K3,K3,K3,стабильный
1458,Челябинская область,УФО,Катав-Ивановский муниципальный район,муниципальный район,K3,K3,K3,стабильный
1459,Челябинская область,УФО,Кизильский муниципальный район,муниципальный район,K5,K5,K5,стабильный
1460,Челябинская область,УФО,Коркинский муниципальный округ,муниципальный округ,K3,K3,K3,стабильный
1461,Челябинская область,УФО,Красноармейский муниципальный район,муниципальный район,K3,K3,K3,стабильный
1462,Челябинская область,УФО,Кунашакский муниципальный район,муниципальный район,K4,K3,K3,рост
1463,Челябинская область,УФО,Нагайбакский муниципальный район,муниципальный район,K3,K3,K3,стабильный
1464,Челябинская область,УФО,Нязепетровский муниципальный район,муниципальный район,K3,K5,K3,колебание
1465,Челябинская область,УФО,Октябрьский муниципальный район,муниципальный район,K4,K3,K3,рост
1466,Челябинская область,УФО,Пластовский муниципальный район,муниципальный район,K4,K1,K1,рост
1467,Челябинская область,УФО,Саткинский муниципальный район,муниципальный район,K3,K3,K3,стабильный
1468,Челябинская область,УФО,Сосновский муниципальный район,муниципальный район,K3,K1,K1,рост
1469,Челябинская область,УФО,Троицкий муниципальный район,муниципальный район,K3,K5,K5,снижение
1470,Челябинская область,УФО,Увельский муниципальный район,муниципальный район,K3,K3,K3,стабильный
1471,Челябинская область,УФО,Уйский муниципальный район,муниципальный район,K5,K5,K5,стабильный
1472,Челябинская область,УФО,Чебаркульский муниципальный район,муниципальный район,K3,K3,K3,стабильный
1473,Челябинская область,УФО,Чесменский муниципальный район,муниципальный район,K5,K4,K3,рост
1474,Челябинская область,УФО,городской округ Верхнеуфалейский,городской округ,K3,K3,K3,стабильный
1475,Челябинская область,УФО,городской округ Карабашский,городской округ,K1,K3,K1,колебание
1476,Челябинская область,УФО,городской округ Копейский,городской округ,K3,K4,K3,колебание
1477,Челябинская область,УФО,городской округ Кыштымский,городской округ,K4,K3,K3,рост
1478,Челябинская область,УФО,городской округ Локомотивный,городской округ,—,K5,K5,стабильный
1479,Челябинская область,УФО,городской округ Магнитогорский,городской округ,K2,K1,K1,рост
1480,Челябинская область,УФО,городской округ Миасский,городской округ,K4,K4,K1,рост
1481,Челябинская область,УФО,городской округ Троицкий,городской округ,K4,K3,K3,рост
1482,Челябинская область,УФО,городской округ Усть-Катавский,городской округ,K3,K3,K3,стабильный
1483,Челябинская область,УФО,городской округ Чебаркульский,городской округ,K4,K4,K3,рост
1484,Челябинская область,УФО,городской округ Челябинский,городской округ,—,K1,K2,снижение
1485,Челябинская область,УФО,городской округ Южноуральский,городской округ,K3,K3,K4,снижение
1486,Ямало-Ненецкий автономный округ,УФО,городской округ город Муравленко,городской округ,K1,K3,K3,снижение
1487,Ямало-Ненецкий автономный округ,УФО,городской округ город Новый Уренгой,городской округ,K2,K1,K1,рост
1488,Ямало-Ненецкий автономный округ,УФО,городской округ город Ноябрьск,городской округ,K1,K1,K1,стабильный
1489,Ямало-Ненецкий автономный округ,УФО,городской округ город Салехард,городской округ,K1,K1,K1,стабильный
1490,Ямало-Ненецкий автономный округ,УФО,муниципальный округ Красноселькупский район,муниципальный округ,K1,K1,K1,стабильный
1491,Ямало-Ненецкий автономный округ,УФО,муниципальный округ Надымский район,муниципальный округ,K1,K1,K1,стабильный
1492,Ямало-Ненецкий автономный округ,УФО,муниципальный округ Тазовский район,муниципальный округ,K1,K1,K1,стабильный
1493,Ямало-Ненецкий автономный округ,УФО,муниципальный округ Шурышкарский район,муниципальный округ,K3,K3,K3,стабильный
1494,Ямало-Ненецкий автономный округ,УФО,муниципальный округ Ямальский район,муниципальный округ,K1,K1,K1,стабильный
1495,Белгородская область,ЦФО,Белгородский муниципальный район,муниципальный район,K4,K3,K4,колебание
1496,Белгородская область,ЦФО,Борисовский муниципальный район,муниципальный район,K4,K3,K1,рост
1497,Белгородская область,ЦФО,Вейделевский муниципальный район,муниципальный район,K4,K3,K3,рост
1498,Белгородская область,ЦФО,Волоконовский муниципальный район,муниципальный район,K4,K3,K3,рост
1499,Белгородская область,ЦФО,Ивнянский муниципальный район,муниципальный район,K3,K3,K1,рост
1500,Белгородская область,ЦФО,Корочанский муниципальный район,муниципальный район,K1,K3,K1,колебание
1501,Белгородская область,ЦФО,Красненский муниципальный район,муниципальный район,K3,K3,K3,стабильный
1502,Белгородская область,ЦФО,Красногвардейский муниципальный район,муниципальный район,K3,K3,K1,рост
1503,Белгородская область,ЦФО,Краснояружский муниципальный район,муниципальный район,K3,K3,K3,стабильный
1504,Белгородская область,ЦФО,Прохоровский муниципальный район,муниципальный район,K4,K1,K1,рост
1505,Белгородская область,ЦФО,Ракитянский муниципальный район,муниципальный район,K1,K3,K1,колебание
1506,Белгородская область,ЦФО,Ровеньский муниципальный район,муниципальный район,K4,K3,K3,рост
1507,Белгородская область,ЦФО,Чернянский муниципальный район,муниципальный район,K3,K3,K3,стабильный
1508,Белгородская область,ЦФО,городской округ Алексеевский,городской округ,K1,K1,K1,стабильный
1509,Белгородская область,ЦФО,городской округ Валуйский,городской округ,K4,K3,K4,колебание
1510,Белгородская область,ЦФО,городской округ Грайворонский,городской округ,K4,K3,K3,рост
1511,Белгородская область,ЦФО,городской округ Губкинский,городской округ,K2,K1,K1,рост
1512,Белгородская область,ЦФО,городской округ Новооскольский,городской округ,K1,K3,K1,колебание
1513,Белгородская область,ЦФО,городской округ Старооскольский,городской округ,K2,K1,K2,колебание
1514,Белгородская область,ЦФО,городской округ Шебекинский,городской округ,K3,K3,K4,снижение
1515,Белгородская область,ЦФО,городской округ Яковлевский,городской округ,K1,K1,K1,стабильный
1516,Белгородская область,ЦФО,городской округ город Белгород,городской округ,K2,K2,K2,стабильный
1517,Брянская область,ЦФО,Брасовский муниципальный район,муниципальный район,K5,K3,K4,колебание
1518,Брянская область,ЦФО,Брянский муниципальный район,муниципальный район,K3,K3,K3,стабильный
1519,Брянская область,ЦФО,Выгоничский муниципальный район,муниципальный район,K3,K1,K1,рост
1520,Брянская область,ЦФО,Гордеевский муниципальный район,муниципальный район,K5,K5,K5,стабильный
1521,Брянская область,ЦФО,Дубровский муниципальный район,муниципальный район,K5,K5,K3,рост
1522,Брянская область,ЦФО,Дятьковский муниципальный район,муниципальный район,K3,K5,K3,колебание
1523,Брянская область,ЦФО,Жирятинский муниципальный район,муниципальный район,K3,K3,K3,стабильный
1524,Брянская область,ЦФО,Злынковский муниципальный район,муниципальный район,K5,K5,K5,стабильный
1525,Брянская область,ЦФО,Карачевский муниципальный район,муниципальный район,K3,K3,K3,стабильный
1526,Брянская область,ЦФО,Клетнянский муниципальный район,муниципальный район,K5,K5,K5,стабильный
1527,Брянская область,ЦФО,Климовский муниципальный район,муниципальный район,K5,K5,K3,рост
1528,Брянская область,ЦФО,Клинцовский муниципальный район,муниципальный район,K5,K3,K3,рост
1529,Брянская область,ЦФО,Комаричский муниципальный район,муниципальный район,K5,K3,K3,рост
1530,Брянская область,ЦФО,Красногорский муниципальный район,муниципальный район,K5,K5,K4,рост
1531,Брянская область,ЦФО,Мглинский муниципальный район,муниципальный район,K5,K5,K5,стабильный
1532,Брянская область,ЦФО,Навлинский муниципальный район,муниципальный район,K5,K5,K3,рост
1533,Брянская область,ЦФО,Погарский муниципальный район,муниципальный район,K3,K3,K4,снижение
1534,Брянская область,ЦФО,Почепский муниципальный район,муниципальный район,K5,K3,K3,рост
1535,Брянская область,ЦФО,Рогнединский муниципальный район,муниципальный район,K5,K5,K5,стабильный
1536,Брянская область,ЦФО,Севский муниципальный район,муниципальный район,K3,K3,K3,стабильный
1537,Брянская область,ЦФО,Суземский муниципальный район,муниципальный район,K5,K3,K3,рост
1538,Брянская область,ЦФО,Суражский муниципальный район,муниципальный район,K3,K4,K4,снижение
1539,Брянская область,ЦФО,Трубчевский муниципальный район,муниципальный район,K3,K3,K3,стабильный
1540,Брянская область,ЦФО,Унечский муниципальный район,муниципальный район,K5,K3,K3,рост
1541,Брянская область,ЦФО,городской округ город Брянск,городской округ,K2,K1,K1,рост
1542,Брянская область,ЦФО,городской округ город Клинцы,городской округ,K4,K4,K3,рост
1543,Брянская область,ЦФО,городской округ город Сельцо,городской округ,K5,K3,K1,рост
1544,Брянская область,ЦФО,городской округ город Фокино,городской округ,K4,K4,K3,рост
1545,Брянская область,ЦФО,муниципальный округ Жуковский,муниципальный округ,K5,K3,K3,рост
1546,Владимирская область,ЦФО,Александровский муниципальный район,муниципальный район,K2,K4,K4,снижение
1547,Владимирская область,ЦФО,Вязниковский муниципальный район,муниципальный район,K4,K3,K3,рост
1548,Владимирская область,ЦФО,Гороховецкий муниципальный район,муниципальный район,K3,K3,K3,стабильный
1549,Владимирская область,ЦФО,Гусь-Хрустальный муниципальный район,муниципальный район,K3,K3,K3,стабильный
1550,Владимирская область,ЦФО,Камешковский муниципальный район,муниципальный район,K4,K3,K4,колебание
1551,Владимирская область,ЦФО,Киржачский муниципальный район,муниципальный район,K2,K2,K2,стабильный
1552,Владимирская область,ЦФО,Ковровский муниципальный район,муниципальный район,K4,K4,K4,стабильный
1553,Владимирская область,ЦФО,Кольчугинский муниципальный район,муниципальный район,K4,K4,K2,рост
1554,Владимирская область,ЦФО,Меленковский муниципальный район,муниципальный район,K3,K3,K3,стабильный
1555,Владимирская область,ЦФО,Муромский муниципальный район,муниципальный район,K5,K5,K5,стабильный
1556,Владимирская область,ЦФО,Петушинский муниципальный район,муниципальный район,K2,K2,K2,стабильный
1557,Владимирская область,ЦФО,Селивановский муниципальный район,муниципальный район,K5,K5,K5,стабильный
1558,Владимирская область,ЦФО,Собинский муниципальный район,муниципальный район,K2,K1,K1,рост
1559,Владимирская область,ЦФО,Судогодский муниципальный район,муниципальный район,K4,K4,K4,стабильный
1560,Владимирская область,ЦФО,Суздальский муниципальный район,муниципальный район,K4,K3,K3,рост
1561,Владимирская область,ЦФО,Юрьев-Польский муниципальный район,муниципальный район,K4,K4,K4,стабильный
1562,Владимирская область,ЦФО,городской округ город Владимир,городской округ,K2,K2,K1,рост
1563,Владимирская область,ЦФО,городской округ город Гусь-Хрустальный,городской округ,K4,K4,K4,стабильный
1564,Владимирская область,ЦФО,городской округ город Ковров,городской округ,K2,K2,K4,снижение
1565,Владимирская область,ЦФО,городской округ округ Муром,городской округ,K4,K4,K1,рост
1566,Воронежская область,ЦФО,Аннинский муниципальный район,муниципальный район,K4,K4,K4,стабильный
1567,Воронежская область,ЦФО,Бобровский муниципальный район,муниципальный район,K2,K2,K1,рост
1568,Воронежская область,ЦФО,Богучарский муниципальный район,муниципальный район,K5,K4,K4,рост
1569,Воронежская область,ЦФО,Бутурлиновский муниципальный район,муниципальный район,K3,K4,K4,снижение
1570,Воронежская область,ЦФО,Верхнемамонский муниципальный район,муниципальный район,K3,K4,K4,снижение
1571,Воронежская область,ЦФО,Верхнехавский муниципальный район,муниципальный район,K4,K4,K4,стабильный
1572,Воронежская область,ЦФО,Воробьёвский муниципальный район,муниципальный район,K4,K3,K4,колебание
1573,Воронежская область,ЦФО,Грибановский муниципальный район,муниципальный район,K2,K3,K4,снижение
1574,Воронежская область,ЦФО,Калачеевский муниципальный район,муниципальный район,K3,K4,K4,снижение
1575,Воронежская область,ЦФО,Каменский муниципальный район,муниципальный район,K4,K3,K1,рост
1576,Воронежская область,ЦФО,Кантемировский муниципальный район,муниципальный район,K4,K4,K4,стабильный
1577,Воронежская область,ЦФО,Каширский муниципальный район,муниципальный район,K4,K4,K3,рост
1578,Воронежская область,ЦФО,Лискинский муниципальный район,муниципальный район,K2,K4,K2,колебание
1579,Воронежская область,ЦФО,Нижнедевицкий муниципальный район,муниципальный район,K4,K4,K4,стабильный
1580,Воронежская область,ЦФО,Новоусманский муниципальный район,муниципальный район,K4,K3,K2,рост
1581,Воронежская область,ЦФО,Новохопёрский муниципальный район,муниципальный район,K4,K4,K3,рост
1582,Воронежская область,ЦФО,Ольховатский муниципальный район,муниципальный район,K4,K4,K4,стабильный
1583,Воронежская область,ЦФО,Острогожский муниципальный район,муниципальный район,K4,K4,K4,стабильный
1584,Воронежская область,ЦФО,Павловский муниципальный район,муниципальный район,K4,K4,K1,рост
1585,Воронежская область,ЦФО,Панинский муниципальный район,муниципальный район,K4,K4,K4,стабильный
1586,Воронежская область,ЦФО,Петропавловский муниципальный район,муниципальный район,K4,K4,K4,стабильный
1587,Воронежская область,ЦФО,Поворинский муниципальный район,муниципальный район,K4,K4,K4,стабильный
1588,Воронежская область,ЦФО,Подгоренский муниципальный район,муниципальный район,K3,K3,K4,снижение
1589,Воронежская область,ЦФО,Рамонский муниципальный район,муниципальный район,K4,K1,K1,рост
1590,Воронежская область,ЦФО,Репьёвский муниципальный район,муниципальный район,K4,K2,K5,колебание
1591,Воронежская область,ЦФО,Россошанский муниципальный район,муниципальный район,K2,K2,K2,стабильный
1592,Воронежская область,ЦФО,Семилукский муниципальный район,муниципальный район,K4,K4,K4,стабильный
1593,Воронежская область,ЦФО,Таловский муниципальный район,муниципальный район,K4,K4,K4,стабильный
1594,Воронежская область,ЦФО,Терновский муниципальный район,муниципальный район,K3,K3,K4,снижение
1595,Воронежская область,ЦФО,Хохольский муниципальный район,муниципальный район,K4,K4,K4,стабильный
1596,Воронежская область,ЦФО,Эртильский муниципальный район,муниципальный район,K4,K4,K4,стабильный
1597,Воронежская область,ЦФО,городской округ Борисоглебский,городской округ,K4,K4,K4,стабильный
1598,Воронежская область,ЦФО,городской округ город Воронеж,городской округ,K2,K4,K1,колебание
1599,Воронежская область,ЦФО,городской округ город Нововоронеж,городской округ,K2,K2,K1,рост
1600,Ивановская область,ЦФО,Верхнеландеховский муниципальный район,муниципальный район,K5,K5,K5,стабильный
1601,Ивановская область,ЦФО,Вичугский муниципальный район,муниципальный район,K5,K5,K5,стабильный
1602,Ивановская область,ЦФО,Гаврилово-Посадский муниципальный район,муниципальный район,K5,K4,K3,рост
1603,Ивановская область,ЦФО,Заволжский муниципальный район,муниципальный район,K5,K5,K5,стабильный
1604,Ивановская область,ЦФО,Ивановский муниципальный район,муниципальный район,K3,K4,K2,колебание
1605,Ивановская область,ЦФО,Ильинский муниципальный район,муниципальный район,K5,K5,K5,стабильный
1606,Ивановская область,ЦФО,Кинешемский муниципальный район,муниципальный район,K5,K4,K4,рост
1607,Ивановская область,ЦФО,Комсомольский муниципальный район,муниципальный район,K3,K3,K3,стабильный
1608,Ивановская область,ЦФО,Лежневский муниципальный район,муниципальный район,K5,K4,K4,рост
1609,Ивановская область,ЦФО,Лухский муниципальный район,муниципальный район,K5,K5,K5,стабильный
1610,Ивановская область,ЦФО,Палехский муниципальный район,муниципальный район,K5,K4,K3,рост
1611,Ивановская область,ЦФО,Пестяковский муниципальный район,муниципальный район,K5,K5,K5,стабильный
1612,Ивановская область,ЦФО,Приволжский муниципальный район,муниципальный район,K3,K4,K4,снижение
1613,Ивановская область,ЦФО,Пучежский муниципальный район,муниципальный район,K5,K5,K3,рост
1614,Ивановская область,ЦФО,Родниковский муниципальный район,муниципальный район,K5,K3,K3,рост
1615,Ивановская область,ЦФО,Савинский муниципальный район,муниципальный район,K5,K5,K5,стабильный
1616,Ивановская область,ЦФО,Тейковский муниципальный район,муниципальный район,K5,K5,K5,стабильный
1617,Ивановская область,ЦФО,Фурмановский муниципальный район,муниципальный район,K5,K4,K4,рост
1618,Ивановская область,ЦФО,Шуйский муниципальный район,муниципальный район,K5,K5,K5,стабильный
1619,Ивановская область,ЦФО,Южский муниципальный район,муниципальный район,K5,K5,K5,стабильный
1620,Ивановская область,ЦФО,Юрьевецкий муниципальный район,муниципальный район,K5,K5,K5,стабильный
1621,Ивановская область,ЦФО,городской округ Вичуга,городской округ,K4,K5,K5,снижение
1622,Ивановская область,ЦФО,городской округ Иваново,городской округ,K2,K2,K2,стабильный
1623,Ивановская область,ЦФО,городской округ Кинешма,городской округ,K4,K4,K3,рост
1624,Ивановская область,ЦФО,городской округ Кохма,городской округ,K3,K5,K3,колебание
1625,Ивановская область,ЦФО,городской округ Тейково,городской округ,K4,K4,K4,стабильный
1626,Ивановская область,ЦФО,городской округ Шуя,городской округ,K4,K4,K4,стабильный
1627,Калужская область,ЦФО,Бабынинский муниципальный район,муниципальный район,K4,K4,K4,стабильный
1628,Калужская область,ЦФО,Барятинский муниципальный район,муниципальный район,—,K3,K3,стабильный
1629,Калужская область,ЦФО,Дзержинский муниципальный район,муниципальный район,—,K2,K1,рост
1630,Калужская область,ЦФО,Думиничский муниципальный район,муниципальный район,—,K5,K5,стабильный
1631,Калужская область,ЦФО,Жиздринский муниципальный район,муниципальный район,—,K5,K4,рост
1632,Калужская область,ЦФО,Жуковский муниципальный район,муниципальный район,—,K4,K1,рост
1633,Калужская область,ЦФО,Износковский муниципальный район,муниципальный район,—,K3,K4,снижение
1634,Калужская область,ЦФО,Кировский муниципальный район,муниципальный район,—,K4,K3,рост
1635,Калужская область,ЦФО,Козельский муниципальный район,муниципальный район,—,K3,K3,стабильный
1636,Калужская область,ЦФО,Куйбышевский муниципальный район,муниципальный район,K5,K5,K3,рост
1637,Калужская область,ЦФО,Людиновский муниципальный район,муниципальный район,K2,K2,K1,рост
1638,Калужская область,ЦФО,Малоярославецкий муниципальный район,муниципальный район,K2,K3,K1,колебание
1639,Калужская область,ЦФО,Медынский муниципальный район,муниципальный район,K4,K4,K4,стабильный
1640,Калужская область,ЦФО,Мещовский муниципальный район,муниципальный район,K5,K3,K5,колебание
1641,Калужская область,ЦФО,Мосальский муниципальный район,муниципальный район,K5,K3,K3,рост
1642,Калужская область,ЦФО,Перемышльский муниципальный район,муниципальный район,K3,K1,K3,колебание
1643,Калужская область,ЦФО,Спас-Деменский муниципальный район,муниципальный район,K3,K3,K3,стабильный
1644,Калужская область,ЦФО,Сухиничский муниципальный район,муниципальный район,K3,K3,K3,стабильный
1645,Калужская область,ЦФО,Тарусский муниципальный район,муниципальный район,K4,K3,K3,рост
1646,Калужская область,ЦФО,Ульяновский муниципальный район,муниципальный район,K5,K5,K3,рост
1647,Калужская область,ЦФО,Ферзиковский муниципальный район,муниципальный район,K3,K3,K3,стабильный
1648,Калужская область,ЦФО,Хвастовичский муниципальный район,муниципальный район,K4,K4,K3,рост
1649,Калужская область,ЦФО,Юхновский муниципальный район,муниципальный район,K3,K3,K4,снижение
1650,Калужская область,ЦФО,городской округ город Калуга,городской округ,K3,K1,K2,колебание
1651,Костромская область,ЦФО,Антроповский муниципальный район,муниципальный район,—,—,K5,нет данных
1652,Костромская область,ЦФО,Буйский муниципальный район,муниципальный район,—,—,K5,нет данных
1653,Костромская область,ЦФО,Вохомский муниципальный район,муниципальный район,—,—,K5,нет данных
1654,Костромская область,ЦФО,Галичский муниципальный район,муниципальный район,—,—,K4,нет данных
1655,Костромская область,ЦФО,Кадыйский муниципальный район,муниципальный район,—,—,K5,нет данных
1656,Костромская область,ЦФО,Кологривский муниципальный округ,муниципальный округ,—,—,K5,нет данных
1657,Костромская область,ЦФО,Костромской муниципальный район,муниципальный район,—,—,K4,нет данных
1658,Костромская область,ЦФО,Красносельский муниципальный район,муниципальный район,—,—,K1,нет данных
1659,Костромская область,ЦФО,Макарьевский муниципальный район,муниципальный район,—,—,K5,нет данных
1660,Костромская область,ЦФО,Межевской муниципальный округ,муниципальный округ,—,—,K5,нет данных
1661,Костромская область,ЦФО,Нейский муниципальный округ,муниципальный округ,—,—,K5,нет данных
1662,Костромская область,ЦФО,Октябрьский муниципальный район,муниципальный район,—,—,K5,нет данных
1663,Костромская область,ЦФО,Островский муниципальный округ,муниципальный округ,—,—,K5,нет данных
1664,Костромская область,ЦФО,Павинский муниципальный округ,муниципальный округ,—,—,K5,нет данных
1665,Костромская область,ЦФО,Парфеньевский муниципальный округ,муниципальный округ,—,—,K5,нет данных
1666,Костромская область,ЦФО,Поназыревский муниципальный округ,муниципальный округ,—,—,K5,нет данных
1667,Костромская область,ЦФО,Пыщугский муниципальный округ,муниципальный округ,—,—,K5,нет данных
1668,Костромская область,ЦФО,Солигаличский муниципальный округ,муниципальный округ,—,—,K4,нет данных
1669,Костромская область,ЦФО,Судиславский муниципальный район,муниципальный район,—,—,K3,нет данных
1670,Костромская область,ЦФО,Сусанинский муниципальный район,муниципальный район,—,—,K3,нет данных
1671,Костромская область,ЦФО,Чухломский муниципальный район,муниципальный район,—,—,K5,нет данных
1672,Костромская область,ЦФО,Шарьинский муниципальный район,муниципальный район,—,—,K5,нет данных
1673,Костромская область,ЦФО,городской округ город Буй,городской округ,—,K2,K1,рост
1674,Костромская область,ЦФО,городской округ город Волгореченск,городской округ,—,K2,K1,рост
1675,Костромская область,ЦФО,городской округ город Галич,городской округ,—,K2,K3,снижение
1676,Костромская область,ЦФО,городской округ город Кострома,городской округ,—,—,K2,нет данных
1677,Костромская область,ЦФО,городской округ город Шарья,городской округ,—,K4,K3,рост
1678,Костромская область,ЦФО,муниципальный район город Нерехта и Нерехтский район,муниципальный район,—,—,K3,нет данных
1679,Курская область,ЦФО,Беловский муниципальный район,муниципальный район,K3,K3,—,стабильный
1680,Курская область,ЦФО,Большесолдатский муниципальный район,муниципальный район,K3,K4,—,снижение
1681,Курская область,ЦФО,Глушковский муниципальный район,муниципальный район,K3,K4,—,снижение
1682,Курская область,ЦФО,Горшеченский муниципальный район,муниципальный район,K4,K3,K1,рост
1683,Курская область,ЦФО,Дмитриевский муниципальный район,муниципальный район,K3,K3,K3,стабильный
1684,Курская область,ЦФО,Железногорский муниципальный район,муниципальный район,K3,K3,K3,стабильный
1685,Курская область,ЦФО,Золотухинский муниципальный район,муниципальный район,K3,K3,K3,стабильный
1686,Курская область,ЦФО,Касторенский муниципальный район,муниципальный район,K3,K2,K1,рост
1687,Курская область,ЦФО,Конышевский муниципальный район,муниципальный район,K3,K1,K1,рост
1688,Курская область,ЦФО,Кореневский муниципальный район,муниципальный район,K3,K3,—,стабильный
1689,Курская область,ЦФО,Курский муниципальный район,муниципальный район,K4,K4,K4,стабильный
1690,Курская область,ЦФО,Курчатовский муниципальный район,муниципальный район,K5,K3,K3,рост
1691,Курская область,ЦФО,Льговский муниципальный район,муниципальный район,K5,K3,K5,колебание
1692,Курская область,ЦФО,Мантуровский муниципальный район,муниципальный район,K3,K3,K1,рост
1693,Курская область,ЦФО,Медвенский муниципальный район,муниципальный район,K3,K3,K3,стабильный
1694,Курская область,ЦФО,Обоянский муниципальный район,муниципальный район,K3,K3,K3,стабильный
1695,Курская область,ЦФО,Октябрьский муниципальный район,муниципальный район,K5,K3,K1,рост
1696,Курская область,ЦФО,Поныровский муниципальный район,муниципальный район,K5,K3,K5,колебание
1697,Курская область,ЦФО,Пристенский муниципальный район,муниципальный район,K3,K3,K1,рост
1698,Курская область,ЦФО,Рыльский муниципальный район,муниципальный район,K3,K3,K3,стабильный
1699,Курская область,ЦФО,Советский муниципальный район,муниципальный район,K3,K3,K3,стабильный
1700,Курская область,ЦФО,Солнцевский муниципальный район,муниципальный район,K3,K3,K3,стабильный
1701,Курская область,ЦФО,Суджанский муниципальный район,муниципальный район,K3,K4,—,снижение
1702,Курская область,ЦФО,Тимский муниципальный район,муниципальный район,K5,K3,K5,колебание
1703,Курская область,ЦФО,Фатежский муниципальный район,муниципальный район,K3,K3,K3,стабильный
1704,Курская область,ЦФО,Хомутовский муниципальный район,муниципальный район,K4,K3,K4,колебание
1705,Курская область,ЦФО,Черемисиновский муниципальный район,муниципальный район,K4,K4,K3,рост
1706,Курская область,ЦФО,Щигровский муниципальный район,муниципальный район,K3,K4,K3,колебание
1707,Курская область,ЦФО,городской округ город Железногорск,городской округ,K2,K1,K2,колебание
1708,Курская область,ЦФО,городской округ город Курск,городской округ,K2,K4,K2,колебание
1709,Курская область,ЦФО,городской округ город Курчатов,городской округ,K2,K2,K2,стабильный
1710,Курская область,ЦФО,городской округ город Льгов,городской округ,K4,K4,K4,стабильный
1711,Курская область,ЦФО,городской округ город Щигры,городской округ,K2,K4,K3,колебание
1712,Липецкая область,ЦФО,Воловский муниципальный район,муниципальный район,K3,K3,K3,стабильный
1713,Липецкая область,ЦФО,Грязинский муниципальный район,муниципальный район,K4,K4,K1,рост
1714,Липецкая область,ЦФО,Данковский муниципальный район,муниципальный район,K3,K3,K3,стабильный
1715,Липецкая область,ЦФО,Добринский муниципальный район,муниципальный район,K3,K2,K4,колебание
1716,Липецкая область,ЦФО,Добровский муниципальный район,муниципальный район,K4,K3,K3,рост
1717,Липецкая область,ЦФО,Долгоруковский муниципальный район,муниципальный район,K3,K3,K3,стабильный
1718,Липецкая область,ЦФО,Елецкий муниципальный район,муниципальный район,K3,K3,K1,рост
1719,Липецкая область,ЦФО,Задонский муниципальный район,муниципальный район,K3,K4,K3,колебание
1720,Липецкая область,ЦФО,Измалковский муниципальный район,муниципальный район,K4,K4,K3,рост
1721,Липецкая область,ЦФО,Краснинский муниципальный район,муниципальный район,K3,K3,K1,рост
1722,Липецкая область,ЦФО,Лебедянский муниципальный район,муниципальный район,K3,K1,K1,рост
1723,Липецкая область,ЦФО,Лев-Толстовский муниципальный район,муниципальный район,K2,K3,K1,колебание
1724,Липецкая область,ЦФО,Липецкий муниципальный район,муниципальный район,K4,K1,K2,колебание
1725,Липецкая область,ЦФО,Становлянский муниципальный район,муниципальный район,K3,K4,K3,колебание
1726,Липецкая область,ЦФО,Тербунский муниципальный район,муниципальный район,K3,K3,K1,рост
1727,Липецкая область,ЦФО,Усманский муниципальный район,муниципальный район,K2,K4,K3,колебание
1728,Липецкая область,ЦФО,Хлевенский муниципальный район,муниципальный район,K2,K3,K3,снижение
1729,Липецкая область,ЦФО,Чаплыгинский муниципальный район,муниципальный район,K4,K4,K3,рост
1730,Липецкая область,ЦФО,городской округ город Елец,городской округ,K4,K3,K3,рост
1731,Липецкая область,ЦФО,городской округ город Липецк,городской округ,K2,K1,K1,рост
1732,Московская область,ЦФО,городской округ Бронницы,городской округ,K2,K4,K1,колебание
1733,Московская область,ЦФО,городской округ Волоколамский,городской округ,—,K3,K3,стабильный
1734,Московская область,ЦФО,городской округ Воскресенск,городской округ,—,K3,K1,рост
1735,Московская область,ЦФО,городской округ Дзержинский,городской округ,K2,K2,K1,рост
1736,Московская область,ЦФО,городской округ Дмитровский,городской округ,K1,K2,K1,колебание
1737,Московская область,ЦФО,городской округ Долгопрудный,городской округ,K2,K2,K2,стабильный
1738,Московская область,ЦФО,городской округ Домодедово,городской округ,K2,K2,K2,стабильный
1739,Московская область,ЦФО,городской округ Дубна,городской округ,K2,K1,K1,рост
1740,Московская область,ЦФО,городской округ Егорьевск,городской округ,K3,K1,K1,рост
1741,Московская область,ЦФО,городской округ Жуковский,городской округ,K2,K2,K1,рост
1742,Московская область,ЦФО,городской округ Зарайск,городской округ,K3,K3,K3,стабильный
1743,Московская область,ЦФО,городской округ Истра,городской округ,K1,K2,K2,снижение
1744,Московская область,ЦФО,городской округ Кашира,городской округ,K3,K1,K1,рост
1745,Московская область,ЦФО,городской округ Клин,городской округ,K3,K1,K1,рост
1746,Московская область,ЦФО,городской округ Котельники,городской округ,K2,K2,K1,рост
1747,Московская область,ЦФО,городской округ Красногорск,городской округ,K2,K2,K2,стабильный
1748,Московская область,ЦФО,городской округ Лобня,городской округ,K2,K2,K1,рост
1749,Московская область,ЦФО,городской округ Лотошино,городской округ,K3,K3,K3,стабильный
1750,Московская область,ЦФО,городской округ Луховицы,городской округ,K3,K1,K1,рост
1751,Московская область,ЦФО,городской округ Лыткарино,городской округ,K2,K2,K1,рост
1752,Московская область,ЦФО,городской округ Люберцы,городской округ,K2,K2,K2,стабильный
1753,Московская область,ЦФО,городской округ Можайский,городской округ,K3,K4,K4,снижение
1754,Московская область,ЦФО,городской округ Мытищи,городской округ,K2,K2,K2,стабильный
1755,Московская область,ЦФО,городской округ Протвино,городской округ,K4,K4,—,стабильный
1756,Московская область,ЦФО,городской округ Пущино,городской округ,K4,K4,—,стабильный
1757,Московская область,ЦФО,городской округ Раменский,городской округ,K1,K1,K2,снижение
1758,Московская область,ЦФО,городской округ Реутов,городской округ,K2,K2,K1,рост
1759,Московская область,ЦФО,городской округ Рузский,городской округ,K2,K1,K1,рост
1760,Московская область,ЦФО,городской округ Сергиево-Посадский,городской округ,K4,K1,K1,рост
1761,Московская область,ЦФО,городской округ Серебряные Пруды,городской округ,K3,K3,K3,стабильный
1762,Московская область,ЦФО,городской округ Ступино,городской округ,K1,K2,K1,колебание
1763,Московская область,ЦФО,городской округ Талдомский,городской округ,K4,K4,K3,рост
1764,Московская область,ЦФО,городской округ Фрязино,городской округ,K2,K2,K2,стабильный
1765,Московская область,ЦФО,городской округ Черноголовка,городской округ,K2,K4,K2,колебание
1766,Московская область,ЦФО,городской округ Чехов,городской округ,K1,K1,K1,стабильный
1767,Московская область,ЦФО,городской округ Шаховская,городской округ,K3,K3,K3,стабильный
1768,Московская область,ЦФО,городской округ Электросталь,городской округ,—,K4,K1,рост
1769,Орловская область,ЦФО,Болховский муниципальный район,муниципальный район,—,K4,K4,стабильный
1770,Орловская область,ЦФО,Верховский муниципальный район,муниципальный район,—,K4,K4,стабильный
1771,Орловская область,ЦФО,Глазуновский муниципальный район,муниципальный район,—,K4,K4,стабильный
1772,Орловская область,ЦФО,Дмитровский муниципальный район,муниципальный район,—,K4,K4,стабильный
1773,Орловская область,ЦФО,Должанский муниципальный район,муниципальный район,—,K2,K4,снижение
1774,Орловская область,ЦФО,Залегощенский муниципальный район,муниципальный район,—,K4,K4,стабильный
1775,Орловская область,ЦФО,Знаменский муниципальный район,муниципальный район,—,K5,K5,стабильный
1776,Орловская область,ЦФО,Колпнянский муниципальный район,муниципальный район,—,K4,K2,рост
1777,Орловская область,ЦФО,Корсаковский муниципальный район,муниципальный район,—,K5,K4,рост
1778,Орловская область,ЦФО,Краснозоренский муниципальный район,муниципальный район,—,K4,K2,рост
1779,Орловская область,ЦФО,Кромской муниципальный район,муниципальный район,—,K4,K1,рост
1780,Орловская область,ЦФО,Ливенский муниципальный район,муниципальный район,—,K4,K4,стабильный
1781,Орловская область,ЦФО,Малоархангельский муниципальный район,муниципальный район,—,K4,K4,стабильный
1782,Орловская область,ЦФО,Мценский муниципальный район,муниципальный район,—,K4,K4,стабильный
1783,Орловская область,ЦФО,Новодеревеньковский муниципальный район,муниципальный район,—,K4,K2,рост
1784,Орловская область,ЦФО,Новосильский муниципальный район,муниципальный район,—,K4,K3,рост
1785,Орловская область,ЦФО,Покровский муниципальный район,муниципальный район,—,K3,K4,снижение
1786,Орловская область,ЦФО,Свердловский муниципальный район,муниципальный район,—,K4,K4,стабильный
1787,Орловская область,ЦФО,Сосковский муниципальный район,муниципальный район,—,K4,K4,стабильный
1788,Орловская область,ЦФО,Троснянский муниципальный район,муниципальный район,—,K4,K4,стабильный
1789,Орловская область,ЦФО,Урицкий муниципальный район,муниципальный район,—,K3,K4,снижение
1790,Орловская область,ЦФО,Хотынецкий муниципальный район,муниципальный район,—,K3,K3,стабильный
1791,Орловская область,ЦФО,Шаблыкинский муниципальный район,муниципальный район,—,K4,K1,рост
1792,Орловская область,ЦФО,городской округ город Ливны,городской округ,—,K4,K4,стабильный
1793,Орловская область,ЦФО,городской округ город Мценск,городской округ,—,K4,K4,стабильный
1794,Орловская область,ЦФО,городской округ город Орёл,городской округ,—,K4,K4,стабильный
1795,Орловская область,ЦФО,муниципальный округ Орловский,муниципальный округ,—,K4,—,нет данных
1796,Рязанская область,ЦФО,Александро-Невский муниципальный район,муниципальный район,K4,K4,—,стабильный
1797,Рязанская область,ЦФО,Ермишинский муниципальный район,муниципальный район,K5,K5,—,стабильный
1798,Рязанская область,ЦФО,Захаровский муниципальный район,муниципальный район,K4,K4,—,стабильный
1799,Рязанская область,ЦФО,Кадомский муниципальный район,муниципальный район,K5,K5,—,стабильный
1800,Рязанская область,ЦФО,Касимовский муниципальный район,муниципальный район,K2,K2,—,стабильный
1801,Рязанская область,ЦФО,Клепиковский муниципальный район,муниципальный район,K4,K2,—,рост
1802,Рязанская область,ЦФО,Кораблинский муниципальный район,муниципальный район,K4,K4,—,стабильный
1803,Рязанская область,ЦФО,Милославский муниципальный район,муниципальный район,K4,K4,—,стабильный
1804,Рязанская область,ЦФО,Михайловский муниципальный район,муниципальный район,K4,K2,—,рост
1805,Рязанская область,ЦФО,Пронский муниципальный район,муниципальный район,K4,K4,—,стабильный
1806,Рязанская область,ЦФО,Путятинский муниципальный округ,муниципальный округ,K4,K4,—,стабильный
1807,Рязанская область,ЦФО,Рыбновский муниципальный район,муниципальный район,K2,K2,—,стабильный
1808,Рязанская область,ЦФО,Ряжский муниципальный округ,муниципальный округ,K4,K2,—,рост
1809,Рязанская область,ЦФО,Рязанский муниципальный район,муниципальный район,K2,K4,—,снижение
1810,Рязанская область,ЦФО,Сапожковский муниципальный район,муниципальный район,K4,K4,—,стабильный
1811,Рязанская область,ЦФО,Сараевский муниципальный район,муниципальный район,K4,K4,—,стабильный
1812,Рязанская область,ЦФО,Скопинский муниципальный район,муниципальный район,K2,K2,—,стабильный
1813,Рязанская область,ЦФО,Спасский муниципальный район,муниципальный район,K4,K4,—,стабильный
1814,Рязанская область,ЦФО,Старожиловский муниципальный район,муниципальный район,K2,K4,—,снижение
1815,Рязанская область,ЦФО,Ухоловский муниципальный район,муниципальный район,K4,K4,—,стабильный
1816,Рязанская область,ЦФО,Чучковский муниципальный район,муниципальный район,K4,K4,—,стабильный
1817,Рязанская область,ЦФО,Шацкий муниципальный район,муниципальный район,K5,K4,—,рост
1818,Рязанская область,ЦФО,Шиловский муниципальный район,муниципальный район,K2,K4,—,снижение
1819,Рязанская область,ЦФО,городской округ город Касимов,городской округ,—,K3,—,нет данных
1820,Рязанская область,ЦФО,городской округ город Рязань,городской округ,K2,K2,—,стабильный
1821,Рязанская область,ЦФО,городской округ город Скопин,городской округ,—,K4,—,нет данных
1822,Смоленская область,ЦФО,Велижский муниципальный район,муниципальный район,K5,K5,K5,стабильный
1823,Смоленская область,ЦФО,Вяземский муниципальный район,муниципальный район,K2,K2,K2,стабильный
1824,Смоленская область,ЦФО,Гагаринский муниципальный район,муниципальный район,K2,K2,K2,стабильный
1825,Смоленская область,ЦФО,Глинковский муниципальный район,муниципальный район,K5,—,K3,рост
1826,Смоленская область,ЦФО,Демидовский муниципальный район,муниципальный район,K5,K5,K5,стабильный
1827,Смоленская область,ЦФО,Дорогобужский муниципальный район,муниципальный район,K4,K1,K1,рост
1828,Смоленская область,ЦФО,Духовщинский муниципальный район,муниципальный район,K4,K4,K3,рост
1829,Смоленская область,ЦФО,Ельнинский муниципальный район,муниципальный район,K5,K5,K5,стабильный
1830,Смоленская область,ЦФО,Ершичский муниципальный район,муниципальный район,K5,K5,K5,стабильный
1831,Смоленская область,ЦФО,Кардымовский муниципальный район,муниципальный район,K5,K3,K3,рост
1832,Смоленская область,ЦФО,Краснинский муниципальный район,муниципальный район,K5,K5,K5,стабильный
1833,Смоленская область,ЦФО,Монастырщинский муниципальный район,муниципальный район,K5,K5,K5,стабильный
1834,Смоленская область,ЦФО,Новодугинский муниципальный район,муниципальный район,K5,K3,K4,колебание
1835,Смоленская область,ЦФО,Починковский муниципальный район,муниципальный район,K4,K4,K4,стабильный
1836,Смоленская область,ЦФО,Рославльский муниципальный район,муниципальный район,K4,K4,K4,стабильный
1837,Смоленская область,ЦФО,Руднянский муниципальный район,муниципальный район,K4,K4,K3,рост
1838,Смоленская область,ЦФО,Сафоновский муниципальный район,муниципальный район,K2,K4,K4,снижение
1839,Смоленская область,ЦФО,Смоленский муниципальный район,муниципальный район,K4,K2,K2,рост
1840,Смоленская область,ЦФО,Сычевский муниципальный район,муниципальный район,K5,—,K3,рост
1841,Смоленская область,ЦФО,Темкинский муниципальный район,муниципальный район,K5,—,K5,стабильный
1842,Смоленская область,ЦФО,Угранский муниципальный район,муниципальный район,K5,K3,K5,колебание
1843,Смоленская область,ЦФО,Хиславичский муниципальный район,муниципальный район,K5,K3,K5,колебание
1844,Смоленская область,ЦФО,Холм-Жирковский муниципальный район,муниципальный район,K3,—,K3,стабильный
1845,Смоленская область,ЦФО,Шумячский муниципальный район,муниципальный район,K5,K5,K5,стабильный
1846,Смоленская область,ЦФО,Ярцевский муниципальный район,муниципальный район,K4,K4,K4,стабильный
1847,Смоленская область,ЦФО,городской округ город Десногорск,городской округ,K2,—,K2,стабильный
1848,Смоленская область,ЦФО,городской округ город Смоленск,городской округ,K2,K2,K2,стабильный
1849,Тамбовская область,ЦФО,Бондарский муниципальный округ,муниципальный округ,K3,K3,—,стабильный
1850,Тамбовская область,ЦФО,Гавриловский муниципальный округ,муниципальный округ,K4,K3,—,рост
1851,Тамбовская область,ЦФО,Жердевский муниципальный округ,муниципальный округ,K4,K2,—,рост
1852,Тамбовская область,ЦФО,Знаменский муниципальный округ,муниципальный округ,K3,K4,—,снижение
1853,Тамбовская область,ЦФО,Инжавинский муниципальный округ,муниципальный округ,K4,K4,—,стабильный
1854,Тамбовская область,ЦФО,Кирсановский муниципальный округ,муниципальный округ,K4,K2,—,рост
1855,Тамбовская область,ЦФО,Мичуринский муниципальный округ,муниципальный округ,K2,K2,—,стабильный
1856,Тамбовская область,ЦФО,Мордовский муниципальный округ,муниципальный округ,K3,K4,—,снижение
1857,Тамбовская область,ЦФО,Моршанский муниципальный округ,муниципальный округ,K4,K4,—,стабильный
1858,Тамбовская область,ЦФО,Мучкапский муниципальный округ,муниципальный округ,K3,K4,—,снижение
1859,Тамбовская область,ЦФО,Никифоровский муниципальный округ,муниципальный округ,K4,K3,—,рост
1860,Тамбовская область,ЦФО,Первомайский муниципальный округ,муниципальный округ,K3,K4,—,снижение
1861,Тамбовская область,ЦФО,Петровский муниципальный округ,муниципальный округ,K3,K4,—,снижение
1862,Тамбовская область,ЦФО,Пичаевский муниципальный округ,муниципальный округ,K4,K5,—,снижение
1863,Тамбовская область,ЦФО,Рассказовский муниципальный округ,муниципальный округ,K3,K3,—,стабильный
1864,Тамбовская область,ЦФО,Ржаксинский муниципальный округ,муниципальный округ,K4,K4,—,стабильный
1865,Тамбовская область,ЦФО,Сампурский муниципальный округ,муниципальный округ,K3,K4,—,снижение
1866,Тамбовская область,ЦФО,Сосновский муниципальный округ,муниципальный округ,K3,K3,—,стабильный
1867,Тамбовская область,ЦФО,Староюрьевский муниципальный округ,муниципальный округ,K4,K4,—,стабильный
1868,Тамбовская область,ЦФО,Токарёвский муниципальный округ,муниципальный округ,K3,K4,—,снижение
1869,Тамбовская область,ЦФО,Уваровский муниципальный округ,муниципальный округ,K3,K4,—,снижение
1870,Тамбовская область,ЦФО,Умётский муниципальный округ,муниципальный округ,K3,K3,—,стабильный
1871,Тамбовская область,ЦФО,городской округ город Кирсанов,городской округ,K4,K3,K3,рост
1872,Тамбовская область,ЦФО,городской округ город Котовск,городской округ,K4,K3,K3,рост
1873,Тамбовская область,ЦФО,городской округ город Мичуринск,городской округ,K4,K4,K4,стабильный
1874,Тамбовская область,ЦФО,городской округ город Моршанск,городской округ,K4,K4,K5,снижение
1875,Тамбовская область,ЦФО,городской округ город Рассказово,городской округ,K4,K5,K3,колебание
1876,Тамбовская область,ЦФО,городской округ город Уварово,городской округ,K4,K4,K3,рост
1877,Тверская область,ЦФО,Торжокский муниципальный район,муниципальный район,K4,K3,—,рост
1878,Тверская область,ЦФО,городской округ Кашинский,городской округ,K3,K4,—,снижение
1879,Тверская область,ЦФО,городской округ Нелидовский,городской округ,K3,K5,—,снижение
1880,Тверская область,ЦФО,городской округ Осташковский,городской округ,K3,K4,—,снижение
1881,Тверская область,ЦФО,городской округ Удомельский,городской округ,K1,K1,—,стабильный
1882,Тверская область,ЦФО,городской округ город Тверь,городской округ,K2,K2,—,стабильный
1883,Тверская область,ЦФО,городской округ город Торжок,городской округ,K2,K4,—,снижение
1884,Тверская область,ЦФО,муниципальный округ Андреапольский,муниципальный округ,K4,K5,—,снижение
1885,Тверская область,ЦФО,муниципальный округ Бежецкий,муниципальный округ,K3,K4,—,снижение
1886,Тверская область,ЦФО,муниципальный округ Бельский,муниципальный округ,K5,K5,—,стабильный
1887,Тверская область,ЦФО,муниципальный округ Бологовский,муниципальный округ,K4,K3,—,рост
1888,Тверская область,ЦФО,муниципальный округ Весьегонский,муниципальный округ,K5,—,—,нет данных
1889,Тверская область,ЦФО,муниципальный округ Жарковский,муниципальный округ,K5,K5,—,стабильный
1890,Тверская область,ЦФО,муниципальный округ Западнодвинский,муниципальный округ,K4,K3,—,рост
1891,Тверская область,ЦФО,муниципальный округ Зубцовский,муниципальный округ,K4,K5,—,снижение
1892,Тверская область,ЦФО,муниципальный округ Калининский,муниципальный округ,K4,K2,—,рост
1893,Тверская область,ЦФО,муниципальный округ Калязинский,муниципальный округ,K5,K5,—,стабильный
1894,Тверская область,ЦФО,муниципальный округ Кесовогорский,муниципальный округ,K4,K1,—,рост
1895,Тверская область,ЦФО,муниципальный округ Конаковский,муниципальный округ,K2,K2,—,стабильный
1896,Тверская область,ЦФО,муниципальный округ Краснохолмский,муниципальный округ,K5,K5,—,стабильный
1897,Тверская область,ЦФО,муниципальный округ Кувшиновский,муниципальный округ,K4,K3,—,рост
1898,Тверская область,ЦФО,муниципальный округ Лесной,муниципальный округ,K5,K4,—,рост
1899,Тверская область,ЦФО,муниципальный округ Лихославльский,муниципальный округ,K4,K3,—,рост
1900,Тверская область,ЦФО,муниципальный округ Максатихинский,муниципальный округ,K5,K5,—,стабильный
1901,Тверская область,ЦФО,муниципальный округ Молоковский,муниципальный округ,K5,—,—,нет данных
1902,Тверская область,ЦФО,муниципальный округ Оленинский,муниципальный округ,K4,K5,—,снижение
1903,Тверская область,ЦФО,муниципальный округ Пеновский,муниципальный округ,K4,K5,—,снижение
1904,Тверская область,ЦФО,муниципальный округ Рамешковский,муниципальный округ,K5,K5,—,стабильный
1905,Тверская область,ЦФО,муниципальный округ Сандовский,муниципальный округ,K5,K5,—,стабильный
1906,Тверская область,ЦФО,муниципальный округ Селижаровский,муниципальный округ,K5,K5,—,стабильный
1907,Тверская область,ЦФО,муниципальный округ Сонковский,муниципальный округ,K4,K5,—,снижение
1908,Тверская область,ЦФО,муниципальный округ Спировский,муниципальный округ,K5,K5,—,стабильный
1909,Тверская область,ЦФО,муниципальный округ Старицкий,муниципальный округ,K4,K5,—,снижение
1910,Тверская область,ЦФО,муниципальный округ Торопецкий,муниципальный округ,K4,K3,—,рост
1911,Тверская область,ЦФО,муниципальный округ Фировский,муниципальный округ,K5,K5,—,стабильный
1912,Тульская область,ЦФО,Арсеньевский муниципальный район,муниципальный район,K5,K5,—,стабильный
1913,Тульская область,ЦФО,Белевский муниципальный район,муниципальный район,K3,K3,—,стабильный
1914,Тульская область,ЦФО,Богородицкий муниципальный район,муниципальный район,K3,K4,—,снижение
1915,Тульская область,ЦФО,Веневский муниципальный район,муниципальный район,K4,K4,—,стабильный
1916,Тульская область,ЦФО,Воловский муниципальный район,муниципальный район,K4,K4,—,стабильный
1917,Тульская область,ЦФО,Дубенский муниципальный район,муниципальный район,K5,—,—,нет данных
1918,Тульская область,ЦФО,Заокский муниципальный район,муниципальный район,K2,K4,—,снижение
1919,Тульская область,ЦФО,Каменский муниципальный район,муниципальный район,K3,K3,—,стабильный
1920,Тульская область,ЦФО,Кимовский муниципальный район,муниципальный район,K3,K4,—,снижение
1921,Тульская область,ЦФО,Киреевский муниципальный район,муниципальный район,—,K4,—,нет данных
1922,Тульская область,ЦФО,Куркинский муниципальный район,муниципальный район,K4,K4,—,стабильный
1923,Тульская область,ЦФО,Одоевский муниципальный район,муниципальный район,K4,K3,—,рост
1924,Тульская область,ЦФО,Плавский муниципальный район,муниципальный район,K4,K4,—,стабильный
1925,Тульская область,ЦФО,Суворовский муниципальный район,муниципальный район,K1,K4,—,снижение
1926,Тульская область,ЦФО,Тепло-Огаревский муниципальный район,муниципальный район,K3,K3,—,стабильный
1927,Тульская область,ЦФО,Узловский муниципальный район,муниципальный район,K3,K2,—,рост
1928,Тульская область,ЦФО,Чернский муниципальный район,муниципальный район,K3,K4,—,снижение
1929,Тульская область,ЦФО,Щекинский муниципальный район,муниципальный район,K2,K2,—,стабильный
1930,Тульская область,ЦФО,Ясногорский муниципальный район,муниципальный район,K4,K2,—,рост
1931,Тульская область,ЦФО,городской округ Славный,городской округ,K4,K4,—,стабильный
1932,Тульская область,ЦФО,городской округ город Алексин,городской округ,K2,K2,—,стабильный
1933,Тульская область,ЦФО,городской округ город Донской,городской округ,K3,K4,—,снижение
1934,Тульская область,ЦФО,городской округ город Ефремов,городской округ,K2,K2,—,стабильный
1935,Тульская область,ЦФО,городской округ город Новомосковск,городской округ,K2,K2,—,стабильный
1936,Тульская область,ЦФО,городской округ рабочий поселок Новогуровский,городской округ,K1,K1,—,стабильный
1937,Ярославская область,ЦФО,Большесельский муниципальный район,муниципальный район,K5,K3,K3,рост
1938,Ярославская область,ЦФО,Борисоглебский муниципальный район,муниципальный район,K3,K3,K3,стабильный
1939,Ярославская область,ЦФО,Брейтовский муниципальный район,муниципальный район,K3,K5,K5,снижение
1940,Ярославская область,ЦФО,Гаврилов-Ямский муниципальный район,муниципальный район,K3,K3,K3,стабильный
1941,Ярославская область,ЦФО,Даниловский муниципальный район,муниципальный район,K3,K5,K3,колебание
1942,Ярославская область,ЦФО,Любимский муниципальный район,муниципальный район,K3,K3,K3,стабильный
1943,Ярославская область,ЦФО,Мышкинский муниципальный район,муниципальный район,K3,K3,K3,стабильный
1944,Ярославская область,ЦФО,Некоузский муниципальный район,муниципальный район,K5,K5,K3,рост
1945,Ярославская область,ЦФО,Некрасовский муниципальный район,муниципальный район,K5,K5,K4,рост
1946,Ярославская область,ЦФО,Первомайский муниципальный район,муниципальный район,K5,K5,K3,рост
1947,Ярославская область,ЦФО,Пошехонский муниципальный район,муниципальный район,K5,K5,K5,стабильный
1948,Ярославская область,ЦФО,Ростовский муниципальный район,муниципальный район,K3,K4,K4,снижение
1949,Ярославская область,ЦФО,Рыбинский муниципальный район,муниципальный район,K3,K3,K1,рост
1950,Ярославская область,ЦФО,Тутаевский муниципальный район,муниципальный район,K3,K3,K3,стабильный
1951,Ярославская область,ЦФО,Угличский муниципальный район,муниципальный район,K3,K3,K3,стабильный
1952,Ярославская область,ЦФО,Ярославский муниципальный район,муниципальный район,K4,K2,K1,рост
1953,Ярославская область,ЦФО,городской округ город Рыбинск,городской округ,K2,K2,K1,рост
1954,Ярославская область,ЦФО,городской округ город Ярославль,городской округ,K2,K2,K2,стабильный
1955,Астраханская область,ЮФО,Ахтубинский муниципальный район,муниципальный район,K3,K3,K3,стабильный
1956,Астраханская область,ЮФО,Володарский муниципальный район,муниципальный район,K5,K5,K5,стабильный
1957,Астраханская область,ЮФО,Енотаевский муниципальный район,муниципальный район,K5,K4,K4,рост
1958,Астраханская область,ЮФО,Икрянинский муниципальный район,муниципальный район,K3,K4,K5,снижение
1959,Астраханская область,ЮФО,Камызякский муниципальный район,муниципальный район,K4,K5,K5,снижение
1960,Астраханская область,ЮФО,Красноярский муниципальный район,муниципальный район,K1,K2,K1,колебание
1961,Астраханская область,ЮФО,Лиманский муниципальный район,муниципальный район,K5,K3,K3,рост
1962,Астраханская область,ЮФО,Наримановский муниципальный район,муниципальный район,K3,K1,K3,колебание
1963,Астраханская область,ЮФО,Приволжский муниципальный район,муниципальный район,K5,K5,K4,рост
1964,Астраханская область,ЮФО,Харабалинский муниципальный район,муниципальный район,K5,K3,K4,колебание
1965,Астраханская область,ЮФО,Черноярский муниципальный район,муниципальный район,K5,K3,K4,колебание
1966,Астраханская область,ЮФО,городской округ город Астрахань,городской округ,K2,K2,K1,рост
1967,Волгоградская область,ЮФО,Алексеевский муниципальный район,муниципальный район,K3,K3,K3,стабильный
1968,Волгоградская область,ЮФО,Быковский муниципальный район,муниципальный район,K3,K5,K3,колебание
1969,Волгоградская область,ЮФО,Городищенский муниципальный район,муниципальный район,K3,K3,K1,рост
1970,Волгоградская область,ЮФО,Даниловский муниципальный район,муниципальный район,K3,K4,K3,колебание
1971,Волгоградская область,ЮФО,Дубовский муниципальный район,муниципальный район,K5,K5,K3,рост
1972,Волгоградская область,ЮФО,Еланский муниципальный район,муниципальный район,K3,K4,K3,колебание
1973,Волгоградская область,ЮФО,Жирновский муниципальный район,муниципальный район,K4,K4,K3,рост
1974,Волгоградская область,ЮФО,Иловлинский муниципальный район,муниципальный район,K3,K3,K3,стабильный
1975,Волгоградская область,ЮФО,Калачевский муниципальный район,муниципальный район,K5,K4,K3,рост
1976,Волгоградская область,ЮФО,Камышинский муниципальный район,муниципальный район,K5,K3,K5,колебание
1977,Волгоградская область,ЮФО,Киквидзенский муниципальный район,муниципальный район,K5,K5,K5,стабильный
1978,Волгоградская область,ЮФО,Клетский муниципальный район,муниципальный район,K3,K3,K3,стабильный
1979,Волгоградская область,ЮФО,Котельниковский муниципальный район,муниципальный район,K3,K1,K1,рост
1980,Волгоградская область,ЮФО,Котовский муниципальный район,муниципальный район,K3,K4,K3,колебание
1981,Волгоградская область,ЮФО,Кумылженский муниципальный район,муниципальный район,K3,K5,K5,снижение
1982,Волгоградская область,ЮФО,Ленинский муниципальный район,муниципальный район,K5,K5,K5,стабильный
1983,Волгоградская область,ЮФО,Нехаевский муниципальный район,муниципальный район,K5,K4,K5,колебание
1984,Волгоградская область,ЮФО,Николаевский муниципальный район,муниципальный район,K3,K3,K3,стабильный
1985,Волгоградская область,ЮФО,Новоаннинский муниципальный район,муниципальный район,K3,K3,K3,стабильный
1986,Волгоградская область,ЮФО,Новониколаевский муниципальный район,муниципальный район,K3,K3,K3,стабильный
1987,Волгоградская область,ЮФО,Октябрьский муниципальный район,муниципальный район,K5,K5,K3,рост
1988,Волгоградская область,ЮФО,Ольховский муниципальный район,муниципальный район,—,K5,K3,рост
1989,Волгоградская область,ЮФО,Палласовский муниципальный район,муниципальный район,K5,K5,K5,стабильный
1990,Волгоградская область,ЮФО,Руднянский муниципальный район,муниципальный район,K3,K5,K3,колебание
1991,Волгоградская область,ЮФО,Светлоярский муниципальный район,муниципальный район,K3,K3,K4,снижение
1992,Волгоградская область,ЮФО,Серафимовичский муниципальный район,муниципальный район,K5,K5,K5,стабильный
1993,Волгоградская область,ЮФО,Среднеахтубинский муниципальный район,муниципальный район,K5,K3,K3,рост
1994,Волгоградская область,ЮФО,Старополтавский муниципальный район,муниципальный район,K5,K5,K5,стабильный
1995,Волгоградская область,ЮФО,Суровикинский муниципальный район,муниципальный район,K5,K3,K3,рост
1996,Волгоградская область,ЮФО,Урюпинский муниципальный район,муниципальный район,K5,K3,K3,рост
1997,Волгоградская область,ЮФО,Фроловский муниципальный район,муниципальный район,K3,K4,K5,снижение
1998,Волгоградская область,ЮФО,Чернышковский муниципальный район,муниципальный район,K5,K5,K3,рост
1999,Волгоградская область,ЮФО,городской округ город Волжский,городской округ,K4,K4,K1,рост
2000,Волгоградская область,ЮФО,городской округ город Камышин,городской округ,K4,K4,K3,рост
2001,Волгоградская область,ЮФО,городской округ город Михайловка,городской округ,K4,K4,K3,рост
2002,Волгоградская область,ЮФО,городской округ город Урюпинск,городской округ,K4,K4,K3,рост
2003,Волгоградская область,ЮФО,городской округ город Фролово,городской округ,K4,K4,K3,рост
2004,Волгоградская область,ЮФО,городской округ город-герой Волгоград,городской округ,K2,K4,K1,колебание
2005,Краснодарский край,ЮФО,Абинский муниципальный район,муниципальный район,K4,K4,K4,стабильный
2006,Краснодарский край,ЮФО,Апшеронский муниципальный район,муниципальный район,K3,K4,K4,снижение
2007,Краснодарский край,ЮФО,Белоглинский муниципальный район,муниципальный район,K4,K4,K4,стабильный
2008,Краснодарский край,ЮФО,Белореченский муниципальный район,муниципальный район,K4,K4,K4,стабильный
2009,Краснодарский край,ЮФО,Брюховецкий муниципальный район,муниципальный район,K4,K3,K4,колебание
2010,Краснодарский край,ЮФО,Выселковский муниципальный район,муниципальный район,K4,K2,K2,рост
2011,Краснодарский край,ЮФО,Гулькевичский муниципальный район,муниципальный район,K4,K4,K4,стабильный
2012,Краснодарский край,ЮФО,Динской муниципальный район,муниципальный район,K4,K4,K4,стабильный
2013,Краснодарский край,ЮФО,Ейский муниципальный район,муниципальный район,K4,K4,K4,стабильный
2014,Краснодарский край,ЮФО,Кавказский муниципальный район,муниципальный район,K4,K4,K2,рост
2015,Краснодарский край,ЮФО,Калининский муниципальный район,муниципальный район,K4,K4,K4,стабильный
2016,Краснодарский край,ЮФО,Каневской муниципальный район,муниципальный район,K4,K4,K4,стабильный
2017,Краснодарский край,ЮФО,Кореновский муниципальный район,муниципальный район,K4,K4,K4,стабильный
2018,Краснодарский край,ЮФО,Красноармейский муниципальный район,муниципальный район,K4,K4,K4,стабильный
2019,Краснодарский край,ЮФО,Крыловский муниципальный район,муниципальный район,K5,K4,K4,рост
2020,Краснодарский край,ЮФО,Крымский муниципальный район,муниципальный район,K4,K4,K4,стабильный
2021,Краснодарский край,ЮФО,Курганинский муниципальный район,муниципальный район,K4,K4,K4,стабильный
2022,Краснодарский край,ЮФО,Кущевский муниципальный район,муниципальный район,K4,K4,K4,стабильный
2023,Краснодарский край,ЮФО,Лабинский муниципальный район,муниципальный район,K4,K4,K4,стабильный
2024,Краснодарский край,ЮФО,Ленинградский муниципальный район,муниципальный район,K2,K4,K2,колебание
2025,Краснодарский край,ЮФО,Мостовский муниципальный район,муниципальный район,K3,K3,K3,стабильный
2026,Краснодарский край,ЮФО,Новокубанский муниципальный район,муниципальный район,K3,K4,K4,снижение
2027,Краснодарский край,ЮФО,Новопокровский муниципальный район,муниципальный район,K3,K4,K4,снижение
2028,Краснодарский край,ЮФО,Отрадненский муниципальный район,муниципальный район,K5,K4,K4,рост
2029,Краснодарский край,ЮФО,Павловский муниципальный район,муниципальный район,K4,K4,K4,стабильный
2030,Краснодарский край,ЮФО,Приморско-Ахтарский муниципальный район,муниципальный район,K4,K5,K4,колебание
2031,Краснодарский край,ЮФО,Северский муниципальный район,муниципальный район,K2,K2,K2,стабильный
2032,Краснодарский край,ЮФО,Славянский муниципальный район,муниципальный район,K2,K2,K1,рост
2033,Краснодарский край,ЮФО,Староминский муниципальный район,муниципальный район,K4,K4,K4,стабильный
2034,Краснодарский край,ЮФО,Тбилисский муниципальный район,муниципальный район,K4,K4,K4,стабильный
2035,Краснодарский край,ЮФО,Темрюкский муниципальный район,муниципальный район,K4,K2,K2,рост
2036,Краснодарский край,ЮФО,Тимашевский муниципальный район,муниципальный район,K2,K2,K4,снижение
2037,Краснодарский край,ЮФО,Тихорецкий муниципальный район,муниципальный район,K2,K4,K2,колебание
2038,Краснодарский край,ЮФО,Туапсинский муниципальный район,муниципальный район,K2,K2,K2,стабильный
2039,Краснодарский край,ЮФО,Успенский муниципальный район,муниципальный район,K3,K3,K3,стабильный
2040,Краснодарский край,ЮФО,Усть-Лабинский муниципальный район,муниципальный район,K2,K4,K4,снижение
2041,Краснодарский край,ЮФО,Щербиновский муниципальный район,муниципальный район,K4,K4,K4,стабильный
2042,Краснодарский край,ЮФО,городской округ город Армавир,городской округ,K4,K4,K4,стабильный
2043,Краснодарский край,ЮФО,городской округ город Горячий Ключ,городской округ,K4,K4,K3,рост
2044,Краснодарский край,ЮФО,городской округ город Краснодар,городской округ,K2,K2,K1,рост
2045,Краснодарский край,ЮФО,городской округ город Новороссийск,городской округ,K2,K2,K2,стабильный
2046,Краснодарский край,ЮФО,городской округ город-курорт Анапа,городской округ,K2,K2,K4,снижение
2047,Краснодарский край,ЮФО,городской округ город-курорт Геленджик,городской округ,K2,K2,K4,снижение
2048,Республика Адыгея,ЮФО,Гиагинский муниципальный район,муниципальный район,K4,K1,K4,колебание
2049,Республика Адыгея,ЮФО,Кошехабльский муниципальный район,муниципальный район,K4,K3,K3,рост
2050,Республика Адыгея,ЮФО,Красногвардейский муниципальный район,муниципальный район,K5,K5,K3,рост
2051,Республика Адыгея,ЮФО,Майкопский муниципальный район,муниципальный район,K4,K4,K4,стабильный
2052,Республика Адыгея,ЮФО,Тахтамукайский муниципальный район,муниципальный район,K2,K4,K4,снижение
2053,Республика Адыгея,ЮФО,Теучежский муниципальный район,муниципальный район,K4,K3,K1,рост
2054,Республика Адыгея,ЮФО,Шовгеновский муниципальный район,муниципальный район,K5,K5,K5,стабильный
2055,Республика Адыгея,ЮФО,городской округ город Адыгейск,городской округ,K5,K5,K4,рост
2056,Республика Адыгея,ЮФО,городской округ город Майкоп,городской округ,K2,K4,K4,снижение
2057,Республика Калмыкия,ЮФО,Городовиковский муниципальный район,муниципальный район,K4,—,—,нет данных
2058,Республика Калмыкия,ЮФО,Ики-Бурульский муниципальный район,муниципальный район,K4,—,—,нет данных
2059,Республика Калмыкия,ЮФО,Кетченеровский муниципальный район,муниципальный район,K4,—,—,нет данных
2060,Республика Калмыкия,ЮФО,Лаганский муниципальный район,муниципальный район,K4,—,—,нет данных
2061,Республика Калмыкия,ЮФО,Малодербетовский муниципальный район,муниципальный район,K5,—,—,нет данных
2062,Республика Калмыкия,ЮФО,Октябрьский муниципальный район,муниципальный район,K5,—,—,нет данных
2063,Республика Калмыкия,ЮФО,Приютненский муниципальный район,муниципальный район,K4,—,—,нет данных
2064,Республика Калмыкия,ЮФО,Сарпинский муниципальный район,муниципальный район,K4,—,—,нет данных
2065,Республика Калмыкия,ЮФО,Целинный муниципальный район,муниципальный район,K5,—,—,нет данных
2066,Республика Калмыкия,ЮФО,Черноземельский муниципальный район,муниципальный район,K2,—,—,нет данных
2067,Республика Калмыкия,ЮФО,Юстинский муниципальный район,муниципальный район,K2,—,—,нет данных
2068,Республика Калмыкия,ЮФО,Яшалтинский муниципальный район,муниципальный район,K4,—,—,нет данных
2069,Республика Калмыкия,ЮФО,Яшкульский муниципальный район,муниципальный район,K4,—,—,нет данных
2070,Республика Калмыкия,ЮФО,городской округ город Элиста,городской округ,K2,K4,—,снижение
2071,Республика Крым,ЮФО,Бахчисарайский муниципальный район,муниципальный район,—,K3,K4,снижение
2072,Республика Крым,ЮФО,Белогорский муниципальный район,муниципальный район,—,K5,K4,рост
2073,Республика Крым,ЮФО,Джанкойский муниципальный район,муниципальный район,—,K5,K5,стабильный
2074,Республика Крым,ЮФО,Кировский муниципальный район,муниципальный район,—,K5,K5,стабильный
2075,Республика Крым,ЮФО,Красногвардейский муниципальный район,муниципальный район,—,K3,K4,снижение
2076,Республика Крым,ЮФО,Красноперекопский муниципальный район,муниципальный район,—,K5,K5,стабильный
2077,Республика Крым,ЮФО,Ленинский муниципальный район,муниципальный район,—,K5,K5,стабильный
2078,Республика Крым,ЮФО,Нижнегорский муниципальный район,муниципальный район,—,K5,K5,стабильный
2079,Республика Крым,ЮФО,Первомайский муниципальный район,муниципальный район,—,K5,K5,стабильный
2080,Республика Крым,ЮФО,Раздольненский муниципальный район,муниципальный район,—,K5,K5,стабильный
2081,Республика Крым,ЮФО,Сакский муниципальный район,муниципальный район,—,K5,K5,стабильный
2082,Республика Крым,ЮФО,Симферопольский муниципальный район,муниципальный район,—,K5,K4,рост
2083,Республика Крым,ЮФО,Советский муниципальный район,муниципальный район,—,K5,K5,стабильный
2084,Республика Крым,ЮФО,Черноморский муниципальный район,муниципальный район,—,K5,K5,стабильный
2085,Республика Крым,ЮФО,городской округ Алушта,городской округ,—,K2,K2,стабильный
2086,Республика Крым,ЮФО,городской округ Армянск,городской округ,—,K3,K3,стабильный
2087,Республика Крым,ЮФО,городской округ Джанкой,городской округ,—,K4,K4,стабильный
2088,Республика Крым,ЮФО,городской округ Евпатория,городской округ,—,K4,K4,стабильный
2089,Республика Крым,ЮФО,городской округ Керчь,городской округ,—,K4,K4,стабильный
2090,Республика Крым,ЮФО,городской округ Красноперекопск,городской округ,—,K4,K4,стабильный
2091,Республика Крым,ЮФО,городской округ Саки,городской округ,—,K3,K4,снижение
2092,Республика Крым,ЮФО,городской округ Симферополь,городской округ,—,K4,K2,рост
2093,Республика Крым,ЮФО,городской округ Судак,городской округ,—,K4,K3,рост
2094,Республика Крым,ЮФО,городской округ Феодосия,городской округ,—,K4,K4,стабильный
2095,Республика Крым,ЮФО,городской округ Ялта,городской округ,—,K2,K2,стабильный
2096,Ростовская область,ЮФО,Азовский муниципальный район,муниципальный район,K3,K3,K4,снижение
2097,Ростовская область,ЮФО,Аксайский муниципальный район,муниципальный район,K4,K1,K1,рост
2098,Ростовская область,ЮФО,Багаевский муниципальный район,муниципальный район,K5,K5,K3,рост
2099,Ростовская область,ЮФО,Белокалитвинский муниципальный район,муниципальный район,K3,K3,K3,стабильный
2100,Ростовская область,ЮФО,Боковский муниципальный район,муниципальный район,K5,K5,K5,стабильный
2101,Ростовская область,ЮФО,Верхнедонской муниципальный район,муниципальный район,K5,K3,K3,рост
2102,Ростовская область,ЮФО,Веселовский муниципальный район,муниципальный район,K3,K4,K4,снижение
2103,Ростовская область,ЮФО,Волгодонской муниципальный район,муниципальный район,K5,K5,K5,стабильный
2104,Ростовская область,ЮФО,Дубовский муниципальный район,муниципальный район,K3,K5,K3,колебание
2105,Ростовская область,ЮФО,Егорлыкский муниципальный район,муниципальный район,K5,K5,K5,стабильный
2106,Ростовская область,ЮФО,Заветинский муниципальный район,муниципальный район,K5,K5,K5,стабильный
2107,Ростовская область,ЮФО,Зерноградский муниципальный район,муниципальный район,K3,K3,K3,стабильный
2108,Ростовская область,ЮФО,Зимовниковский муниципальный район,муниципальный район,K5,K3,K4,колебание
2109,Ростовская область,ЮФО,Кагальницкий муниципальный район,муниципальный район,K3,K3,K3,стабильный
2110,Ростовская область,ЮФО,Каменский муниципальный район,муниципальный район,K4,K3,K3,рост
2111,Ростовская область,ЮФО,Кашарский муниципальный район,муниципальный район,K5,K3,K3,рост
2112,Ростовская область,ЮФО,Константиновский муниципальный район,муниципальный район,K5,K5,K5,стабильный
2113,Ростовская область,ЮФО,Красносулинский муниципальный район,муниципальный район,K3,K1,K1,рост
2114,Ростовская область,ЮФО,Куйбышевский муниципальный район,муниципальный район,K5,K5,K3,рост
2115,Ростовская область,ЮФО,Мартыновский муниципальный район,муниципальный район,K5,K5,K5,стабильный
2116,Ростовская область,ЮФО,Матвеево-Курганский муниципальный район,муниципальный район,K5,K5,K4,рост
2117,Ростовская область,ЮФО,Миллеровский муниципальный район,муниципальный район,K3,K3,K3,стабильный
2118,Ростовская область,ЮФО,Милютинский муниципальный район,муниципальный район,K3,K5,K3,колебание
2119,Ростовская область,ЮФО,Морозовский муниципальный район,муниципальный район,K3,K3,K3,стабильный
2120,Ростовская область,ЮФО,Мясниковский муниципальный район,муниципальный район,K4,K4,K4,стабильный
2121,Ростовская область,ЮФО,Неклиновский муниципальный район,муниципальный район,K5,K5,K3,рост
2122,Ростовская область,ЮФО,Обливский муниципальный район,муниципальный район,K5,K5,K5,стабильный
2123,Ростовская область,ЮФО,Октябрьский муниципальный район,муниципальный район,K3,K3,K4,снижение
2124,Ростовская область,ЮФО,Орловский муниципальный район,муниципальный район,K3,K4,K4,снижение
2125,Ростовская область,ЮФО,Песчанокопский муниципальный район,муниципальный район,K3,K3,K3,стабильный
2126,Ростовская область,ЮФО,Пролетарский муниципальный район,муниципальный район,K4,K3,K3,рост
2127,Ростовская область,ЮФО,Ремонтненский муниципальный район,муниципальный район,K5,K5,K4,рост
2128,Ростовская область,ЮФО,Родионово-Несветайский муниципальный район,муниципальный район,K5,K3,K3,рост
2129,Ростовская область,ЮФО,Сальский муниципальный район,муниципальный район,K3,K3,K3,стабильный
2130,Ростовская область,ЮФО,Семикаракорский муниципальный район,муниципальный район,K3,K3,K3,стабильный
2131,Ростовская область,ЮФО,Советский муниципальный район,муниципальный район,K5,K5,K5,стабильный
2132,Ростовская область,ЮФО,Тарасовский муниципальный район,муниципальный район,K5,K4,K3,рост
2133,Ростовская область,ЮФО,Тацинский муниципальный район,муниципальный район,K3,K3,K3,стабильный
2134,Ростовская область,ЮФО,Усть-Донецкий муниципальный район,муниципальный район,K3,K5,K5,снижение
2135,Ростовская область,ЮФО,Целинский муниципальный район,муниципальный район,K3,K4,K3,колебание
2136,Ростовская область,ЮФО,Цимлянский муниципальный район,муниципальный район,K3,K3,K3,стабильный
2137,Ростовская область,ЮФО,Чертковский муниципальный район,муниципальный район,K3,K3,K3,стабильный
2138,Ростовская область,ЮФО,Шолоховский муниципальный район,муниципальный район,K5,K5,K5,стабильный
2139,Ростовская область,ЮФО,городской округ город Азов,городской округ,K2,K4,K1,колебание
2140,Ростовская область,ЮФО,городской округ город Батайск,городской округ,K2,K4,K4,снижение
2141,Ростовская область,ЮФО,городской округ город Волгодонск,городской округ,K2,K2,K2,стабильный
2142,Ростовская область,ЮФО,городской округ город Гуково,городской округ,K5,K5,K5,стабильный
2143,Ростовская область,ЮФО,городской округ город Донецк,городской округ,K4,K5,K5,снижение
2144,Ростовская область,ЮФО,городской округ город Зверево,городской округ,K4,K3,K4,колебание
2145,Ростовская область,ЮФО,городской округ город Каменск-Шахтинский,городской округ,K2,K4,K4,снижение
2146,Ростовская область,ЮФО,городской округ город Новочеркасск,городской округ,K2,K2,K1,рост
2147,Ростовская область,ЮФО,городской округ город Новошахтинск,городской округ,K3,K5,K3,колебание
2148,Ростовская область,ЮФО,городской округ город Ростов-на-Дону,городской округ,K2,K2,K2,стабильный
2149,Ростовская область,ЮФО,городской округ город Таганрог,городской округ,K2,K4,K4,снижение
2150,Ростовская область,ЮФО,городской округ город Шахты,городской округ,K4,K4,K4,стабильный
